-- phpMyAdmin SQL Dump
-- version 5.2.0
-- https://www.phpmyadmin.net/
--
-- Host: 127.0.0.1
-- Generation Time: Jan 26, 2023 at 10:24 AM
-- Server version: 10.4.27-MariaDB
-- PHP Version: 8.1.12

SET SQL_MODE = "NO_AUTO_VALUE_ON_ZERO";
START TRANSACTION;
SET time_zone = "+00:00";


/*!40101 SET @OLD_CHARACTER_SET_CLIENT=@@CHARACTER_SET_CLIENT */;
/*!40101 SET @OLD_CHARACTER_SET_RESULTS=@@CHARACTER_SET_RESULTS */;
/*!40101 SET @OLD_COLLATION_CONNECTION=@@COLLATION_CONNECTION */;
/*!40101 SET NAMES utf8mb4 */;

--
-- Database: `react-ecommerce-backend`
--

-- --------------------------------------------------------

--
-- Table structure for table `admin_permissions`
--

CREATE TABLE `admin_permissions` (
  `id` int(10) UNSIGNED NOT NULL,
  `action` varchar(255) DEFAULT NULL,
  `subject` varchar(255) DEFAULT NULL,
  `properties` longtext CHARACTER SET utf8mb4 COLLATE utf8mb4_bin DEFAULT NULL CHECK (json_valid(`properties`)),
  `conditions` longtext CHARACTER SET utf8mb4 COLLATE utf8mb4_bin DEFAULT NULL CHECK (json_valid(`conditions`)),
  `created_at` datetime(6) DEFAULT NULL,
  `updated_at` datetime(6) DEFAULT NULL,
  `created_by_id` int(10) UNSIGNED DEFAULT NULL,
  `updated_by_id` int(10) UNSIGNED DEFAULT NULL
) ENGINE=InnoDB DEFAULT CHARSET=utf8mb4 COLLATE=utf8mb4_general_ci;

--
-- Dumping data for table `admin_permissions`
--

INSERT INTO `admin_permissions` (`id`, `action`, `subject`, `properties`, `conditions`, `created_at`, `updated_at`, `created_by_id`, `updated_by_id`) VALUES
(1, 'plugin::upload.read', NULL, '{}', '[]', '2023-01-21 11:13:36.947000', '2023-01-21 11:13:36.947000', NULL, NULL),
(2, 'plugin::upload.configure-view', NULL, '{}', '[]', '2023-01-21 11:13:36.959000', '2023-01-21 11:13:36.959000', NULL, NULL),
(3, 'plugin::upload.assets.create', NULL, '{}', '[]', '2023-01-21 11:13:36.970000', '2023-01-21 11:13:36.970000', NULL, NULL),
(4, 'plugin::upload.assets.update', NULL, '{}', '[]', '2023-01-21 11:13:36.980000', '2023-01-21 11:13:36.980000', NULL, NULL),
(5, 'plugin::upload.assets.download', NULL, '{}', '[]', '2023-01-21 11:13:36.989000', '2023-01-21 11:13:36.989000', NULL, NULL),
(6, 'plugin::upload.assets.copy-link', NULL, '{}', '[]', '2023-01-21 11:13:36.998000', '2023-01-21 11:13:36.998000', NULL, NULL),
(7, 'plugin::upload.read', NULL, '{}', '[\"admin::is-creator\"]', '2023-01-21 11:13:37.009000', '2023-01-21 11:13:37.009000', NULL, NULL),
(8, 'plugin::upload.configure-view', NULL, '{}', '[]', '2023-01-21 11:13:37.018000', '2023-01-21 11:13:37.018000', NULL, NULL),
(9, 'plugin::upload.assets.create', NULL, '{}', '[]', '2023-01-21 11:13:37.027000', '2023-01-21 11:13:37.027000', NULL, NULL),
(10, 'plugin::upload.assets.update', NULL, '{}', '[\"admin::is-creator\"]', '2023-01-21 11:13:37.037000', '2023-01-21 11:13:37.037000', NULL, NULL),
(11, 'plugin::upload.assets.download', NULL, '{}', '[]', '2023-01-21 11:13:37.046000', '2023-01-21 11:13:37.046000', NULL, NULL),
(12, 'plugin::upload.assets.copy-link', NULL, '{}', '[]', '2023-01-21 11:13:37.056000', '2023-01-21 11:13:37.056000', NULL, NULL),
(16, 'plugin::content-manager.explorer.delete', 'plugin::users-permissions.user', '{}', '[]', '2023-01-21 11:13:37.152000', '2023-01-21 11:13:37.152000', NULL, NULL),
(17, 'plugin::content-manager.single-types.configure-view', NULL, '{}', '[]', '2023-01-21 11:13:37.165000', '2023-01-21 11:13:37.165000', NULL, NULL),
(18, 'plugin::content-manager.collection-types.configure-view', NULL, '{}', '[]', '2023-01-21 11:13:37.180000', '2023-01-21 11:13:37.180000', NULL, NULL),
(19, 'plugin::content-manager.components.configure-layout', NULL, '{}', '[]', '2023-01-21 11:13:37.193000', '2023-01-21 11:13:37.193000', NULL, NULL),
(20, 'plugin::content-type-builder.read', NULL, '{}', '[]', '2023-01-21 11:13:37.207000', '2023-01-21 11:13:37.207000', NULL, NULL),
(21, 'plugin::email.settings.read', NULL, '{}', '[]', '2023-01-21 11:13:37.219000', '2023-01-21 11:13:37.219000', NULL, NULL),
(22, 'plugin::upload.read', NULL, '{}', '[]', '2023-01-21 11:13:37.237000', '2023-01-21 11:13:37.237000', NULL, NULL),
(23, 'plugin::upload.assets.create', NULL, '{}', '[]', '2023-01-21 11:13:37.250000', '2023-01-21 11:13:37.250000', NULL, NULL),
(24, 'plugin::upload.assets.update', NULL, '{}', '[]', '2023-01-21 11:13:37.264000', '2023-01-21 11:13:37.264000', NULL, NULL),
(25, 'plugin::upload.assets.download', NULL, '{}', '[]', '2023-01-21 11:13:37.276000', '2023-01-21 11:13:37.276000', NULL, NULL),
(26, 'plugin::upload.assets.copy-link', NULL, '{}', '[]', '2023-01-21 11:13:37.289000', '2023-01-21 11:13:37.289000', NULL, NULL),
(27, 'plugin::upload.configure-view', NULL, '{}', '[]', '2023-01-21 11:13:37.304000', '2023-01-21 11:13:37.304000', NULL, NULL),
(28, 'plugin::upload.settings.read', NULL, '{}', '[]', '2023-01-21 11:13:37.318000', '2023-01-21 11:13:37.318000', NULL, NULL),
(29, 'plugin::users-permissions.roles.create', NULL, '{}', '[]', '2023-01-21 11:13:37.331000', '2023-01-21 11:13:37.331000', NULL, NULL),
(30, 'plugin::users-permissions.roles.read', NULL, '{}', '[]', '2023-01-21 11:13:37.342000', '2023-01-21 11:13:37.342000', NULL, NULL),
(31, 'plugin::users-permissions.roles.update', NULL, '{}', '[]', '2023-01-21 11:13:37.355000', '2023-01-21 11:13:37.355000', NULL, NULL),
(32, 'plugin::users-permissions.roles.delete', NULL, '{}', '[]', '2023-01-21 11:13:37.368000', '2023-01-21 11:13:37.368000', NULL, NULL),
(33, 'plugin::users-permissions.providers.read', NULL, '{}', '[]', '2023-01-21 11:13:37.380000', '2023-01-21 11:13:37.380000', NULL, NULL),
(34, 'plugin::users-permissions.providers.update', NULL, '{}', '[]', '2023-01-21 11:13:37.394000', '2023-01-21 11:13:37.394000', NULL, NULL),
(35, 'plugin::users-permissions.email-templates.read', NULL, '{}', '[]', '2023-01-21 11:13:37.406000', '2023-01-21 11:13:37.406000', NULL, NULL),
(36, 'plugin::users-permissions.email-templates.update', NULL, '{}', '[]', '2023-01-21 11:13:37.418000', '2023-01-21 11:13:37.418000', NULL, NULL),
(37, 'plugin::users-permissions.advanced-settings.read', NULL, '{}', '[]', '2023-01-21 11:13:37.430000', '2023-01-21 11:13:37.430000', NULL, NULL),
(38, 'plugin::users-permissions.advanced-settings.update', NULL, '{}', '[]', '2023-01-21 11:13:37.442000', '2023-01-21 11:13:37.442000', NULL, NULL),
(39, 'plugin::i18n.locale.create', NULL, '{}', '[]', '2023-01-21 11:13:37.454000', '2023-01-21 11:13:37.454000', NULL, NULL),
(40, 'plugin::i18n.locale.read', NULL, '{}', '[]', '2023-01-21 11:13:37.467000', '2023-01-21 11:13:37.467000', NULL, NULL),
(41, 'plugin::i18n.locale.update', NULL, '{}', '[]', '2023-01-21 11:13:37.479000', '2023-01-21 11:13:37.479000', NULL, NULL),
(42, 'plugin::i18n.locale.delete', NULL, '{}', '[]', '2023-01-21 11:13:37.491000', '2023-01-21 11:13:37.491000', NULL, NULL),
(43, 'admin::marketplace.read', NULL, '{}', '[]', '2023-01-21 11:13:37.503000', '2023-01-21 11:13:37.503000', NULL, NULL),
(44, 'admin::marketplace.plugins.install', NULL, '{}', '[]', '2023-01-21 11:13:37.517000', '2023-01-21 11:13:37.517000', NULL, NULL),
(45, 'admin::marketplace.plugins.uninstall', NULL, '{}', '[]', '2023-01-21 11:13:37.530000', '2023-01-21 11:13:37.530000', NULL, NULL),
(46, 'admin::webhooks.create', NULL, '{}', '[]', '2023-01-21 11:13:37.545000', '2023-01-21 11:13:37.545000', NULL, NULL),
(47, 'admin::webhooks.read', NULL, '{}', '[]', '2023-01-21 11:13:37.557000', '2023-01-21 11:13:37.557000', NULL, NULL),
(48, 'admin::webhooks.update', NULL, '{}', '[]', '2023-01-21 11:13:37.569000', '2023-01-21 11:13:37.569000', NULL, NULL),
(49, 'admin::webhooks.delete', NULL, '{}', '[]', '2023-01-21 11:13:37.580000', '2023-01-21 11:13:37.580000', NULL, NULL),
(50, 'admin::users.create', NULL, '{}', '[]', '2023-01-21 11:13:37.592000', '2023-01-21 11:13:37.592000', NULL, NULL),
(51, 'admin::users.read', NULL, '{}', '[]', '2023-01-21 11:13:37.603000', '2023-01-21 11:13:37.603000', NULL, NULL),
(52, 'admin::users.update', NULL, '{}', '[]', '2023-01-21 11:13:37.615000', '2023-01-21 11:13:37.615000', NULL, NULL),
(53, 'admin::users.delete', NULL, '{}', '[]', '2023-01-21 11:13:37.626000', '2023-01-21 11:13:37.626000', NULL, NULL),
(54, 'admin::roles.create', NULL, '{}', '[]', '2023-01-21 11:13:37.638000', '2023-01-21 11:13:37.638000', NULL, NULL),
(55, 'admin::roles.read', NULL, '{}', '[]', '2023-01-21 11:13:37.649000', '2023-01-21 11:13:37.649000', NULL, NULL),
(56, 'admin::roles.update', NULL, '{}', '[]', '2023-01-21 11:13:37.664000', '2023-01-21 11:13:37.664000', NULL, NULL),
(57, 'admin::roles.delete', NULL, '{}', '[]', '2023-01-21 11:13:37.677000', '2023-01-21 11:13:37.677000', NULL, NULL),
(58, 'admin::api-tokens.access', NULL, '{}', '[]', '2023-01-21 11:13:37.690000', '2023-01-21 11:13:37.690000', NULL, NULL),
(59, 'admin::api-tokens.create', NULL, '{}', '[]', '2023-01-21 11:13:37.702000', '2023-01-21 11:13:37.702000', NULL, NULL),
(60, 'admin::api-tokens.read', NULL, '{}', '[]', '2023-01-21 11:13:37.714000', '2023-01-21 11:13:37.714000', NULL, NULL),
(61, 'admin::api-tokens.update', NULL, '{}', '[]', '2023-01-21 11:13:37.725000', '2023-01-21 11:13:37.725000', NULL, NULL),
(62, 'admin::api-tokens.regenerate', NULL, '{}', '[]', '2023-01-21 11:13:37.736000', '2023-01-21 11:13:37.736000', NULL, NULL),
(63, 'admin::api-tokens.delete', NULL, '{}', '[]', '2023-01-21 11:13:37.747000', '2023-01-21 11:13:37.747000', NULL, NULL),
(64, 'admin::project-settings.update', NULL, '{}', '[]', '2023-01-21 11:13:37.758000', '2023-01-21 11:13:37.758000', NULL, NULL),
(65, 'admin::project-settings.read', NULL, '{}', '[]', '2023-01-21 11:13:37.768000', '2023-01-21 11:13:37.768000', NULL, NULL),
(69, 'plugin::content-manager.explorer.delete', 'api::order.order', '{}', '[]', '2023-01-21 11:29:35.642000', '2023-01-21 11:29:35.642000', NULL, NULL),
(70, 'plugin::content-manager.explorer.publish', 'api::order.order', '{}', '[]', '2023-01-21 11:29:35.651000', '2023-01-21 11:29:35.651000', NULL, NULL),
(74, 'plugin::content-manager.explorer.delete', 'api::product.product', '{}', '[]', '2023-01-21 11:59:17.146000', '2023-01-21 11:59:17.146000', NULL, NULL),
(75, 'plugin::content-manager.explorer.publish', 'api::product.product', '{}', '[]', '2023-01-21 11:59:17.167000', '2023-01-21 11:59:17.167000', NULL, NULL),
(82, 'plugin::content-manager.explorer.delete', 'api::category.category', '{}', '[]', '2023-01-21 12:34:42.538000', '2023-01-21 12:34:42.538000', NULL, NULL),
(83, 'plugin::content-manager.explorer.publish', 'api::category.category', '{}', '[]', '2023-01-21 12:34:42.550000', '2023-01-21 12:34:42.550000', NULL, NULL),
(87, 'plugin::content-manager.explorer.create', 'api::category.category', '{\"fields\":[\"title\",\"desc\",\"image\",\"isfeature\",\"cateId\",\"products\"]}', '[]', '2023-01-21 12:42:24.805000', '2023-01-21 12:42:24.805000', NULL, NULL),
(89, 'plugin::content-manager.explorer.read', 'api::category.category', '{\"fields\":[\"title\",\"desc\",\"image\",\"isfeature\",\"cateId\",\"products\"]}', '[]', '2023-01-21 12:42:24.827000', '2023-01-21 12:42:24.827000', NULL, NULL),
(91, 'plugin::content-manager.explorer.update', 'api::category.category', '{\"fields\":[\"title\",\"desc\",\"image\",\"isfeature\",\"cateId\",\"products\"]}', '[]', '2023-01-21 12:42:24.845000', '2023-01-21 12:42:24.845000', NULL, NULL),
(102, 'plugin::content-manager.explorer.create', 'api::order.order', '{\"fields\":[\"products\",\"orderID\",\"userName\",\"stripeSessionId\"]}', '[]', '2023-01-21 15:08:05.010000', '2023-01-21 15:08:05.010000', NULL, NULL),
(104, 'plugin::content-manager.explorer.create', 'plugin::users-permissions.user', '{\"fields\":[\"username\",\"email\",\"provider\",\"password\",\"resetPasswordToken\",\"confirmationToken\",\"confirmed\",\"blocked\",\"role\"]}', '[]', '2023-01-21 15:08:05.026000', '2023-01-21 15:08:05.026000', NULL, NULL),
(105, 'plugin::content-manager.explorer.read', 'api::order.order', '{\"fields\":[\"products\",\"orderID\",\"userName\",\"stripeSessionId\"]}', '[]', '2023-01-21 15:08:05.031000', '2023-01-21 15:08:05.031000', NULL, NULL),
(107, 'plugin::content-manager.explorer.read', 'plugin::users-permissions.user', '{\"fields\":[\"username\",\"email\",\"provider\",\"password\",\"resetPasswordToken\",\"confirmationToken\",\"confirmed\",\"blocked\",\"role\"]}', '[]', '2023-01-21 15:08:05.044000', '2023-01-21 15:08:05.044000', NULL, NULL),
(108, 'plugin::content-manager.explorer.update', 'api::order.order', '{\"fields\":[\"products\",\"orderID\",\"userName\",\"stripeSessionId\"]}', '[]', '2023-01-21 15:08:05.050000', '2023-01-21 15:08:05.050000', NULL, NULL),
(110, 'plugin::content-manager.explorer.update', 'plugin::users-permissions.user', '{\"fields\":[\"username\",\"email\",\"provider\",\"password\",\"resetPasswordToken\",\"confirmationToken\",\"confirmed\",\"blocked\",\"role\"]}', '[]', '2023-01-21 15:08:05.065000', '2023-01-21 15:08:05.065000', NULL, NULL),
(111, 'plugin::content-manager.explorer.create', 'api::cart.cart', '{\"fields\":[\"userName\",\"products\"]}', '[]', '2023-01-21 15:09:37.299000', '2023-01-21 15:09:37.299000', NULL, NULL),
(112, 'plugin::content-manager.explorer.read', 'api::cart.cart', '{\"fields\":[\"userName\",\"products\"]}', '[]', '2023-01-21 15:09:37.310000', '2023-01-21 15:09:37.310000', NULL, NULL),
(113, 'plugin::content-manager.explorer.update', 'api::cart.cart', '{\"fields\":[\"userName\",\"products\"]}', '[]', '2023-01-21 15:09:37.314000', '2023-01-21 15:09:37.314000', NULL, NULL),
(114, 'plugin::content-manager.explorer.delete', 'api::cart.cart', '{}', '[]', '2023-01-21 15:09:37.319000', '2023-01-21 15:09:37.319000', NULL, NULL),
(115, 'plugin::content-manager.explorer.publish', 'api::cart.cart', '{}', '[]', '2023-01-21 15:09:37.324000', '2023-01-21 15:09:37.324000', NULL, NULL),
(119, 'plugin::content-manager.explorer.create', 'api::product.product', '{\"fields\":[\"title\",\"shortdesc\",\"longDesc\",\"color\",\"regularPrice\",\"salePrice\",\"uid\",\"isfeatured\",\"productImage\",\"categories\",\"isSale\",\"isstock\",\"stockCount\"]}', '[]', '2023-01-23 09:48:04.948000', '2023-01-23 09:48:04.948000', NULL, NULL),
(120, 'plugin::content-manager.explorer.read', 'api::product.product', '{\"fields\":[\"title\",\"shortdesc\",\"longDesc\",\"color\",\"regularPrice\",\"salePrice\",\"uid\",\"isfeatured\",\"productImage\",\"categories\",\"isSale\",\"isstock\",\"stockCount\"]}', '[]', '2023-01-23 09:48:04.959000', '2023-01-23 09:48:04.959000', NULL, NULL),
(121, 'plugin::content-manager.explorer.update', 'api::product.product', '{\"fields\":[\"title\",\"shortdesc\",\"longDesc\",\"color\",\"regularPrice\",\"salePrice\",\"uid\",\"isfeatured\",\"productImage\",\"categories\",\"isSale\",\"isstock\",\"stockCount\"]}', '[]', '2023-01-23 09:48:04.968000', '2023-01-23 09:48:04.968000', NULL, NULL),
(122, 'plugin::content-manager.explorer.create', 'api::wishlist.wishlist', '{\"fields\":[\"user\",\"wishlistData\"]}', '[]', '2023-01-23 10:16:11.173000', '2023-01-23 10:16:11.173000', NULL, NULL),
(123, 'plugin::content-manager.explorer.read', 'api::wishlist.wishlist', '{\"fields\":[\"user\",\"wishlistData\"]}', '[]', '2023-01-23 10:16:11.184000', '2023-01-23 10:16:11.184000', NULL, NULL),
(124, 'plugin::content-manager.explorer.update', 'api::wishlist.wishlist', '{\"fields\":[\"user\",\"wishlistData\"]}', '[]', '2023-01-23 10:16:11.191000', '2023-01-23 10:16:11.191000', NULL, NULL),
(125, 'plugin::content-manager.explorer.delete', 'api::wishlist.wishlist', '{}', '[]', '2023-01-23 10:16:11.197000', '2023-01-23 10:16:11.197000', NULL, NULL),
(126, 'plugin::content-manager.explorer.publish', 'api::wishlist.wishlist', '{}', '[]', '2023-01-23 10:16:11.204000', '2023-01-23 10:16:11.204000', NULL, NULL);

-- --------------------------------------------------------

--
-- Table structure for table `admin_permissions_role_links`
--

CREATE TABLE `admin_permissions_role_links` (
  `id` int(10) UNSIGNED NOT NULL,
  `permission_id` int(10) UNSIGNED DEFAULT NULL,
  `role_id` int(10) UNSIGNED DEFAULT NULL,
  `permission_order` int(10) UNSIGNED DEFAULT NULL
) ENGINE=InnoDB DEFAULT CHARSET=utf8mb4 COLLATE=utf8mb4_general_ci;

--
-- Dumping data for table `admin_permissions_role_links`
--

INSERT INTO `admin_permissions_role_links` (`id`, `permission_id`, `role_id`, `permission_order`) VALUES
(1, 1, 2, 1),
(2, 2, 2, 2),
(3, 3, 2, 3),
(4, 4, 2, 4),
(5, 5, 2, 5),
(6, 6, 2, 6),
(7, 7, 3, 1),
(8, 8, 3, 2),
(9, 9, 3, 3),
(10, 10, 3, 4),
(11, 11, 3, 5),
(12, 12, 3, 6),
(16, 16, 1, 4),
(17, 17, 1, 5),
(18, 18, 1, 6),
(19, 19, 1, 7),
(20, 20, 1, 8),
(21, 21, 1, 9),
(22, 22, 1, 10),
(23, 23, 1, 11),
(24, 24, 1, 12),
(25, 25, 1, 13),
(26, 26, 1, 14),
(27, 27, 1, 15),
(28, 28, 1, 16),
(29, 29, 1, 17),
(30, 30, 1, 18),
(31, 31, 1, 19),
(32, 32, 1, 20),
(33, 33, 1, 21),
(34, 34, 1, 22),
(35, 35, 1, 23),
(36, 36, 1, 24),
(37, 37, 1, 25),
(38, 38, 1, 26),
(39, 39, 1, 27),
(40, 40, 1, 28),
(41, 41, 1, 29),
(42, 42, 1, 30),
(43, 43, 1, 31),
(44, 44, 1, 32),
(45, 45, 1, 33),
(46, 46, 1, 34),
(47, 47, 1, 35),
(48, 48, 1, 36),
(49, 49, 1, 37),
(50, 50, 1, 38),
(51, 51, 1, 39),
(52, 52, 1, 40),
(53, 53, 1, 41),
(54, 54, 1, 42),
(55, 55, 1, 43),
(56, 56, 1, 44),
(57, 57, 1, 45),
(58, 58, 1, 46),
(59, 59, 1, 47),
(60, 60, 1, 48),
(61, 61, 1, 49),
(62, 62, 1, 50),
(63, 63, 1, 51),
(64, 64, 1, 52),
(65, 65, 1, 53),
(69, 69, 1, 57),
(70, 70, 1, 58),
(74, 74, 1, 62),
(75, 75, 1, 63),
(82, 82, 1, 70),
(83, 83, 1, 71),
(87, 87, 1, 72),
(89, 89, 1, 74),
(91, 91, 1, 76),
(102, 102, 1, 77),
(104, 104, 1, 79),
(105, 105, 1, 80),
(107, 107, 1, 82),
(108, 108, 1, 83),
(110, 110, 1, 85),
(111, 111, 1, 86),
(112, 112, 1, 87),
(113, 113, 1, 88),
(114, 114, 1, 89),
(115, 115, 1, 90),
(119, 119, 1, 91),
(120, 120, 1, 92),
(121, 121, 1, 93),
(122, 122, 1, 94),
(123, 123, 1, 95),
(124, 124, 1, 96),
(125, 125, 1, 97),
(126, 126, 1, 98);

-- --------------------------------------------------------

--
-- Table structure for table `admin_roles`
--

CREATE TABLE `admin_roles` (
  `id` int(10) UNSIGNED NOT NULL,
  `name` varchar(255) DEFAULT NULL,
  `code` varchar(255) DEFAULT NULL,
  `description` varchar(255) DEFAULT NULL,
  `created_at` datetime(6) DEFAULT NULL,
  `updated_at` datetime(6) DEFAULT NULL,
  `created_by_id` int(10) UNSIGNED DEFAULT NULL,
  `updated_by_id` int(10) UNSIGNED DEFAULT NULL
) ENGINE=InnoDB DEFAULT CHARSET=utf8mb4 COLLATE=utf8mb4_general_ci;

--
-- Dumping data for table `admin_roles`
--

INSERT INTO `admin_roles` (`id`, `name`, `code`, `description`, `created_at`, `updated_at`, `created_by_id`, `updated_by_id`) VALUES
(1, 'Super Admin', 'strapi-super-admin', 'Super Admins can access and manage all features and settings.', '2023-01-21 11:13:36.920000', '2023-01-21 11:13:36.920000', NULL, NULL),
(2, 'Editor', 'strapi-editor', 'Editors can manage and publish contents including those of other users.', '2023-01-21 11:13:36.931000', '2023-01-21 11:13:36.931000', NULL, NULL),
(3, 'Author', 'strapi-author', 'Authors can manage the content they have created.', '2023-01-21 11:13:36.939000', '2023-01-21 11:13:36.939000', NULL, NULL);

-- --------------------------------------------------------

--
-- Table structure for table `admin_users`
--

CREATE TABLE `admin_users` (
  `id` int(10) UNSIGNED NOT NULL,
  `firstname` varchar(255) DEFAULT NULL,
  `lastname` varchar(255) DEFAULT NULL,
  `username` varchar(255) DEFAULT NULL,
  `email` varchar(255) DEFAULT NULL,
  `password` varchar(255) DEFAULT NULL,
  `reset_password_token` varchar(255) DEFAULT NULL,
  `registration_token` varchar(255) DEFAULT NULL,
  `is_active` tinyint(1) DEFAULT NULL,
  `blocked` tinyint(1) DEFAULT NULL,
  `prefered_language` varchar(255) DEFAULT NULL,
  `created_at` datetime(6) DEFAULT NULL,
  `updated_at` datetime(6) DEFAULT NULL,
  `created_by_id` int(10) UNSIGNED DEFAULT NULL,
  `updated_by_id` int(10) UNSIGNED DEFAULT NULL
) ENGINE=InnoDB DEFAULT CHARSET=utf8mb4 COLLATE=utf8mb4_general_ci;

--
-- Dumping data for table `admin_users`
--

INSERT INTO `admin_users` (`id`, `firstname`, `lastname`, `username`, `email`, `password`, `reset_password_token`, `registration_token`, `is_active`, `blocked`, `prefered_language`, `created_at`, `updated_at`, `created_by_id`, `updated_by_id`) VALUES
(1, 'Kishor', 'Sarkar', NULL, 'kishor81160@gmail.com', '$2a$10$GL0SuufoKHmbqCYQxQWt2eYtzKvCNNOZQ1kbq1p6driPPWgWB2KQq', NULL, NULL, 1, 0, 'en', '2023-01-21 11:14:50.690000', '2023-01-21 11:24:14.994000', NULL, NULL);

-- --------------------------------------------------------

--
-- Table structure for table `admin_users_roles_links`
--

CREATE TABLE `admin_users_roles_links` (
  `id` int(10) UNSIGNED NOT NULL,
  `user_id` int(10) UNSIGNED DEFAULT NULL,
  `role_id` int(10) UNSIGNED DEFAULT NULL,
  `role_order` int(10) UNSIGNED DEFAULT NULL,
  `user_order` int(10) UNSIGNED DEFAULT NULL
) ENGINE=InnoDB DEFAULT CHARSET=utf8mb4 COLLATE=utf8mb4_general_ci;

--
-- Dumping data for table `admin_users_roles_links`
--

INSERT INTO `admin_users_roles_links` (`id`, `user_id`, `role_id`, `role_order`, `user_order`) VALUES
(1, 1, 1, 1, 1);

-- --------------------------------------------------------

--
-- Table structure for table `carts`
--

CREATE TABLE `carts` (
  `id` int(10) UNSIGNED NOT NULL,
  `user_name` varchar(255) DEFAULT NULL,
  `products` longtext CHARACTER SET utf8mb4 COLLATE utf8mb4_bin DEFAULT NULL CHECK (json_valid(`products`)),
  `created_at` datetime(6) DEFAULT NULL,
  `updated_at` datetime(6) DEFAULT NULL,
  `published_at` datetime(6) DEFAULT NULL,
  `created_by_id` int(10) UNSIGNED DEFAULT NULL,
  `updated_by_id` int(10) UNSIGNED DEFAULT NULL
) ENGINE=InnoDB DEFAULT CHARSET=utf8mb4 COLLATE=utf8mb4_general_ci;

--
-- Dumping data for table `carts`
--

INSERT INTO `carts` (`id`, `user_name`, `products`, `created_at`, `updated_at`, `published_at`, `created_by_id`, `updated_by_id`) VALUES
(1, 'kishor.sarkar', '[{\"id\":2,\"color\":\"yellow\",\"title\":\"baby Firl Playing in Mattress Having Cool\",\"desc\":\"Lorem Ipsum is simply dummy text of the printing and typesetting industry. Lorem Ipsum has been the industry\'s standard dummy text ever since the 1500s, when an unknown printer took a galley of type and scrambled it to make a type specimen book. It has survived not only five centuries, but also the leap into electronic typesetting, remaining essentially unchanged. It was popularised in the 1960s with the release of Letraset sheets containing Lorem Ipsum passages, and more recently with desktop publishing software like Aldus PageMaker including versions of Lorem Ipsum.\",\"image\":\"/uploads/premium_photo_1663956102270_060b19a7daef_5d4d255648.jpeg\",\"price\":999.99,\"quantity\":2},{\"id\":11,\"color\":\"yellow\",\"title\":\"Yellow hoody Sweater TShirt\",\"desc\":\"Donec sollicitudin molestie malesuada. Vivamus suscipit.\",\"image\":\"/uploads/christian_bolt_Whnb_NX_5ye_Jo_unsplash_1c0914fd5f.jpeg\",\"price\":124.99,\"quantity\":4}]', '2023-01-22 12:41:51.189000', '2023-01-22 12:42:41.228000', '2023-01-22 12:42:41.219000', 1, 1);

-- --------------------------------------------------------

--
-- Table structure for table `categories`
--

CREATE TABLE `categories` (
  `id` int(10) UNSIGNED NOT NULL,
  `title` varchar(255) DEFAULT NULL,
  `desc` longtext DEFAULT NULL,
  `isfeature` tinyint(1) DEFAULT NULL,
  `cate_id` varchar(255) DEFAULT NULL,
  `created_at` datetime(6) DEFAULT NULL,
  `updated_at` datetime(6) DEFAULT NULL,
  `published_at` datetime(6) DEFAULT NULL,
  `created_by_id` int(10) UNSIGNED DEFAULT NULL,
  `updated_by_id` int(10) UNSIGNED DEFAULT NULL
) ENGINE=InnoDB DEFAULT CHARSET=utf8mb4 COLLATE=utf8mb4_general_ci;

--
-- Dumping data for table `categories`
--

INSERT INTO `categories` (`id`, `title`, `desc`, `isfeature`, `cate_id`, `created_at`, `updated_at`, `published_at`, `created_by_id`, `updated_by_id`) VALUES
(1, 'Man', 'Lorem Ipsum is simply dummy text of the printing and typesetting industry. Lorem Ipsum has been the industry\'s standard dummy text ever since the 1500s, when an unknown printer took a galley of type and scrambled it to make a type specimen book. It has survived not only five centuries, but also the leap into electronic typesetting, remaining essentially unchanged. It was popularised in the 1960s with the release of Letraset sheets containing Lorem Ipsum passages, and more recently with desktop publishing software like Aldus PageMaker including versions of Lorem Ipsum.', 1, 'category', '2023-01-21 12:35:47.250000', '2023-01-21 12:35:50.539000', '2023-01-21 12:35:50.529000', 1, 1),
(2, 'Women', 'Lorem Ipsum is simply dummy text of the printing and typesetting industry. Lorem Ipsum has been the industry\'s standard dummy text ever since the 1500s, when an unknown printer took a galley of type and scrambled it to make a type specimen book. It has survived not only five centuries, but also the leap into electronic typesetting, remaining essentially unchanged. It was popularised in the 1960s with the release of Letraset sheets containing Lorem Ipsum passages, and more recently with desktop publishing software like Aldus PageMaker including versions of Lorem Ipsum.', 1, 'category-1', '2023-01-21 12:37:01.475000', '2023-01-21 12:37:03.221000', '2023-01-21 12:37:03.216000', 1, 1),
(3, 'toy', 'Lorem Ipsum is simply dummy text of the printing and typesetting industry. Lorem Ipsum has been the industry\'s standard dummy text ever since the 1500s, when an unknown printer took a galley of type and scrambled it to make a type specimen book. It has survived not only five centuries, but also the leap into electronic typesetting, remaining essentially unchanged. It was popularised in the 1960s with the release of Letraset sheets containing Lorem Ipsum passages, and more recently with desktop publishing software like Aldus PageMaker including versions of Lorem Ipsum.', 1, 'category-2', '2023-01-21 12:37:28.752000', '2023-01-21 12:37:29.961000', '2023-01-21 12:37:29.955000', 1, 1),
(4, 'Accessory', 'Integer sapien libero, malesuada a nisl et, malesuada mollis sem. Duis pharetra efficitur mi, eget convallis sem laoreet non. Nullam a ipsum sem. Maecenas vel lectus sit amet purus bibendum imperdiet ut vel libero. Ut ex eros, dapibus at venenatis eu, laoreet sed eros. Sed dignissim molestie mauris, ac varius eros ullamcorper tincidunt. Sed vitae dapibus metus. Sed tellus dolor, mollis eget lacus eu, maximus elementum urna. Nam quam dolor, vestibulum ac felis vel, semper dignissim justo. Suspendisse id turpis sapien. Integer imperdiet porta nisi, sed rutrum libero scelerisque nec.', 1, 'category-3', '2023-01-21 15:25:41.718000', '2023-01-21 15:25:42.583000', '2023-01-21 15:25:42.580000', 1, 1),
(5, 'Shoes', 'Lorem Ipsum is simply dummy text of the printing and typesetting industry. Lorem Ipsum has been the industry\'s standard dummy text ever since the 1500s, when an unknown printer took a galley of type and scrambled it to make a type specimen book. It has survived not only five centuries, but also the leap into electronic typesetting, remaining essentially unchanged. It was popularised in the 1960s with the release of Letraset sheets containing Lorem Ipsum passages, and more recently with desktop publishing software like Aldus PageMaker including versions of Lorem Ipsum.', 1, 'category-4', '2023-01-21 15:26:37.475000', '2023-01-21 15:26:38.606000', '2023-01-21 15:26:38.602000', 1, 1);

-- --------------------------------------------------------

--
-- Table structure for table `files`
--

CREATE TABLE `files` (
  `id` int(10) UNSIGNED NOT NULL,
  `name` varchar(255) DEFAULT NULL,
  `alternative_text` varchar(255) DEFAULT NULL,
  `caption` varchar(255) DEFAULT NULL,
  `width` int(11) DEFAULT NULL,
  `height` int(11) DEFAULT NULL,
  `formats` longtext CHARACTER SET utf8mb4 COLLATE utf8mb4_bin DEFAULT NULL CHECK (json_valid(`formats`)),
  `hash` varchar(255) DEFAULT NULL,
  `ext` varchar(255) DEFAULT NULL,
  `mime` varchar(255) DEFAULT NULL,
  `size` decimal(10,2) DEFAULT NULL,
  `url` varchar(255) DEFAULT NULL,
  `preview_url` varchar(255) DEFAULT NULL,
  `provider` varchar(255) DEFAULT NULL,
  `provider_metadata` longtext CHARACTER SET utf8mb4 COLLATE utf8mb4_bin DEFAULT NULL CHECK (json_valid(`provider_metadata`)),
  `folder_path` varchar(255) DEFAULT NULL,
  `created_at` datetime(6) DEFAULT NULL,
  `updated_at` datetime(6) DEFAULT NULL,
  `created_by_id` int(10) UNSIGNED DEFAULT NULL,
  `updated_by_id` int(10) UNSIGNED DEFAULT NULL
) ENGINE=InnoDB DEFAULT CHARSET=utf8mb4 COLLATE=utf8mb4_general_ci;

--
-- Dumping data for table `files`
--

INSERT INTO `files` (`id`, `name`, `alternative_text`, `caption`, `width`, `height`, `formats`, `hash`, `ext`, `mime`, `size`, `url`, `preview_url`, `provider`, `provider_metadata`, `folder_path`, `created_at`, `updated_at`, `created_by_id`, `updated_by_id`) VALUES
(1, 'profile-fb-1545319920-8c2311af02a0.jpg', NULL, NULL, 720, 719, '{\"thumbnail\":{\"name\":\"thumbnail_profile-fb-1545319920-8c2311af02a0.jpg\",\"hash\":\"thumbnail_profile_fb_1545319920_8c2311af02a0_fa24719351\",\"ext\":\".jpg\",\"mime\":\"image/jpeg\",\"path\":null,\"width\":156,\"height\":156,\"size\":5.81,\"url\":\"/uploads/thumbnail_profile_fb_1545319920_8c2311af02a0_fa24719351.jpg\"},\"small\":{\"name\":\"small_profile-fb-1545319920-8c2311af02a0.jpg\",\"hash\":\"small_profile_fb_1545319920_8c2311af02a0_fa24719351\",\"ext\":\".jpg\",\"mime\":\"image/jpeg\",\"path\":null,\"width\":500,\"height\":499,\"size\":36.19,\"url\":\"/uploads/small_profile_fb_1545319920_8c2311af02a0_fa24719351.jpg\"}}', 'profile_fb_1545319920_8c2311af02a0_fa24719351', '.jpg', 'image/jpeg', '60.02', '/uploads/profile_fb_1545319920_8c2311af02a0_fa24719351.jpg', NULL, 'local', NULL, '/', '2023-01-21 12:22:40.619000', '2023-01-21 12:22:40.619000', 1, 1),
(2, 'profile-fb-1549055092-6d80ad48328e (2).jpg', NULL, NULL, 720, 719, '{\"thumbnail\":{\"name\":\"thumbnail_profile-fb-1549055092-6d80ad48328e (2).jpg\",\"hash\":\"thumbnail_profile_fb_1549055092_6d80ad48328e_2_5c23ae3ea2\",\"ext\":\".jpg\",\"mime\":\"image/jpeg\",\"path\":null,\"width\":156,\"height\":156,\"size\":4.62,\"url\":\"/uploads/thumbnail_profile_fb_1549055092_6d80ad48328e_2_5c23ae3ea2.jpg\"},\"small\":{\"name\":\"small_profile-fb-1549055092-6d80ad48328e (2).jpg\",\"hash\":\"small_profile_fb_1549055092_6d80ad48328e_2_5c23ae3ea2\",\"ext\":\".jpg\",\"mime\":\"image/jpeg\",\"path\":null,\"width\":500,\"height\":499,\"size\":32.44,\"url\":\"/uploads/small_profile_fb_1549055092_6d80ad48328e_2_5c23ae3ea2.jpg\"}}', 'profile_fb_1549055092_6d80ad48328e_2_5c23ae3ea2', '.jpg', 'image/jpeg', '58.48', '/uploads/profile_fb_1549055092_6d80ad48328e_2_5c23ae3ea2.jpg', NULL, 'local', NULL, '/', '2023-01-21 12:22:40.630000', '2023-01-21 12:22:40.630000', 1, 1),
(3, 'profile-fb-1536640207-da2fdff556bf.jpg', NULL, NULL, 719, 720, '{\"thumbnail\":{\"name\":\"thumbnail_profile-fb-1536640207-da2fdff556bf.jpg\",\"hash\":\"thumbnail_profile_fb_1536640207_da2fdff556bf_d4a6d8d5e6\",\"ext\":\".jpg\",\"mime\":\"image/jpeg\",\"path\":null,\"width\":156,\"height\":156,\"size\":3.89,\"url\":\"/uploads/thumbnail_profile_fb_1536640207_da2fdff556bf_d4a6d8d5e6.jpg\"},\"small\":{\"name\":\"small_profile-fb-1536640207-da2fdff556bf.jpg\",\"hash\":\"small_profile_fb_1536640207_da2fdff556bf_d4a6d8d5e6\",\"ext\":\".jpg\",\"mime\":\"image/jpeg\",\"path\":null,\"width\":499,\"height\":500,\"size\":22.76,\"url\":\"/uploads/small_profile_fb_1536640207_da2fdff556bf_d4a6d8d5e6.jpg\"}}', 'profile_fb_1536640207_da2fdff556bf_d4a6d8d5e6', '.jpg', 'image/jpeg', '37.86', '/uploads/profile_fb_1536640207_da2fdff556bf_d4a6d8d5e6.jpg', NULL, 'local', NULL, '/', '2023-01-21 12:22:40.632000', '2023-01-21 12:22:40.632000', 1, 1),
(4, 'profile-fb-1549055092-6d80ad48328e (1).jpg', NULL, NULL, 720, 719, '{\"thumbnail\":{\"name\":\"thumbnail_profile-fb-1549055092-6d80ad48328e (1).jpg\",\"hash\":\"thumbnail_profile_fb_1549055092_6d80ad48328e_1_d55ac00bd2\",\"ext\":\".jpg\",\"mime\":\"image/jpeg\",\"path\":null,\"width\":156,\"height\":156,\"size\":4.62,\"url\":\"/uploads/thumbnail_profile_fb_1549055092_6d80ad48328e_1_d55ac00bd2.jpg\"},\"small\":{\"name\":\"small_profile-fb-1549055092-6d80ad48328e (1).jpg\",\"hash\":\"small_profile_fb_1549055092_6d80ad48328e_1_d55ac00bd2\",\"ext\":\".jpg\",\"mime\":\"image/jpeg\",\"path\":null,\"width\":500,\"height\":499,\"size\":32.44,\"url\":\"/uploads/small_profile_fb_1549055092_6d80ad48328e_1_d55ac00bd2.jpg\"}}', 'profile_fb_1549055092_6d80ad48328e_1_d55ac00bd2', '.jpg', 'image/jpeg', '58.48', '/uploads/profile_fb_1549055092_6d80ad48328e_1_d55ac00bd2.jpg', NULL, 'local', NULL, '/', '2023-01-21 12:22:40.661000', '2023-01-21 12:22:40.661000', 1, 1),
(5, 'profile-fb-1473235987-04395a3ea634 (1).jpg', NULL, NULL, 719, 720, '{\"thumbnail\":{\"name\":\"thumbnail_profile-fb-1473235987-04395a3ea634 (1).jpg\",\"hash\":\"thumbnail_profile_fb_1473235987_04395a3ea634_1_6ff1daad1b\",\"ext\":\".jpg\",\"mime\":\"image/jpeg\",\"path\":null,\"width\":156,\"height\":156,\"size\":7.29,\"url\":\"/uploads/thumbnail_profile_fb_1473235987_04395a3ea634_1_6ff1daad1b.jpg\"},\"small\":{\"name\":\"small_profile-fb-1473235987-04395a3ea634 (1).jpg\",\"hash\":\"small_profile_fb_1473235987_04395a3ea634_1_6ff1daad1b\",\"ext\":\".jpg\",\"mime\":\"image/jpeg\",\"path\":null,\"width\":499,\"height\":500,\"size\":55.42,\"url\":\"/uploads/small_profile_fb_1473235987_04395a3ea634_1_6ff1daad1b.jpg\"}}', 'profile_fb_1473235987_04395a3ea634_1_6ff1daad1b', '.jpg', 'image/jpeg', '96.88', '/uploads/profile_fb_1473235987_04395a3ea634_1_6ff1daad1b.jpg', NULL, 'local', NULL, '/', '2023-01-21 12:22:40.962000', '2023-01-21 12:22:40.962000', 1, 1),
(6, 'profile-fb-1473235987-04395a3ea634 (3).jpg', NULL, NULL, 719, 720, '{\"thumbnail\":{\"name\":\"thumbnail_profile-fb-1473235987-04395a3ea634 (3).jpg\",\"hash\":\"thumbnail_profile_fb_1473235987_04395a3ea634_3_3610617ef6\",\"ext\":\".jpg\",\"mime\":\"image/jpeg\",\"path\":null,\"width\":156,\"height\":156,\"size\":7.29,\"url\":\"/uploads/thumbnail_profile_fb_1473235987_04395a3ea634_3_3610617ef6.jpg\"},\"small\":{\"name\":\"small_profile-fb-1473235987-04395a3ea634 (3).jpg\",\"hash\":\"small_profile_fb_1473235987_04395a3ea634_3_3610617ef6\",\"ext\":\".jpg\",\"mime\":\"image/jpeg\",\"path\":null,\"width\":499,\"height\":500,\"size\":55.42,\"url\":\"/uploads/small_profile_fb_1473235987_04395a3ea634_3_3610617ef6.jpg\"}}', 'profile_fb_1473235987_04395a3ea634_3_3610617ef6', '.jpg', 'image/jpeg', '96.88', '/uploads/profile_fb_1473235987_04395a3ea634_3_3610617ef6.jpg', NULL, 'local', NULL, '/', '2023-01-21 12:22:40.965000', '2023-01-21 12:22:40.965000', 1, 1),
(7, 'profile-fb-1495708430-2ae7c76e0020.jpg', NULL, NULL, 720, 720, '{\"thumbnail\":{\"name\":\"thumbnail_profile-fb-1495708430-2ae7c76e0020.jpg\",\"hash\":\"thumbnail_profile_fb_1495708430_2ae7c76e0020_34e4441d35\",\"ext\":\".jpg\",\"mime\":\"image/jpeg\",\"path\":null,\"width\":156,\"height\":156,\"size\":4.1,\"url\":\"/uploads/thumbnail_profile_fb_1495708430_2ae7c76e0020_34e4441d35.jpg\"},\"small\":{\"name\":\"small_profile-fb-1495708430-2ae7c76e0020.jpg\",\"hash\":\"small_profile_fb_1495708430_2ae7c76e0020_34e4441d35\",\"ext\":\".jpg\",\"mime\":\"image/jpeg\",\"path\":null,\"width\":500,\"height\":500,\"size\":30.23,\"url\":\"/uploads/small_profile_fb_1495708430_2ae7c76e0020_34e4441d35.jpg\"}}', 'profile_fb_1495708430_2ae7c76e0020_34e4441d35', '.jpg', 'image/jpeg', '56.96', '/uploads/profile_fb_1495708430_2ae7c76e0020_34e4441d35.jpg', NULL, 'local', NULL, '/', '2023-01-21 12:22:41.427000', '2023-01-21 12:22:41.427000', 1, 1),
(8, 'profile-fb-1487775813-1df6127df433 (2).jpg', NULL, NULL, 720, 720, '{\"thumbnail\":{\"name\":\"thumbnail_profile-fb-1487775813-1df6127df433 (2).jpg\",\"hash\":\"thumbnail_profile_fb_1487775813_1df6127df433_2_6b1b24d1cb\",\"ext\":\".jpg\",\"mime\":\"image/jpeg\",\"path\":null,\"width\":156,\"height\":156,\"size\":5.34,\"url\":\"/uploads/thumbnail_profile_fb_1487775813_1df6127df433_2_6b1b24d1cb.jpg\"},\"small\":{\"name\":\"small_profile-fb-1487775813-1df6127df433 (2).jpg\",\"hash\":\"small_profile_fb_1487775813_1df6127df433_2_6b1b24d1cb\",\"ext\":\".jpg\",\"mime\":\"image/jpeg\",\"path\":null,\"width\":500,\"height\":500,\"size\":42.77,\"url\":\"/uploads/small_profile_fb_1487775813_1df6127df433_2_6b1b24d1cb.jpg\"}}', 'profile_fb_1487775813_1df6127df433_2_6b1b24d1cb', '.jpg', 'image/jpeg', '82.43', '/uploads/profile_fb_1487775813_1df6127df433_2_6b1b24d1cb.jpg', NULL, 'local', NULL, '/', '2023-01-21 12:22:41.506000', '2023-01-21 12:22:41.506000', 1, 1),
(9, 'profile-fb-1473235987-04395a3ea634 (2).jpg', NULL, NULL, 719, 720, '{\"thumbnail\":{\"name\":\"thumbnail_profile-fb-1473235987-04395a3ea634 (2).jpg\",\"hash\":\"thumbnail_profile_fb_1473235987_04395a3ea634_2_3b567c379d\",\"ext\":\".jpg\",\"mime\":\"image/jpeg\",\"path\":null,\"width\":156,\"height\":156,\"size\":7.29,\"url\":\"/uploads/thumbnail_profile_fb_1473235987_04395a3ea634_2_3b567c379d.jpg\"},\"small\":{\"name\":\"small_profile-fb-1473235987-04395a3ea634 (2).jpg\",\"hash\":\"small_profile_fb_1473235987_04395a3ea634_2_3b567c379d\",\"ext\":\".jpg\",\"mime\":\"image/jpeg\",\"path\":null,\"width\":499,\"height\":500,\"size\":55.42,\"url\":\"/uploads/small_profile_fb_1473235987_04395a3ea634_2_3b567c379d.jpg\"}}', 'profile_fb_1473235987_04395a3ea634_2_3b567c379d', '.jpg', 'image/jpeg', '96.88', '/uploads/profile_fb_1473235987_04395a3ea634_2_3b567c379d.jpg', NULL, 'local', NULL, '/', '2023-01-21 12:22:41.531000', '2023-01-21 12:22:41.531000', 1, 1),
(10, 'profile-fb-1501472239-e3d5f31d2df8 (2).jpg', NULL, NULL, 720, 720, '{\"thumbnail\":{\"name\":\"thumbnail_profile-fb-1501472239-e3d5f31d2df8 (2).jpg\",\"hash\":\"thumbnail_profile_fb_1501472239_e3d5f31d2df8_2_2fa0917a16\",\"ext\":\".jpg\",\"mime\":\"image/jpeg\",\"path\":null,\"width\":156,\"height\":156,\"size\":10.49,\"url\":\"/uploads/thumbnail_profile_fb_1501472239_e3d5f31d2df8_2_2fa0917a16.jpg\"},\"small\":{\"name\":\"small_profile-fb-1501472239-e3d5f31d2df8 (2).jpg\",\"hash\":\"small_profile_fb_1501472239_e3d5f31d2df8_2_2fa0917a16\",\"ext\":\".jpg\",\"mime\":\"image/jpeg\",\"path\":null,\"width\":500,\"height\":500,\"size\":63.28,\"url\":\"/uploads/small_profile_fb_1501472239_e3d5f31d2df8_2_2fa0917a16.jpg\"}}', 'profile_fb_1501472239_e3d5f31d2df8_2_2fa0917a16', '.jpg', 'image/jpeg', '101.85', '/uploads/profile_fb_1501472239_e3d5f31d2df8_2_2fa0917a16.jpg', NULL, 'local', NULL, '/', '2023-01-21 12:22:41.537000', '2023-01-21 12:22:41.537000', 1, 1),
(11, 'profile-fb-1575153138-b633f180d91b.jpg', NULL, NULL, 720, 720, '{\"thumbnail\":{\"name\":\"thumbnail_profile-fb-1575153138-b633f180d91b.jpg\",\"hash\":\"thumbnail_profile_fb_1575153138_b633f180d91b_7a17cef31b\",\"ext\":\".jpg\",\"mime\":\"image/jpeg\",\"path\":null,\"width\":156,\"height\":156,\"size\":5.57,\"url\":\"/uploads/thumbnail_profile_fb_1575153138_b633f180d91b_7a17cef31b.jpg\"},\"small\":{\"name\":\"small_profile-fb-1575153138-b633f180d91b.jpg\",\"hash\":\"small_profile_fb_1575153138_b633f180d91b_7a17cef31b\",\"ext\":\".jpg\",\"mime\":\"image/jpeg\",\"path\":null,\"width\":500,\"height\":500,\"size\":35.69,\"url\":\"/uploads/small_profile_fb_1575153138_b633f180d91b_7a17cef31b.jpg\"}}', 'profile_fb_1575153138_b633f180d91b_7a17cef31b', '.jpg', 'image/jpeg', '61.71', '/uploads/profile_fb_1575153138_b633f180d91b_7a17cef31b.jpg', NULL, 'local', NULL, '/', '2023-01-21 12:22:41.778000', '2023-01-21 12:22:41.778000', 1, 1),
(12, 'profile-fb-1456776452-bc847606f736.jpg', NULL, NULL, 720, 720, '{\"thumbnail\":{\"name\":\"thumbnail_profile-fb-1456776452-bc847606f736.jpg\",\"hash\":\"thumbnail_profile_fb_1456776452_bc847606f736_430ebf9df3\",\"ext\":\".jpg\",\"mime\":\"image/jpeg\",\"path\":null,\"width\":156,\"height\":156,\"size\":7.33,\"url\":\"/uploads/thumbnail_profile_fb_1456776452_bc847606f736_430ebf9df3.jpg\"},\"small\":{\"name\":\"small_profile-fb-1456776452-bc847606f736.jpg\",\"hash\":\"small_profile_fb_1456776452_bc847606f736_430ebf9df3\",\"ext\":\".jpg\",\"mime\":\"image/jpeg\",\"path\":null,\"width\":500,\"height\":500,\"size\":46.19,\"url\":\"/uploads/small_profile_fb_1456776452_bc847606f736_430ebf9df3.jpg\"}}', 'profile_fb_1456776452_bc847606f736_430ebf9df3', '.jpg', 'image/jpeg', '79.57', '/uploads/profile_fb_1456776452_bc847606f736_430ebf9df3.jpg', NULL, 'local', NULL, '/', '2023-01-21 12:22:41.830000', '2023-01-21 12:22:41.830000', 1, 1),
(13, 'profile-fb-1463772074-ee6a574a934f (2).jpg', NULL, NULL, 720, 720, '{\"thumbnail\":{\"name\":\"thumbnail_profile-fb-1463772074-ee6a574a934f (2).jpg\",\"hash\":\"thumbnail_profile_fb_1463772074_ee6a574a934f_2_f5bcfe3595\",\"ext\":\".jpg\",\"mime\":\"image/jpeg\",\"path\":null,\"width\":156,\"height\":156,\"size\":2.63,\"url\":\"/uploads/thumbnail_profile_fb_1463772074_ee6a574a934f_2_f5bcfe3595.jpg\"},\"small\":{\"name\":\"small_profile-fb-1463772074-ee6a574a934f (2).jpg\",\"hash\":\"small_profile_fb_1463772074_ee6a574a934f_2_f5bcfe3595\",\"ext\":\".jpg\",\"mime\":\"image/jpeg\",\"path\":null,\"width\":500,\"height\":500,\"size\":15.27,\"url\":\"/uploads/small_profile_fb_1463772074_ee6a574a934f_2_f5bcfe3595.jpg\"}}', 'profile_fb_1463772074_ee6a574a934f_2_f5bcfe3595', '.jpg', 'image/jpeg', '26.87', '/uploads/profile_fb_1463772074_ee6a574a934f_2_f5bcfe3595.jpg', NULL, 'local', NULL, '/', '2023-01-21 12:22:42.070000', '2023-01-21 12:22:42.070000', 1, 1),
(14, 'profile-fb-1570760209-770ff20be8ea.jpg', NULL, NULL, 720, 720, '{\"thumbnail\":{\"name\":\"thumbnail_profile-fb-1570760209-770ff20be8ea.jpg\",\"hash\":\"thumbnail_profile_fb_1570760209_770ff20be8ea_7a1bdd02a9\",\"ext\":\".jpg\",\"mime\":\"image/jpeg\",\"path\":null,\"width\":156,\"height\":156,\"size\":2.27,\"url\":\"/uploads/thumbnail_profile_fb_1570760209_770ff20be8ea_7a1bdd02a9.jpg\"},\"small\":{\"name\":\"small_profile-fb-1570760209-770ff20be8ea.jpg\",\"hash\":\"small_profile_fb_1570760209_770ff20be8ea_7a1bdd02a9\",\"ext\":\".jpg\",\"mime\":\"image/jpeg\",\"path\":null,\"width\":500,\"height\":500,\"size\":16.34,\"url\":\"/uploads/small_profile_fb_1570760209_770ff20be8ea_7a1bdd02a9.jpg\"}}', 'profile_fb_1570760209_770ff20be8ea_7a1bdd02a9', '.jpg', 'image/jpeg', '30.20', '/uploads/profile_fb_1570760209_770ff20be8ea_7a1bdd02a9.jpg', NULL, 'local', NULL, '/', '2023-01-21 12:22:42.133000', '2023-01-21 12:22:42.133000', 1, 1),
(15, 'profile-fb-1506466315-b97388a98ed6 (2).jpg', NULL, NULL, 720, 720, '{\"thumbnail\":{\"name\":\"thumbnail_profile-fb-1506466315-b97388a98ed6 (2).jpg\",\"hash\":\"thumbnail_profile_fb_1506466315_b97388a98ed6_2_02fc9be25a\",\"ext\":\".jpg\",\"mime\":\"image/jpeg\",\"path\":null,\"width\":156,\"height\":156,\"size\":7.44,\"url\":\"/uploads/thumbnail_profile_fb_1506466315_b97388a98ed6_2_02fc9be25a.jpg\"},\"small\":{\"name\":\"small_profile-fb-1506466315-b97388a98ed6 (2).jpg\",\"hash\":\"small_profile_fb_1506466315_b97388a98ed6_2_02fc9be25a\",\"ext\":\".jpg\",\"mime\":\"image/jpeg\",\"path\":null,\"width\":500,\"height\":500,\"size\":56.02,\"url\":\"/uploads/small_profile_fb_1506466315_b97388a98ed6_2_02fc9be25a.jpg\"}}', 'profile_fb_1506466315_b97388a98ed6_2_02fc9be25a', '.jpg', 'image/jpeg', '98.71', '/uploads/profile_fb_1506466315_b97388a98ed6_2_02fc9be25a.jpg', NULL, 'local', NULL, '/', '2023-01-21 12:22:42.219000', '2023-01-21 12:22:42.219000', 1, 1),
(16, 'profile-fb-1560534157-9801b9e4a0ae.jpg', NULL, NULL, 720, 720, '{\"thumbnail\":{\"name\":\"thumbnail_profile-fb-1560534157-9801b9e4a0ae.jpg\",\"hash\":\"thumbnail_profile_fb_1560534157_9801b9e4a0ae_2637a432f3\",\"ext\":\".jpg\",\"mime\":\"image/jpeg\",\"path\":null,\"width\":156,\"height\":156,\"size\":6.04,\"url\":\"/uploads/thumbnail_profile_fb_1560534157_9801b9e4a0ae_2637a432f3.jpg\"},\"small\":{\"name\":\"small_profile-fb-1560534157-9801b9e4a0ae.jpg\",\"hash\":\"small_profile_fb_1560534157_9801b9e4a0ae_2637a432f3\",\"ext\":\".jpg\",\"mime\":\"image/jpeg\",\"path\":null,\"width\":500,\"height\":500,\"size\":41.47,\"url\":\"/uploads/small_profile_fb_1560534157_9801b9e4a0ae_2637a432f3.jpg\"}}', 'profile_fb_1560534157_9801b9e4a0ae_2637a432f3', '.jpg', 'image/jpeg', '68.68', '/uploads/profile_fb_1560534157_9801b9e4a0ae_2637a432f3.jpg', NULL, 'local', NULL, '/', '2023-01-21 12:22:42.221000', '2023-01-21 12:22:42.221000', 1, 1),
(17, 'profile-fb-1501472239-e3d5f31d2df8 (1).jpg', NULL, NULL, 720, 720, '{\"thumbnail\":{\"name\":\"thumbnail_profile-fb-1501472239-e3d5f31d2df8 (1).jpg\",\"hash\":\"thumbnail_profile_fb_1501472239_e3d5f31d2df8_1_d872144d86\",\"ext\":\".jpg\",\"mime\":\"image/jpeg\",\"path\":null,\"width\":156,\"height\":156,\"size\":10.49,\"url\":\"/uploads/thumbnail_profile_fb_1501472239_e3d5f31d2df8_1_d872144d86.jpg\"},\"small\":{\"name\":\"small_profile-fb-1501472239-e3d5f31d2df8 (1).jpg\",\"hash\":\"small_profile_fb_1501472239_e3d5f31d2df8_1_d872144d86\",\"ext\":\".jpg\",\"mime\":\"image/jpeg\",\"path\":null,\"width\":500,\"height\":500,\"size\":63.28,\"url\":\"/uploads/small_profile_fb_1501472239_e3d5f31d2df8_1_d872144d86.jpg\"}}', 'profile_fb_1501472239_e3d5f31d2df8_1_d872144d86', '.jpg', 'image/jpeg', '101.85', '/uploads/profile_fb_1501472239_e3d5f31d2df8_1_d872144d86.jpg', NULL, 'local', NULL, '/', '2023-01-21 12:22:42.373000', '2023-01-21 12:22:42.373000', 1, 1),
(18, 'profile-fb-1505853580-4cc275a7c477 (2).jpg', NULL, NULL, 720, 720, '{\"thumbnail\":{\"name\":\"thumbnail_profile-fb-1505853580-4cc275a7c477 (2).jpg\",\"hash\":\"thumbnail_profile_fb_1505853580_4cc275a7c477_2_82e439350a\",\"ext\":\".jpg\",\"mime\":\"image/jpeg\",\"path\":null,\"width\":156,\"height\":156,\"size\":4.52,\"url\":\"/uploads/thumbnail_profile_fb_1505853580_4cc275a7c477_2_82e439350a.jpg\"},\"small\":{\"name\":\"small_profile-fb-1505853580-4cc275a7c477 (2).jpg\",\"hash\":\"small_profile_fb_1505853580_4cc275a7c477_2_82e439350a\",\"ext\":\".jpg\",\"mime\":\"image/jpeg\",\"path\":null,\"width\":500,\"height\":500,\"size\":34.75,\"url\":\"/uploads/small_profile_fb_1505853580_4cc275a7c477_2_82e439350a.jpg\"}}', 'profile_fb_1505853580_4cc275a7c477_2_82e439350a', '.jpg', 'image/jpeg', '67.17', '/uploads/profile_fb_1505853580_4cc275a7c477_2_82e439350a.jpg', NULL, 'local', NULL, '/', '2023-01-21 12:22:42.454000', '2023-01-21 12:22:42.454000', 1, 1),
(19, 'profile-fb-1463772074-ee6a574a934f (1).jpg', NULL, NULL, 720, 720, '{\"thumbnail\":{\"name\":\"thumbnail_profile-fb-1463772074-ee6a574a934f (1).jpg\",\"hash\":\"thumbnail_profile_fb_1463772074_ee6a574a934f_1_1d7bb59d45\",\"ext\":\".jpg\",\"mime\":\"image/jpeg\",\"path\":null,\"width\":156,\"height\":156,\"size\":2.63,\"url\":\"/uploads/thumbnail_profile_fb_1463772074_ee6a574a934f_1_1d7bb59d45.jpg\"},\"small\":{\"name\":\"small_profile-fb-1463772074-ee6a574a934f (1).jpg\",\"hash\":\"small_profile_fb_1463772074_ee6a574a934f_1_1d7bb59d45\",\"ext\":\".jpg\",\"mime\":\"image/jpeg\",\"path\":null,\"width\":500,\"height\":500,\"size\":15.27,\"url\":\"/uploads/small_profile_fb_1463772074_ee6a574a934f_1_1d7bb59d45.jpg\"}}', 'profile_fb_1463772074_ee6a574a934f_1_1d7bb59d45', '.jpg', 'image/jpeg', '26.87', '/uploads/profile_fb_1463772074_ee6a574a934f_1_1d7bb59d45.jpg', NULL, 'local', NULL, '/', '2023-01-21 12:22:42.574000', '2023-01-21 12:22:42.574000', 1, 1),
(20, 'profile-fb-1505853580-4cc275a7c477 (1).jpg', NULL, NULL, 720, 720, '{\"thumbnail\":{\"name\":\"thumbnail_profile-fb-1505853580-4cc275a7c477 (1).jpg\",\"hash\":\"thumbnail_profile_fb_1505853580_4cc275a7c477_1_b61c8902f0\",\"ext\":\".jpg\",\"mime\":\"image/jpeg\",\"path\":null,\"width\":156,\"height\":156,\"size\":4.52,\"url\":\"/uploads/thumbnail_profile_fb_1505853580_4cc275a7c477_1_b61c8902f0.jpg\"},\"small\":{\"name\":\"small_profile-fb-1505853580-4cc275a7c477 (1).jpg\",\"hash\":\"small_profile_fb_1505853580_4cc275a7c477_1_b61c8902f0\",\"ext\":\".jpg\",\"mime\":\"image/jpeg\",\"path\":null,\"width\":500,\"height\":500,\"size\":34.75,\"url\":\"/uploads/small_profile_fb_1505853580_4cc275a7c477_1_b61c8902f0.jpg\"}}', 'profile_fb_1505853580_4cc275a7c477_1_b61c8902f0', '.jpg', 'image/jpeg', '67.17', '/uploads/profile_fb_1505853580_4cc275a7c477_1_b61c8902f0.jpg', NULL, 'local', NULL, '/', '2023-01-21 12:22:42.714000', '2023-01-21 12:22:42.714000', 1, 1),
(21, 'profile-fb-1444241666-4923a57f944a.jpg', NULL, NULL, 720, 720, '{\"thumbnail\":{\"name\":\"thumbnail_profile-fb-1444241666-4923a57f944a.jpg\",\"hash\":\"thumbnail_profile_fb_1444241666_4923a57f944a_404ebe8918\",\"ext\":\".jpg\",\"mime\":\"image/jpeg\",\"path\":null,\"width\":156,\"height\":156,\"size\":5.94,\"url\":\"/uploads/thumbnail_profile_fb_1444241666_4923a57f944a_404ebe8918.jpg\"},\"small\":{\"name\":\"small_profile-fb-1444241666-4923a57f944a.jpg\",\"hash\":\"small_profile_fb_1444241666_4923a57f944a_404ebe8918\",\"ext\":\".jpg\",\"mime\":\"image/jpeg\",\"path\":null,\"width\":500,\"height\":500,\"size\":40.38,\"url\":\"/uploads/small_profile_fb_1444241666_4923a57f944a_404ebe8918.jpg\"}}', 'profile_fb_1444241666_4923a57f944a_404ebe8918', '.jpg', 'image/jpeg', '70.16', '/uploads/profile_fb_1444241666_4923a57f944a_404ebe8918.jpg', NULL, 'local', NULL, '/', '2023-01-21 12:22:42.734000', '2023-01-21 12:22:42.734000', 1, 1),
(22, 'profile-fb-1506466315-b97388a98ed6 (1).jpg', NULL, NULL, 720, 720, '{\"thumbnail\":{\"name\":\"thumbnail_profile-fb-1506466315-b97388a98ed6 (1).jpg\",\"hash\":\"thumbnail_profile_fb_1506466315_b97388a98ed6_1_587f895324\",\"ext\":\".jpg\",\"mime\":\"image/jpeg\",\"path\":null,\"width\":156,\"height\":156,\"size\":7.44,\"url\":\"/uploads/thumbnail_profile_fb_1506466315_b97388a98ed6_1_587f895324.jpg\"},\"small\":{\"name\":\"small_profile-fb-1506466315-b97388a98ed6 (1).jpg\",\"hash\":\"small_profile_fb_1506466315_b97388a98ed6_1_587f895324\",\"ext\":\".jpg\",\"mime\":\"image/jpeg\",\"path\":null,\"width\":500,\"height\":500,\"size\":56.02,\"url\":\"/uploads/small_profile_fb_1506466315_b97388a98ed6_1_587f895324.jpg\"}}', 'profile_fb_1506466315_b97388a98ed6_1_587f895324', '.jpg', 'image/jpeg', '98.71', '/uploads/profile_fb_1506466315_b97388a98ed6_1_587f895324.jpg', NULL, 'local', NULL, '/', '2023-01-21 12:22:42.755000', '2023-01-21 12:22:42.755000', 1, 1),
(23, 'profile-fb-1487775813-1df6127df433 (1).jpg', NULL, NULL, 720, 720, '{\"thumbnail\":{\"name\":\"thumbnail_profile-fb-1487775813-1df6127df433 (1).jpg\",\"hash\":\"thumbnail_profile_fb_1487775813_1df6127df433_1_91ff94b0c5\",\"ext\":\".jpg\",\"mime\":\"image/jpeg\",\"path\":null,\"width\":156,\"height\":156,\"size\":5.34,\"url\":\"/uploads/thumbnail_profile_fb_1487775813_1df6127df433_1_91ff94b0c5.jpg\"},\"small\":{\"name\":\"small_profile-fb-1487775813-1df6127df433 (1).jpg\",\"hash\":\"small_profile_fb_1487775813_1df6127df433_1_91ff94b0c5\",\"ext\":\".jpg\",\"mime\":\"image/jpeg\",\"path\":null,\"width\":500,\"height\":500,\"size\":42.77,\"url\":\"/uploads/small_profile_fb_1487775813_1df6127df433_1_91ff94b0c5.jpg\"}}', 'profile_fb_1487775813_1df6127df433_1_91ff94b0c5', '.jpg', 'image/jpeg', '82.43', '/uploads/profile_fb_1487775813_1df6127df433_1_91ff94b0c5.jpg', NULL, 'local', NULL, '/', '2023-01-21 12:22:42.930000', '2023-01-21 12:22:42.930000', 1, 1),
(24, 'profile-fb-1544872764-aa6d1a869637.jpg', NULL, NULL, 640, 960, '{\"thumbnail\":{\"name\":\"thumbnail_profile-fb-1544872764-aa6d1a869637.jpg\",\"hash\":\"thumbnail_profile_fb_1544872764_aa6d1a869637_137cfe6569\",\"ext\":\".jpg\",\"mime\":\"image/jpeg\",\"path\":null,\"width\":104,\"height\":156,\"size\":2.69,\"url\":\"/uploads/thumbnail_profile_fb_1544872764_aa6d1a869637_137cfe6569.jpg\"},\"medium\":{\"name\":\"medium_profile-fb-1544872764-aa6d1a869637.jpg\",\"hash\":\"medium_profile_fb_1544872764_aa6d1a869637_137cfe6569\",\"ext\":\".jpg\",\"mime\":\"image/jpeg\",\"path\":null,\"width\":500,\"height\":750,\"size\":34.92,\"url\":\"/uploads/medium_profile_fb_1544872764_aa6d1a869637_137cfe6569.jpg\"},\"small\":{\"name\":\"small_profile-fb-1544872764-aa6d1a869637.jpg\",\"hash\":\"small_profile_fb_1544872764_aa6d1a869637_137cfe6569\",\"ext\":\".jpg\",\"mime\":\"image/jpeg\",\"path\":null,\"width\":333,\"height\":500,\"size\":17.36,\"url\":\"/uploads/small_profile_fb_1544872764_aa6d1a869637_137cfe6569.jpg\"}}', 'profile_fb_1544872764_aa6d1a869637_137cfe6569', '.jpg', 'image/jpeg', '51.63', '/uploads/profile_fb_1544872764_aa6d1a869637_137cfe6569.jpg', NULL, 'local', NULL, '/', '2023-01-21 12:22:42.948000', '2023-01-21 12:22:42.948000', 1, 1),
(25, 'profile-fb-1523475311-e1f2b2765c2b.jpg', NULL, NULL, 1052, 640, '{\"thumbnail\":{\"name\":\"thumbnail_profile-fb-1523475311-e1f2b2765c2b.jpg\",\"hash\":\"thumbnail_profile_fb_1523475311_e1f2b2765c2b_75b56106c5\",\"ext\":\".jpg\",\"mime\":\"image/jpeg\",\"path\":null,\"width\":245,\"height\":149,\"size\":8.98,\"url\":\"/uploads/thumbnail_profile_fb_1523475311_e1f2b2765c2b_75b56106c5.jpg\"},\"medium\":{\"name\":\"medium_profile-fb-1523475311-e1f2b2765c2b.jpg\",\"hash\":\"medium_profile_fb_1523475311_e1f2b2765c2b_75b56106c5\",\"ext\":\".jpg\",\"mime\":\"image/jpeg\",\"path\":null,\"width\":750,\"height\":456,\"size\":44.7,\"url\":\"/uploads/medium_profile_fb_1523475311_e1f2b2765c2b_75b56106c5.jpg\"},\"large\":{\"name\":\"large_profile-fb-1523475311-e1f2b2765c2b.jpg\",\"hash\":\"large_profile_fb_1523475311_e1f2b2765c2b_75b56106c5\",\"ext\":\".jpg\",\"mime\":\"image/jpeg\",\"path\":null,\"width\":1000,\"height\":608,\"size\":65.02,\"url\":\"/uploads/large_profile_fb_1523475311_e1f2b2765c2b_75b56106c5.jpg\"},\"small\":{\"name\":\"small_profile-fb-1523475311-e1f2b2765c2b.jpg\",\"hash\":\"small_profile_fb_1523475311_e1f2b2765c2b_75b56106c5\",\"ext\":\".jpg\",\"mime\":\"image/jpeg\",\"path\":null,\"width\":500,\"height\":304,\"size\":25.52,\"url\":\"/uploads/small_profile_fb_1523475311_e1f2b2765c2b_75b56106c5.jpg\"}}', 'profile_fb_1523475311_e1f2b2765c2b_75b56106c5', '.jpg', 'image/jpeg', '63.84', '/uploads/profile_fb_1523475311_e1f2b2765c2b_75b56106c5.jpg', NULL, 'local', NULL, '/', '2023-01-21 12:22:43.112000', '2023-01-21 12:22:43.112000', 1, 1),
(26, 'extra-large.jpg', NULL, NULL, 1024, 1024, '{\"thumbnail\":{\"name\":\"thumbnail_extra-large.jpg\",\"hash\":\"thumbnail_extra_large_2aab4a0b80\",\"ext\":\".jpg\",\"mime\":\"image/jpeg\",\"path\":null,\"width\":156,\"height\":156,\"size\":0.98,\"url\":\"/uploads/thumbnail_extra_large_2aab4a0b80.jpg\"},\"large\":{\"name\":\"large_extra-large.jpg\",\"hash\":\"large_extra_large_2aab4a0b80\",\"ext\":\".jpg\",\"mime\":\"image/jpeg\",\"path\":null,\"width\":1000,\"height\":1000,\"size\":9.97,\"url\":\"/uploads/large_extra_large_2aab4a0b80.jpg\"},\"medium\":{\"name\":\"medium_extra-large.jpg\",\"hash\":\"medium_extra_large_2aab4a0b80\",\"ext\":\".jpg\",\"mime\":\"image/jpeg\",\"path\":null,\"width\":750,\"height\":750,\"size\":6.2,\"url\":\"/uploads/medium_extra_large_2aab4a0b80.jpg\"},\"small\":{\"name\":\"small_extra-large.jpg\",\"hash\":\"small_extra_large_2aab4a0b80\",\"ext\":\".jpg\",\"mime\":\"image/jpeg\",\"path\":null,\"width\":500,\"height\":500,\"size\":3.5,\"url\":\"/uploads/small_extra_large_2aab4a0b80.jpg\"}}', 'extra_large_2aab4a0b80', '.jpg', 'image/jpeg', '9.82', '/uploads/extra_large_2aab4a0b80.jpg', NULL, 'local', NULL, '/', '2023-01-21 12:22:43.342000', '2023-01-21 12:22:43.342000', 1, 1),
(27, 'profile-fb-1494402858-770183ffc79a.jpg', NULL, NULL, 800, 1200, '{\"thumbnail\":{\"name\":\"thumbnail_profile-fb-1494402858-770183ffc79a.jpg\",\"hash\":\"thumbnail_profile_fb_1494402858_770183ffc79a_77ab3eb395\",\"ext\":\".jpg\",\"mime\":\"image/jpeg\",\"path\":null,\"width\":104,\"height\":156,\"size\":5.75,\"url\":\"/uploads/thumbnail_profile_fb_1494402858_770183ffc79a_77ab3eb395.jpg\"},\"small\":{\"name\":\"small_profile-fb-1494402858-770183ffc79a.jpg\",\"hash\":\"small_profile_fb_1494402858_770183ffc79a_77ab3eb395\",\"ext\":\".jpg\",\"mime\":\"image/jpeg\",\"path\":null,\"width\":333,\"height\":500,\"size\":46.78,\"url\":\"/uploads/small_profile_fb_1494402858_770183ffc79a_77ab3eb395.jpg\"},\"medium\":{\"name\":\"medium_profile-fb-1494402858-770183ffc79a.jpg\",\"hash\":\"medium_profile_fb_1494402858_770183ffc79a_77ab3eb395\",\"ext\":\".jpg\",\"mime\":\"image/jpeg\",\"path\":null,\"width\":500,\"height\":750,\"size\":87.93,\"url\":\"/uploads/medium_profile_fb_1494402858_770183ffc79a_77ab3eb395.jpg\"},\"large\":{\"name\":\"large_profile-fb-1494402858-770183ffc79a.jpg\",\"hash\":\"large_profile_fb_1494402858_770183ffc79a_77ab3eb395\",\"ext\":\".jpg\",\"mime\":\"image/jpeg\",\"path\":null,\"width\":667,\"height\":1000,\"size\":133.08,\"url\":\"/uploads/large_profile_fb_1494402858_770183ffc79a_77ab3eb395.jpg\"}}', 'profile_fb_1494402858_770183ffc79a_77ab3eb395', '.jpg', 'image/jpeg', '167.06', '/uploads/profile_fb_1494402858_770183ffc79a_77ab3eb395.jpg', NULL, 'local', NULL, '/', '2023-01-21 12:22:43.551000', '2023-01-21 12:22:43.551000', 1, 1),
(28, 'profile-fb-1539634732-5d240e7fcb53.jpg', NULL, NULL, 1440, 958, '{\"thumbnail\":{\"name\":\"thumbnail_profile-fb-1539634732-5d240e7fcb53.jpg\",\"hash\":\"thumbnail_profile_fb_1539634732_5d240e7fcb53_929ac7a026\",\"ext\":\".jpg\",\"mime\":\"image/jpeg\",\"path\":null,\"width\":235,\"height\":156,\"size\":11.26,\"url\":\"/uploads/thumbnail_profile_fb_1539634732_5d240e7fcb53_929ac7a026.jpg\"},\"small\":{\"name\":\"small_profile-fb-1539634732-5d240e7fcb53.jpg\",\"hash\":\"small_profile_fb_1539634732_5d240e7fcb53_929ac7a026\",\"ext\":\".jpg\",\"mime\":\"image/jpeg\",\"path\":null,\"width\":500,\"height\":333,\"size\":36.79,\"url\":\"/uploads/small_profile_fb_1539634732_5d240e7fcb53_929ac7a026.jpg\"},\"medium\":{\"name\":\"medium_profile-fb-1539634732-5d240e7fcb53.jpg\",\"hash\":\"medium_profile_fb_1539634732_5d240e7fcb53_929ac7a026\",\"ext\":\".jpg\",\"mime\":\"image/jpeg\",\"path\":null,\"width\":750,\"height\":499,\"size\":67.91,\"url\":\"/uploads/medium_profile_fb_1539634732_5d240e7fcb53_929ac7a026.jpg\"},\"large\":{\"name\":\"large_profile-fb-1539634732-5d240e7fcb53.jpg\",\"hash\":\"large_profile_fb_1539634732_5d240e7fcb53_929ac7a026\",\"ext\":\".jpg\",\"mime\":\"image/jpeg\",\"path\":null,\"width\":1000,\"height\":665,\"size\":101.35,\"url\":\"/uploads/large_profile_fb_1539634732_5d240e7fcb53_929ac7a026.jpg\"}}', 'profile_fb_1539634732_5d240e7fcb53_929ac7a026', '.jpg', 'image/jpeg', '155.22', '/uploads/profile_fb_1539634732_5d240e7fcb53_929ac7a026.jpg', NULL, 'local', NULL, '/', '2023-01-21 12:22:43.569000', '2023-01-21 12:22:43.569000', 1, 1),
(29, 'profile-fb-1460925726-06cff751232d.jpg', NULL, NULL, 1280, 1280, '{\"thumbnail\":{\"name\":\"thumbnail_profile-fb-1460925726-06cff751232d.jpg\",\"hash\":\"thumbnail_profile_fb_1460925726_06cff751232d_fee65cd1ca\",\"ext\":\".jpg\",\"mime\":\"image/jpeg\",\"path\":null,\"width\":156,\"height\":156,\"size\":5.65,\"url\":\"/uploads/thumbnail_profile_fb_1460925726_06cff751232d_fee65cd1ca.jpg\"},\"medium\":{\"name\":\"medium_profile-fb-1460925726-06cff751232d.jpg\",\"hash\":\"medium_profile_fb_1460925726_06cff751232d_fee65cd1ca\",\"ext\":\".jpg\",\"mime\":\"image/jpeg\",\"path\":null,\"width\":750,\"height\":750,\"size\":53.94,\"url\":\"/uploads/medium_profile_fb_1460925726_06cff751232d_fee65cd1ca.jpg\"},\"small\":{\"name\":\"small_profile-fb-1460925726-06cff751232d.jpg\",\"hash\":\"small_profile_fb_1460925726_06cff751232d_fee65cd1ca\",\"ext\":\".jpg\",\"mime\":\"image/jpeg\",\"path\":null,\"width\":500,\"height\":500,\"size\":30.26,\"url\":\"/uploads/small_profile_fb_1460925726_06cff751232d_fee65cd1ca.jpg\"},\"large\":{\"name\":\"large_profile-fb-1460925726-06cff751232d.jpg\",\"hash\":\"large_profile_fb_1460925726_06cff751232d_fee65cd1ca\",\"ext\":\".jpg\",\"mime\":\"image/jpeg\",\"path\":null,\"width\":1000,\"height\":1000,\"size\":80.92,\"url\":\"/uploads/large_profile_fb_1460925726_06cff751232d_fee65cd1ca.jpg\"}}', 'profile_fb_1460925726_06cff751232d_fee65cd1ca', '.jpg', 'image/jpeg', '99.12', '/uploads/profile_fb_1460925726_06cff751232d_fee65cd1ca.jpg', NULL, 'local', NULL, '/', '2023-01-21 12:22:43.720000', '2023-01-21 12:22:43.720000', 1, 1),
(30, 'profile-fb-1583501900-e139d2dc376d.jpg', NULL, NULL, 1366, 1366, '{\"thumbnail\":{\"name\":\"thumbnail_profile-fb-1583501900-e139d2dc376d.jpg\",\"hash\":\"thumbnail_profile_fb_1583501900_e139d2dc376d_3a094fb737\",\"ext\":\".jpg\",\"mime\":\"image/jpeg\",\"path\":null,\"width\":156,\"height\":156,\"size\":5.36,\"url\":\"/uploads/thumbnail_profile_fb_1583501900_e139d2dc376d_3a094fb737.jpg\"},\"medium\":{\"name\":\"medium_profile-fb-1583501900-e139d2dc376d.jpg\",\"hash\":\"medium_profile_fb_1583501900_e139d2dc376d_3a094fb737\",\"ext\":\".jpg\",\"mime\":\"image/jpeg\",\"path\":null,\"width\":750,\"height\":750,\"size\":53.82,\"url\":\"/uploads/medium_profile_fb_1583501900_e139d2dc376d_3a094fb737.jpg\"},\"small\":{\"name\":\"small_profile-fb-1583501900-e139d2dc376d.jpg\",\"hash\":\"small_profile_fb_1583501900_e139d2dc376d_3a094fb737\",\"ext\":\".jpg\",\"mime\":\"image/jpeg\",\"path\":null,\"width\":500,\"height\":500,\"size\":30.09,\"url\":\"/uploads/small_profile_fb_1583501900_e139d2dc376d_3a094fb737.jpg\"},\"large\":{\"name\":\"large_profile-fb-1583501900-e139d2dc376d.jpg\",\"hash\":\"large_profile_fb_1583501900_e139d2dc376d_3a094fb737\",\"ext\":\".jpg\",\"mime\":\"image/jpeg\",\"path\":null,\"width\":1000,\"height\":1000,\"size\":81.39,\"url\":\"/uploads/large_profile_fb_1583501900_e139d2dc376d_3a094fb737.jpg\"}}', 'profile_fb_1583501900_e139d2dc376d_3a094fb737', '.jpg', 'image/jpeg', '109.62', '/uploads/profile_fb_1583501900_e139d2dc376d_3a094fb737.jpg', NULL, 'local', NULL, '/', '2023-01-21 12:22:43.866000', '2023-01-21 12:22:43.866000', 1, 1),
(31, 'profile-fb-1567334565-5ea5cb6850a2.jpg', NULL, NULL, 1152, 1440, '{\"thumbnail\":{\"name\":\"thumbnail_profile-fb-1567334565-5ea5cb6850a2.jpg\",\"hash\":\"thumbnail_profile_fb_1567334565_5ea5cb6850a2_4a36c19f13\",\"ext\":\".jpg\",\"mime\":\"image/jpeg\",\"path\":null,\"width\":125,\"height\":156,\"size\":5.35,\"url\":\"/uploads/thumbnail_profile_fb_1567334565_5ea5cb6850a2_4a36c19f13.jpg\"},\"medium\":{\"name\":\"medium_profile-fb-1567334565-5ea5cb6850a2.jpg\",\"hash\":\"medium_profile_fb_1567334565_5ea5cb6850a2_4a36c19f13\",\"ext\":\".jpg\",\"mime\":\"image/jpeg\",\"path\":null,\"width\":600,\"height\":750,\"size\":63.05,\"url\":\"/uploads/medium_profile_fb_1567334565_5ea5cb6850a2_4a36c19f13.jpg\"},\"small\":{\"name\":\"small_profile-fb-1567334565-5ea5cb6850a2.jpg\",\"hash\":\"small_profile_fb_1567334565_5ea5cb6850a2_4a36c19f13\",\"ext\":\".jpg\",\"mime\":\"image/jpeg\",\"path\":null,\"width\":400,\"height\":500,\"size\":33.76,\"url\":\"/uploads/small_profile_fb_1567334565_5ea5cb6850a2_4a36c19f13.jpg\"},\"large\":{\"name\":\"large_profile-fb-1567334565-5ea5cb6850a2.jpg\",\"hash\":\"large_profile_fb_1567334565_5ea5cb6850a2_4a36c19f13\",\"ext\":\".jpg\",\"mime\":\"image/jpeg\",\"path\":null,\"width\":800,\"height\":1000,\"size\":95.56,\"url\":\"/uploads/large_profile_fb_1567334565_5ea5cb6850a2_4a36c19f13.jpg\"}}', 'profile_fb_1567334565_5ea5cb6850a2_4a36c19f13', '.jpg', 'image/jpeg', '144.08', '/uploads/profile_fb_1567334565_5ea5cb6850a2_4a36c19f13.jpg', NULL, 'local', NULL, '/', '2023-01-21 12:22:44.025000', '2023-01-21 12:22:44.025000', 1, 1),
(32, 'profile-fb-1549055092-6d80ad48328e.jpg', NULL, NULL, 1440, 1438, '{\"thumbnail\":{\"name\":\"thumbnail_profile-fb-1549055092-6d80ad48328e.jpg\",\"hash\":\"thumbnail_profile_fb_1549055092_6d80ad48328e_e4c3f930f7\",\"ext\":\".jpg\",\"mime\":\"image/jpeg\",\"path\":null,\"width\":157,\"height\":156,\"size\":4.46,\"url\":\"/uploads/thumbnail_profile_fb_1549055092_6d80ad48328e_e4c3f930f7.jpg\"},\"medium\":{\"name\":\"medium_profile-fb-1549055092-6d80ad48328e.jpg\",\"hash\":\"medium_profile_fb_1549055092_6d80ad48328e_e4c3f930f7\",\"ext\":\".jpg\",\"mime\":\"image/jpeg\",\"path\":null,\"width\":750,\"height\":749,\"size\":62.12,\"url\":\"/uploads/medium_profile_fb_1549055092_6d80ad48328e_e4c3f930f7.jpg\"},\"small\":{\"name\":\"small_profile-fb-1549055092-6d80ad48328e.jpg\",\"hash\":\"small_profile_fb_1549055092_6d80ad48328e_e4c3f930f7\",\"ext\":\".jpg\",\"mime\":\"image/jpeg\",\"path\":null,\"width\":500,\"height\":499,\"size\":31.83,\"url\":\"/uploads/small_profile_fb_1549055092_6d80ad48328e_e4c3f930f7.jpg\"},\"large\":{\"name\":\"large_profile-fb-1549055092-6d80ad48328e.jpg\",\"hash\":\"large_profile_fb_1549055092_6d80ad48328e_e4c3f930f7\",\"ext\":\".jpg\",\"mime\":\"image/jpeg\",\"path\":null,\"width\":1000,\"height\":999,\"size\":95.22,\"url\":\"/uploads/large_profile_fb_1549055092_6d80ad48328e_e4c3f930f7.jpg\"}}', 'profile_fb_1549055092_6d80ad48328e_e4c3f930f7', '.jpg', 'image/jpeg', '145.64', '/uploads/profile_fb_1549055092_6d80ad48328e_e4c3f930f7.jpg', NULL, 'local', NULL, '/', '2023-01-21 12:22:44.237000', '2023-01-21 12:22:44.237000', 1, 1),
(33, 'profile-fb-1506466315-b97388a98ed6.jpg', NULL, NULL, 1440, 1440, '{\"thumbnail\":{\"name\":\"thumbnail_profile-fb-1506466315-b97388a98ed6.jpg\",\"hash\":\"thumbnail_profile_fb_1506466315_b97388a98ed6_f844cd4bfd\",\"ext\":\".jpg\",\"mime\":\"image/jpeg\",\"path\":null,\"width\":156,\"height\":156,\"size\":7.21,\"url\":\"/uploads/thumbnail_profile_fb_1506466315_b97388a98ed6_f844cd4bfd.jpg\"},\"large\":{\"name\":\"large_profile-fb-1506466315-b97388a98ed6.jpg\",\"hash\":\"large_profile_fb_1506466315_b97388a98ed6_f844cd4bfd\",\"ext\":\".jpg\",\"mime\":\"image/jpeg\",\"path\":null,\"width\":1000,\"height\":1000,\"size\":157.46,\"url\":\"/uploads/large_profile_fb_1506466315_b97388a98ed6_f844cd4bfd.jpg\"},\"medium\":{\"name\":\"medium_profile-fb-1506466315-b97388a98ed6.jpg\",\"hash\":\"medium_profile_fb_1506466315_b97388a98ed6_f844cd4bfd\",\"ext\":\".jpg\",\"mime\":\"image/jpeg\",\"path\":null,\"width\":750,\"height\":750,\"size\":103.43,\"url\":\"/uploads/medium_profile_fb_1506466315_b97388a98ed6_f844cd4bfd.jpg\"},\"small\":{\"name\":\"small_profile-fb-1506466315-b97388a98ed6.jpg\",\"hash\":\"small_profile_fb_1506466315_b97388a98ed6_f844cd4bfd\",\"ext\":\".jpg\",\"mime\":\"image/jpeg\",\"path\":null,\"width\":500,\"height\":500,\"size\":54.91,\"url\":\"/uploads/small_profile_fb_1506466315_b97388a98ed6_f844cd4bfd.jpg\"}}', 'profile_fb_1506466315_b97388a98ed6_f844cd4bfd', '.jpg', 'image/jpeg', '242.52', '/uploads/profile_fb_1506466315_b97388a98ed6_f844cd4bfd.jpg', NULL, 'local', NULL, '/', '2023-01-21 12:22:44.529000', '2023-01-21 12:22:44.529000', 1, 1),
(34, 'profile-fb-1473235987-04395a3ea634.jpg', NULL, NULL, 1438, 1440, '{\"thumbnail\":{\"name\":\"thumbnail_profile-fb-1473235987-04395a3ea634.jpg\",\"hash\":\"thumbnail_profile_fb_1473235987_04395a3ea634_c68009673e\",\"ext\":\".jpg\",\"mime\":\"image/jpeg\",\"path\":null,\"width\":155,\"height\":156,\"size\":7,\"url\":\"/uploads/thumbnail_profile_fb_1473235987_04395a3ea634_c68009673e.jpg\"},\"small\":{\"name\":\"small_profile-fb-1473235987-04395a3ea634.jpg\",\"hash\":\"small_profile_fb_1473235987_04395a3ea634_c68009673e\",\"ext\":\".jpg\",\"mime\":\"image/jpeg\",\"path\":null,\"width\":499,\"height\":500,\"size\":54.49,\"url\":\"/uploads/small_profile_fb_1473235987_04395a3ea634_c68009673e.jpg\"},\"medium\":{\"name\":\"medium_profile-fb-1473235987-04395a3ea634.jpg\",\"hash\":\"medium_profile_fb_1473235987_04395a3ea634_c68009673e\",\"ext\":\".jpg\",\"mime\":\"image/jpeg\",\"path\":null,\"width\":749,\"height\":750,\"size\":102.76,\"url\":\"/uploads/medium_profile_fb_1473235987_04395a3ea634_c68009673e.jpg\"},\"large\":{\"name\":\"large_profile-fb-1473235987-04395a3ea634.jpg\",\"hash\":\"large_profile_fb_1473235987_04395a3ea634_c68009673e\",\"ext\":\".jpg\",\"mime\":\"image/jpeg\",\"path\":null,\"width\":999,\"height\":1000,\"size\":154.99,\"url\":\"/uploads/large_profile_fb_1473235987_04395a3ea634_c68009673e.jpg\"}}', 'profile_fb_1473235987_04395a3ea634_c68009673e', '.jpg', 'image/jpeg', '235.60', '/uploads/profile_fb_1473235987_04395a3ea634_c68009673e.jpg', NULL, 'local', NULL, '/', '2023-01-21 12:22:44.536000', '2023-01-21 12:22:44.536000', 1, 1),
(35, 'premium_photo-1663126343757-c65116e865e8.jpeg', NULL, NULL, 1000, 618, '{\"thumbnail\":{\"name\":\"thumbnail_premium_photo-1663126343757-c65116e865e8.jpeg\",\"hash\":\"thumbnail_premium_photo_1663126343757_c65116e865e8_ea836120c3\",\"ext\":\".jpeg\",\"mime\":\"image/jpeg\",\"path\":null,\"width\":245,\"height\":151,\"size\":8.88,\"url\":\"/uploads/thumbnail_premium_photo_1663126343757_c65116e865e8_ea836120c3.jpeg\"},\"small\":{\"name\":\"small_premium_photo-1663126343757-c65116e865e8.jpeg\",\"hash\":\"small_premium_photo_1663126343757_c65116e865e8_ea836120c3\",\"ext\":\".jpeg\",\"mime\":\"image/jpeg\",\"path\":null,\"width\":500,\"height\":309,\"size\":27.1,\"url\":\"/uploads/small_premium_photo_1663126343757_c65116e865e8_ea836120c3.jpeg\"},\"medium\":{\"name\":\"medium_premium_photo-1663126343757-c65116e865e8.jpeg\",\"hash\":\"medium_premium_photo_1663126343757_c65116e865e8_ea836120c3\",\"ext\":\".jpeg\",\"mime\":\"image/jpeg\",\"path\":null,\"width\":750,\"height\":464,\"size\":51.16,\"url\":\"/uploads/medium_premium_photo_1663126343757_c65116e865e8_ea836120c3.jpeg\"}}', 'premium_photo_1663126343757_c65116e865e8_ea836120c3', '.jpeg', 'image/jpeg', '80.95', '/uploads/premium_photo_1663126343757_c65116e865e8_ea836120c3.jpeg', NULL, 'local', NULL, '/', '2023-01-21 12:26:25.181000', '2023-01-21 12:26:25.181000', 1, 1),
(36, 'premium_photo-1661375246694-9e3f4859f975.jpeg', NULL, NULL, 1000, 667, '{\"thumbnail\":{\"name\":\"thumbnail_premium_photo-1661375246694-9e3f4859f975.jpeg\",\"hash\":\"thumbnail_premium_photo_1661375246694_9e3f4859f975_847aa839de\",\"ext\":\".jpeg\",\"mime\":\"image/jpeg\",\"path\":null,\"width\":234,\"height\":156,\"size\":8.31,\"url\":\"/uploads/thumbnail_premium_photo_1661375246694_9e3f4859f975_847aa839de.jpeg\"},\"small\":{\"name\":\"small_premium_photo-1661375246694-9e3f4859f975.jpeg\",\"hash\":\"small_premium_photo_1661375246694_9e3f4859f975_847aa839de\",\"ext\":\".jpeg\",\"mime\":\"image/jpeg\",\"path\":null,\"width\":500,\"height\":334,\"size\":25.59,\"url\":\"/uploads/small_premium_photo_1661375246694_9e3f4859f975_847aa839de.jpeg\"},\"medium\":{\"name\":\"medium_premium_photo-1661375246694-9e3f4859f975.jpeg\",\"hash\":\"medium_premium_photo_1661375246694_9e3f4859f975_847aa839de\",\"ext\":\".jpeg\",\"mime\":\"image/jpeg\",\"path\":null,\"width\":750,\"height\":500,\"size\":47.52,\"url\":\"/uploads/medium_premium_photo_1661375246694_9e3f4859f975_847aa839de.jpeg\"}}', 'premium_photo_1661375246694_9e3f4859f975_847aa839de', '.jpeg', 'image/jpeg', '72.49', '/uploads/premium_photo_1661375246694_9e3f4859f975_847aa839de.jpeg', NULL, 'local', NULL, '/', '2023-01-21 12:26:25.188000', '2023-01-21 12:26:25.188000', 1, 1),
(37, 'premium_photo-1661315475050-7ebef88e0eba.jpeg', NULL, NULL, 1000, 667, '{\"thumbnail\":{\"name\":\"thumbnail_premium_photo-1661315475050-7ebef88e0eba.jpeg\",\"hash\":\"thumbnail_premium_photo_1661315475050_7ebef88e0eba_a2b4ffe947\",\"ext\":\".jpeg\",\"mime\":\"image/jpeg\",\"path\":null,\"width\":234,\"height\":156,\"size\":8.44,\"url\":\"/uploads/thumbnail_premium_photo_1661315475050_7ebef88e0eba_a2b4ffe947.jpeg\"},\"medium\":{\"name\":\"medium_premium_photo-1661315475050-7ebef88e0eba.jpeg\",\"hash\":\"medium_premium_photo_1661315475050_7ebef88e0eba_a2b4ffe947\",\"ext\":\".jpeg\",\"mime\":\"image/jpeg\",\"path\":null,\"width\":750,\"height\":500,\"size\":62.53,\"url\":\"/uploads/medium_premium_photo_1661315475050_7ebef88e0eba_a2b4ffe947.jpeg\"},\"small\":{\"name\":\"small_premium_photo-1661315475050-7ebef88e0eba.jpeg\",\"hash\":\"small_premium_photo_1661315475050_7ebef88e0eba_a2b4ffe947\",\"ext\":\".jpeg\",\"mime\":\"image/jpeg\",\"path\":null,\"width\":500,\"height\":334,\"size\":32.24,\"url\":\"/uploads/small_premium_photo_1661315475050_7ebef88e0eba_a2b4ffe947.jpeg\"}}', 'premium_photo_1661315475050_7ebef88e0eba_a2b4ffe947', '.jpeg', 'image/jpeg', '97.54', '/uploads/premium_photo_1661315475050_7ebef88e0eba_a2b4ffe947.jpeg', NULL, 'local', NULL, '/', '2023-01-21 12:26:25.199000', '2023-01-21 12:26:25.199000', 1, 1),
(38, 'premium_photo-1661713954425-f54461f6a3fe.jpeg', NULL, NULL, 1000, 667, '{\"thumbnail\":{\"name\":\"thumbnail_premium_photo-1661713954425-f54461f6a3fe.jpeg\",\"hash\":\"thumbnail_premium_photo_1661713954425_f54461f6a3fe_c5faf9aa00\",\"ext\":\".jpeg\",\"mime\":\"image/jpeg\",\"path\":null,\"width\":234,\"height\":156,\"size\":7.18,\"url\":\"/uploads/thumbnail_premium_photo_1661713954425_f54461f6a3fe_c5faf9aa00.jpeg\"},\"small\":{\"name\":\"small_premium_photo-1661713954425-f54461f6a3fe.jpeg\",\"hash\":\"small_premium_photo_1661713954425_f54461f6a3fe_c5faf9aa00\",\"ext\":\".jpeg\",\"mime\":\"image/jpeg\",\"path\":null,\"width\":500,\"height\":334,\"size\":23.45,\"url\":\"/uploads/small_premium_photo_1661713954425_f54461f6a3fe_c5faf9aa00.jpeg\"},\"medium\":{\"name\":\"medium_premium_photo-1661713954425-f54461f6a3fe.jpeg\",\"hash\":\"medium_premium_photo_1661713954425_f54461f6a3fe_c5faf9aa00\",\"ext\":\".jpeg\",\"mime\":\"image/jpeg\",\"path\":null,\"width\":750,\"height\":500,\"size\":45.82,\"url\":\"/uploads/medium_premium_photo_1661713954425_f54461f6a3fe_c5faf9aa00.jpeg\"}}', 'premium_photo_1661713954425_f54461f6a3fe_c5faf9aa00', '.jpeg', 'image/jpeg', '73.12', '/uploads/premium_photo_1661713954425_f54461f6a3fe_c5faf9aa00.jpeg', NULL, 'local', NULL, '/', '2023-01-21 12:26:25.256000', '2023-01-21 12:26:25.256000', 1, 1),
(39, 'premium_photo-1661499681872-a3a62516a0ab.jpeg', NULL, NULL, 1000, 667, '{\"thumbnail\":{\"name\":\"thumbnail_premium_photo-1661499681872-a3a62516a0ab.jpeg\",\"hash\":\"thumbnail_premium_photo_1661499681872_a3a62516a0ab_c09832279e\",\"ext\":\".jpeg\",\"mime\":\"image/jpeg\",\"path\":null,\"width\":234,\"height\":156,\"size\":8.59,\"url\":\"/uploads/thumbnail_premium_photo_1661499681872_a3a62516a0ab_c09832279e.jpeg\"},\"medium\":{\"name\":\"medium_premium_photo-1661499681872-a3a62516a0ab.jpeg\",\"hash\":\"medium_premium_photo_1661499681872_a3a62516a0ab_c09832279e\",\"ext\":\".jpeg\",\"mime\":\"image/jpeg\",\"path\":null,\"width\":750,\"height\":500,\"size\":45.49,\"url\":\"/uploads/medium_premium_photo_1661499681872_a3a62516a0ab_c09832279e.jpeg\"},\"small\":{\"name\":\"small_premium_photo-1661499681872-a3a62516a0ab.jpeg\",\"hash\":\"small_premium_photo_1661499681872_a3a62516a0ab_c09832279e\",\"ext\":\".jpeg\",\"mime\":\"image/jpeg\",\"path\":null,\"width\":500,\"height\":334,\"size\":25.58,\"url\":\"/uploads/small_premium_photo_1661499681872_a3a62516a0ab_c09832279e.jpeg\"}}', 'premium_photo_1661499681872_a3a62516a0ab_c09832279e', '.jpeg', 'image/jpeg', '67.96', '/uploads/premium_photo_1661499681872_a3a62516a0ab_c09832279e.jpeg', NULL, 'local', NULL, '/', '2023-01-21 12:26:25.320000', '2023-01-21 12:26:25.320000', 1, 1),
(40, 'premium_photo-1663099378595-e2a4194bc095.jpeg', NULL, NULL, 1000, 667, '{\"thumbnail\":{\"name\":\"thumbnail_premium_photo-1663099378595-e2a4194bc095.jpeg\",\"hash\":\"thumbnail_premium_photo_1663099378595_e2a4194bc095_cae89d3058\",\"ext\":\".jpeg\",\"mime\":\"image/jpeg\",\"path\":null,\"width\":234,\"height\":156,\"size\":8.1,\"url\":\"/uploads/thumbnail_premium_photo_1663099378595_e2a4194bc095_cae89d3058.jpeg\"},\"medium\":{\"name\":\"medium_premium_photo-1663099378595-e2a4194bc095.jpeg\",\"hash\":\"medium_premium_photo_1663099378595_e2a4194bc095_cae89d3058\",\"ext\":\".jpeg\",\"mime\":\"image/jpeg\",\"path\":null,\"width\":750,\"height\":500,\"size\":44.2,\"url\":\"/uploads/medium_premium_photo_1663099378595_e2a4194bc095_cae89d3058.jpeg\"},\"small\":{\"name\":\"small_premium_photo-1663099378595-e2a4194bc095.jpeg\",\"hash\":\"small_premium_photo_1663099378595_e2a4194bc095_cae89d3058\",\"ext\":\".jpeg\",\"mime\":\"image/jpeg\",\"path\":null,\"width\":500,\"height\":334,\"size\":24.18,\"url\":\"/uploads/small_premium_photo_1663099378595_e2a4194bc095_cae89d3058.jpeg\"}}', 'premium_photo_1663099378595_e2a4194bc095_cae89d3058', '.jpeg', 'image/jpeg', '66.66', '/uploads/premium_photo_1663099378595_e2a4194bc095_cae89d3058.jpeg', NULL, 'local', NULL, '/', '2023-01-21 12:26:25.330000', '2023-01-21 12:26:25.330000', 1, 1),
(41, 'premium_photo-1663126328139-4d3acbdf0cbf.jpeg', NULL, NULL, 1000, 667, '{\"thumbnail\":{\"name\":\"thumbnail_premium_photo-1663126328139-4d3acbdf0cbf.jpeg\",\"hash\":\"thumbnail_premium_photo_1663126328139_4d3acbdf0cbf_23154a29cc\",\"ext\":\".jpeg\",\"mime\":\"image/jpeg\",\"path\":null,\"width\":234,\"height\":156,\"size\":10.37,\"url\":\"/uploads/thumbnail_premium_photo_1663126328139_4d3acbdf0cbf_23154a29cc.jpeg\"},\"medium\":{\"name\":\"medium_premium_photo-1663126328139-4d3acbdf0cbf.jpeg\",\"hash\":\"medium_premium_photo_1663126328139_4d3acbdf0cbf_23154a29cc\",\"ext\":\".jpeg\",\"mime\":\"image/jpeg\",\"path\":null,\"width\":750,\"height\":500,\"size\":64.74,\"url\":\"/uploads/medium_premium_photo_1663126328139_4d3acbdf0cbf_23154a29cc.jpeg\"},\"small\":{\"name\":\"small_premium_photo-1663126328139-4d3acbdf0cbf.jpeg\",\"hash\":\"small_premium_photo_1663126328139_4d3acbdf0cbf_23154a29cc\",\"ext\":\".jpeg\",\"mime\":\"image/jpeg\",\"path\":null,\"width\":500,\"height\":334,\"size\":34.02,\"url\":\"/uploads/small_premium_photo_1663126328139_4d3acbdf0cbf_23154a29cc.jpeg\"}}', 'premium_photo_1663126328139_4d3acbdf0cbf_23154a29cc', '.jpeg', 'image/jpeg', '100.38', '/uploads/premium_photo_1663126328139_4d3acbdf0cbf_23154a29cc.jpeg', NULL, 'local', NULL, '/', '2023-01-21 12:26:25.982000', '2023-01-21 12:26:25.982000', 1, 1),
(42, 'premium_photo-1661713876824-ea2e4f6554cb.jpeg', NULL, NULL, 1000, 667, '{\"thumbnail\":{\"name\":\"thumbnail_premium_photo-1661713876824-ea2e4f6554cb.jpeg\",\"hash\":\"thumbnail_premium_photo_1661713876824_ea2e4f6554cb_eebc0f2492\",\"ext\":\".jpeg\",\"mime\":\"image/jpeg\",\"path\":null,\"width\":234,\"height\":156,\"size\":6.87,\"url\":\"/uploads/thumbnail_premium_photo_1661713876824_ea2e4f6554cb_eebc0f2492.jpeg\"},\"medium\":{\"name\":\"medium_premium_photo-1661713876824-ea2e4f6554cb.jpeg\",\"hash\":\"medium_premium_photo_1661713876824_ea2e4f6554cb_eebc0f2492\",\"ext\":\".jpeg\",\"mime\":\"image/jpeg\",\"path\":null,\"width\":750,\"height\":500,\"size\":44.18,\"url\":\"/uploads/medium_premium_photo_1661713876824_ea2e4f6554cb_eebc0f2492.jpeg\"},\"small\":{\"name\":\"small_premium_photo-1661713876824-ea2e4f6554cb.jpeg\",\"hash\":\"small_premium_photo_1661713876824_ea2e4f6554cb_eebc0f2492\",\"ext\":\".jpeg\",\"mime\":\"image/jpeg\",\"path\":null,\"width\":500,\"height\":334,\"size\":22.57,\"url\":\"/uploads/small_premium_photo_1661713876824_ea2e4f6554cb_eebc0f2492.jpeg\"}}', 'premium_photo_1661713876824_ea2e4f6554cb_eebc0f2492', '.jpeg', 'image/jpeg', '70.70', '/uploads/premium_photo_1661713876824_ea2e4f6554cb_eebc0f2492.jpeg', NULL, 'local', NULL, '/', '2023-01-21 12:26:25.984000', '2023-01-21 12:26:25.984000', 1, 1);
INSERT INTO `files` (`id`, `name`, `alternative_text`, `caption`, `width`, `height`, `formats`, `hash`, `ext`, `mime`, `size`, `url`, `preview_url`, `provider`, `provider_metadata`, `folder_path`, `created_at`, `updated_at`, `created_by_id`, `updated_by_id`) VALUES
(43, 'premium_photo-1661371691580-e292df94b0e4.jpeg', NULL, NULL, 1000, 667, '{\"thumbnail\":{\"name\":\"thumbnail_premium_photo-1661371691580-e292df94b0e4.jpeg\",\"hash\":\"thumbnail_premium_photo_1661371691580_e292df94b0e4_160afb21fe\",\"ext\":\".jpeg\",\"mime\":\"image/jpeg\",\"path\":null,\"width\":234,\"height\":156,\"size\":5.31,\"url\":\"/uploads/thumbnail_premium_photo_1661371691580_e292df94b0e4_160afb21fe.jpeg\"},\"medium\":{\"name\":\"medium_premium_photo-1661371691580-e292df94b0e4.jpeg\",\"hash\":\"medium_premium_photo_1661371691580_e292df94b0e4_160afb21fe\",\"ext\":\".jpeg\",\"mime\":\"image/jpeg\",\"path\":null,\"width\":750,\"height\":500,\"size\":30.73,\"url\":\"/uploads/medium_premium_photo_1661371691580_e292df94b0e4_160afb21fe.jpeg\"},\"small\":{\"name\":\"small_premium_photo-1661371691580-e292df94b0e4.jpeg\",\"hash\":\"small_premium_photo_1661371691580_e292df94b0e4_160afb21fe\",\"ext\":\".jpeg\",\"mime\":\"image/jpeg\",\"path\":null,\"width\":500,\"height\":334,\"size\":16.51,\"url\":\"/uploads/small_premium_photo_1661371691580_e292df94b0e4_160afb21fe.jpeg\"}}', 'premium_photo_1661371691580_e292df94b0e4_160afb21fe', '.jpeg', 'image/jpeg', '46.70', '/uploads/premium_photo_1661371691580_e292df94b0e4_160afb21fe.jpeg', NULL, 'local', NULL, '/', '2023-01-21 12:26:26.148000', '2023-01-21 12:26:26.148000', 1, 1),
(44, 'premium_photo-1663051023354-0a8309995d87.jpeg', NULL, NULL, 1000, 667, '{\"thumbnail\":{\"name\":\"thumbnail_premium_photo-1663051023354-0a8309995d87.jpeg\",\"hash\":\"thumbnail_premium_photo_1663051023354_0a8309995d87_022c9a5d00\",\"ext\":\".jpeg\",\"mime\":\"image/jpeg\",\"path\":null,\"width\":234,\"height\":156,\"size\":8.16,\"url\":\"/uploads/thumbnail_premium_photo_1663051023354_0a8309995d87_022c9a5d00.jpeg\"},\"small\":{\"name\":\"small_premium_photo-1663051023354-0a8309995d87.jpeg\",\"hash\":\"small_premium_photo_1663051023354_0a8309995d87_022c9a5d00\",\"ext\":\".jpeg\",\"mime\":\"image/jpeg\",\"path\":null,\"width\":500,\"height\":334,\"size\":26.06,\"url\":\"/uploads/small_premium_photo_1663051023354_0a8309995d87_022c9a5d00.jpeg\"},\"medium\":{\"name\":\"medium_premium_photo-1663051023354-0a8309995d87.jpeg\",\"hash\":\"medium_premium_photo_1663051023354_0a8309995d87_022c9a5d00\",\"ext\":\".jpeg\",\"mime\":\"image/jpeg\",\"path\":null,\"width\":750,\"height\":500,\"size\":48.89,\"url\":\"/uploads/medium_premium_photo_1663051023354_0a8309995d87_022c9a5d00.jpeg\"}}', 'premium_photo_1663051023354_0a8309995d87_022c9a5d00', '.jpeg', 'image/jpeg', '75.20', '/uploads/premium_photo_1663051023354_0a8309995d87_022c9a5d00.jpeg', NULL, 'local', NULL, '/', '2023-01-21 12:26:26.173000', '2023-01-21 12:26:26.173000', 1, 1),
(45, 'premium_photo-1664299690387-686c2a89eb74.jpeg', NULL, NULL, 1000, 667, '{\"thumbnail\":{\"name\":\"thumbnail_premium_photo-1664299690387-686c2a89eb74.jpeg\",\"hash\":\"thumbnail_premium_photo_1664299690387_686c2a89eb74_b59059eb49\",\"ext\":\".jpeg\",\"mime\":\"image/jpeg\",\"path\":null,\"width\":234,\"height\":156,\"size\":9.25,\"url\":\"/uploads/thumbnail_premium_photo_1664299690387_686c2a89eb74_b59059eb49.jpeg\"},\"small\":{\"name\":\"small_premium_photo-1664299690387-686c2a89eb74.jpeg\",\"hash\":\"small_premium_photo_1664299690387_686c2a89eb74_b59059eb49\",\"ext\":\".jpeg\",\"mime\":\"image/jpeg\",\"path\":null,\"width\":500,\"height\":334,\"size\":30.78,\"url\":\"/uploads/small_premium_photo_1664299690387_686c2a89eb74_b59059eb49.jpeg\"},\"medium\":{\"name\":\"medium_premium_photo-1664299690387-686c2a89eb74.jpeg\",\"hash\":\"medium_premium_photo_1664299690387_686c2a89eb74_b59059eb49\",\"ext\":\".jpeg\",\"mime\":\"image/jpeg\",\"path\":null,\"width\":750,\"height\":500,\"size\":58.64,\"url\":\"/uploads/medium_premium_photo_1664299690387_686c2a89eb74_b59059eb49.jpeg\"}}', 'premium_photo_1664299690387_686c2a89eb74_b59059eb49', '.jpeg', 'image/jpeg', '90.55', '/uploads/premium_photo_1664299690387_686c2a89eb74_b59059eb49.jpeg', NULL, 'local', NULL, '/', '2023-01-21 12:26:26.233000', '2023-01-21 12:26:26.233000', 1, 1),
(46, 'premium_photo-1661432985396-c3078f491aec.jpeg', NULL, NULL, 1000, 667, '{\"thumbnail\":{\"name\":\"thumbnail_premium_photo-1661432985396-c3078f491aec.jpeg\",\"hash\":\"thumbnail_premium_photo_1661432985396_c3078f491aec_f3ea6908c7\",\"ext\":\".jpeg\",\"mime\":\"image/jpeg\",\"path\":null,\"width\":234,\"height\":156,\"size\":10.06,\"url\":\"/uploads/thumbnail_premium_photo_1661432985396_c3078f491aec_f3ea6908c7.jpeg\"},\"small\":{\"name\":\"small_premium_photo-1661432985396-c3078f491aec.jpeg\",\"hash\":\"small_premium_photo_1661432985396_c3078f491aec_f3ea6908c7\",\"ext\":\".jpeg\",\"mime\":\"image/jpeg\",\"path\":null,\"width\":500,\"height\":334,\"size\":32.26,\"url\":\"/uploads/small_premium_photo_1661432985396_c3078f491aec_f3ea6908c7.jpeg\"},\"medium\":{\"name\":\"medium_premium_photo-1661432985396-c3078f491aec.jpeg\",\"hash\":\"medium_premium_photo_1661432985396_c3078f491aec_f3ea6908c7\",\"ext\":\".jpeg\",\"mime\":\"image/jpeg\",\"path\":null,\"width\":750,\"height\":500,\"size\":59.92,\"url\":\"/uploads/medium_premium_photo_1661432985396_c3078f491aec_f3ea6908c7.jpeg\"}}', 'premium_photo_1661432985396_c3078f491aec_f3ea6908c7', '.jpeg', 'image/jpeg', '90.72', '/uploads/premium_photo_1661432985396_c3078f491aec_f3ea6908c7.jpeg', NULL, 'local', NULL, '/', '2023-01-21 12:26:26.398000', '2023-01-21 12:26:26.398000', 1, 1),
(47, 'photo-1542058186993-286fdce0b580.jpeg', NULL, NULL, 1000, 667, '{\"thumbnail\":{\"name\":\"thumbnail_photo-1542058186993-286fdce0b580.jpeg\",\"hash\":\"thumbnail_photo_1542058186993_286fdce0b580_c3c2cbc274\",\"ext\":\".jpeg\",\"mime\":\"image/jpeg\",\"path\":null,\"width\":234,\"height\":156,\"size\":5.94,\"url\":\"/uploads/thumbnail_photo_1542058186993_286fdce0b580_c3c2cbc274.jpeg\"},\"medium\":{\"name\":\"medium_photo-1542058186993-286fdce0b580.jpeg\",\"hash\":\"medium_photo_1542058186993_286fdce0b580_c3c2cbc274\",\"ext\":\".jpeg\",\"mime\":\"image/jpeg\",\"path\":null,\"width\":750,\"height\":500,\"size\":33.44,\"url\":\"/uploads/medium_photo_1542058186993_286fdce0b580_c3c2cbc274.jpeg\"},\"small\":{\"name\":\"small_photo-1542058186993-286fdce0b580.jpeg\",\"hash\":\"small_photo_1542058186993_286fdce0b580_c3c2cbc274\",\"ext\":\".jpeg\",\"mime\":\"image/jpeg\",\"path\":null,\"width\":500,\"height\":334,\"size\":18.3,\"url\":\"/uploads/small_photo_1542058186993_286fdce0b580_c3c2cbc274.jpeg\"}}', 'photo_1542058186993_286fdce0b580_c3c2cbc274', '.jpeg', 'image/jpeg', '49.39', '/uploads/photo_1542058186993_286fdce0b580_c3c2cbc274.jpeg', NULL, 'local', NULL, '/', '2023-01-21 12:26:26.642000', '2023-01-21 12:26:26.642000', 1, 1),
(48, 'photo-1603252110481-7ba873bf42ab.jpeg', NULL, NULL, 1000, 667, '{\"thumbnail\":{\"name\":\"thumbnail_photo-1603252110481-7ba873bf42ab.jpeg\",\"hash\":\"thumbnail_photo_1603252110481_7ba873bf42ab_d7519bbe67\",\"ext\":\".jpeg\",\"mime\":\"image/jpeg\",\"path\":null,\"width\":234,\"height\":156,\"size\":5.4,\"url\":\"/uploads/thumbnail_photo_1603252110481_7ba873bf42ab_d7519bbe67.jpeg\"},\"small\":{\"name\":\"small_photo-1603252110481-7ba873bf42ab.jpeg\",\"hash\":\"small_photo_1603252110481_7ba873bf42ab_d7519bbe67\",\"ext\":\".jpeg\",\"mime\":\"image/jpeg\",\"path\":null,\"width\":500,\"height\":334,\"size\":16.03,\"url\":\"/uploads/small_photo_1603252110481_7ba873bf42ab_d7519bbe67.jpeg\"},\"medium\":{\"name\":\"medium_photo-1603252110481-7ba873bf42ab.jpeg\",\"hash\":\"medium_photo_1603252110481_7ba873bf42ab_d7519bbe67\",\"ext\":\".jpeg\",\"mime\":\"image/jpeg\",\"path\":null,\"width\":750,\"height\":500,\"size\":33.6,\"url\":\"/uploads/medium_photo_1603252110481_7ba873bf42ab_d7519bbe67.jpeg\"}}', 'photo_1603252110481_7ba873bf42ab_d7519bbe67', '.jpeg', 'image/jpeg', '54.47', '/uploads/photo_1603252110481_7ba873bf42ab_d7519bbe67.jpeg', NULL, 'local', NULL, '/', '2023-01-21 12:26:26.661000', '2023-01-21 12:26:26.661000', 1, 1),
(49, 'photo-1595255958792-2740eb409d4e.jpeg', NULL, NULL, 1000, 667, '{\"thumbnail\":{\"name\":\"thumbnail_photo-1595255958792-2740eb409d4e.jpeg\",\"hash\":\"thumbnail_photo_1595255958792_2740eb409d4e_8777cbe86c\",\"ext\":\".jpeg\",\"mime\":\"image/jpeg\",\"path\":null,\"width\":234,\"height\":156,\"size\":7.21,\"url\":\"/uploads/thumbnail_photo_1595255958792_2740eb409d4e_8777cbe86c.jpeg\"},\"medium\":{\"name\":\"medium_photo-1595255958792-2740eb409d4e.jpeg\",\"hash\":\"medium_photo_1595255958792_2740eb409d4e_8777cbe86c\",\"ext\":\".jpeg\",\"mime\":\"image/jpeg\",\"path\":null,\"width\":750,\"height\":500,\"size\":40.64,\"url\":\"/uploads/medium_photo_1595255958792_2740eb409d4e_8777cbe86c.jpeg\"},\"small\":{\"name\":\"small_photo-1595255958792-2740eb409d4e.jpeg\",\"hash\":\"small_photo_1595255958792_2740eb409d4e_8777cbe86c\",\"ext\":\".jpeg\",\"mime\":\"image/jpeg\",\"path\":null,\"width\":500,\"height\":334,\"size\":22.13,\"url\":\"/uploads/small_photo_1595255958792_2740eb409d4e_8777cbe86c.jpeg\"}}', 'photo_1595255958792_2740eb409d4e_8777cbe86c', '.jpeg', 'image/jpeg', '61.24', '/uploads/photo_1595255958792_2740eb409d4e_8777cbe86c.jpeg', NULL, 'local', NULL, '/', '2023-01-21 12:26:26.867000', '2023-01-21 12:26:26.867000', 1, 1),
(50, 'photo-1586363104862-3a5e2ab60d99.jpeg', NULL, NULL, 1000, 667, '{\"thumbnail\":{\"name\":\"thumbnail_photo-1586363104862-3a5e2ab60d99.jpeg\",\"hash\":\"thumbnail_photo_1586363104862_3a5e2ab60d99_8b22e5167e\",\"ext\":\".jpeg\",\"mime\":\"image/jpeg\",\"path\":null,\"width\":234,\"height\":156,\"size\":6.84,\"url\":\"/uploads/thumbnail_photo_1586363104862_3a5e2ab60d99_8b22e5167e.jpeg\"},\"medium\":{\"name\":\"medium_photo-1586363104862-3a5e2ab60d99.jpeg\",\"hash\":\"medium_photo_1586363104862_3a5e2ab60d99_8b22e5167e\",\"ext\":\".jpeg\",\"mime\":\"image/jpeg\",\"path\":null,\"width\":750,\"height\":500,\"size\":45.53,\"url\":\"/uploads/medium_photo_1586363104862_3a5e2ab60d99_8b22e5167e.jpeg\"},\"small\":{\"name\":\"small_photo-1586363104862-3a5e2ab60d99.jpeg\",\"hash\":\"small_photo_1586363104862_3a5e2ab60d99_8b22e5167e\",\"ext\":\".jpeg\",\"mime\":\"image/jpeg\",\"path\":null,\"width\":500,\"height\":334,\"size\":21.97,\"url\":\"/uploads/small_photo_1586363104862_3a5e2ab60d99_8b22e5167e.jpeg\"}}', 'photo_1586363104862_3a5e2ab60d99_8b22e5167e', '.jpeg', 'image/jpeg', '76.46', '/uploads/photo_1586363104862_3a5e2ab60d99_8b22e5167e.jpeg', NULL, 'local', NULL, '/', '2023-01-21 12:26:26.882000', '2023-01-21 12:26:26.882000', 1, 1),
(51, 'photo-1503342217505-b0a15ec3261c.jpeg', NULL, NULL, 1000, 667, '{\"thumbnail\":{\"name\":\"thumbnail_photo-1503342217505-b0a15ec3261c.jpeg\",\"hash\":\"thumbnail_photo_1503342217505_b0a15ec3261c_0212001d2d\",\"ext\":\".jpeg\",\"mime\":\"image/jpeg\",\"path\":null,\"width\":234,\"height\":156,\"size\":5.18,\"url\":\"/uploads/thumbnail_photo_1503342217505_b0a15ec3261c_0212001d2d.jpeg\"},\"medium\":{\"name\":\"medium_photo-1503342217505-b0a15ec3261c.jpeg\",\"hash\":\"medium_photo_1503342217505_b0a15ec3261c_0212001d2d\",\"ext\":\".jpeg\",\"mime\":\"image/jpeg\",\"path\":null,\"width\":750,\"height\":500,\"size\":52.16,\"url\":\"/uploads/medium_photo_1503342217505_b0a15ec3261c_0212001d2d.jpeg\"},\"small\":{\"name\":\"small_photo-1503342217505-b0a15ec3261c.jpeg\",\"hash\":\"small_photo_1503342217505_b0a15ec3261c_0212001d2d\",\"ext\":\".jpeg\",\"mime\":\"image/jpeg\",\"path\":null,\"width\":500,\"height\":334,\"size\":21.73,\"url\":\"/uploads/small_photo_1503342217505_b0a15ec3261c_0212001d2d.jpeg\"}}', 'photo_1503342217505_b0a15ec3261c_0212001d2d', '.jpeg', 'image/jpeg', '93.62', '/uploads/photo_1503342217505_b0a15ec3261c_0212001d2d.jpeg', NULL, 'local', NULL, '/', '2023-01-21 12:26:26.901000', '2023-01-21 12:26:26.901000', 1, 1),
(52, 'photo-1603251578711-3290ca1a0187.jpeg', NULL, NULL, 1000, 667, '{\"thumbnail\":{\"name\":\"thumbnail_photo-1603251578711-3290ca1a0187.jpeg\",\"hash\":\"thumbnail_photo_1603251578711_3290ca1a0187_7572b1c3c5\",\"ext\":\".jpeg\",\"mime\":\"image/jpeg\",\"path\":null,\"width\":234,\"height\":156,\"size\":5.16,\"url\":\"/uploads/thumbnail_photo_1603251578711_3290ca1a0187_7572b1c3c5.jpeg\"},\"medium\":{\"name\":\"medium_photo-1603251578711-3290ca1a0187.jpeg\",\"hash\":\"medium_photo_1603251578711_3290ca1a0187_7572b1c3c5\",\"ext\":\".jpeg\",\"mime\":\"image/jpeg\",\"path\":null,\"width\":750,\"height\":500,\"size\":27.57,\"url\":\"/uploads/medium_photo_1603251578711_3290ca1a0187_7572b1c3c5.jpeg\"},\"small\":{\"name\":\"small_photo-1603251578711-3290ca1a0187.jpeg\",\"hash\":\"small_photo_1603251578711_3290ca1a0187_7572b1c3c5\",\"ext\":\".jpeg\",\"mime\":\"image/jpeg\",\"path\":null,\"width\":500,\"height\":334,\"size\":15.33,\"url\":\"/uploads/small_photo_1603251578711_3290ca1a0187_7572b1c3c5.jpeg\"}}', 'photo_1603251578711_3290ca1a0187_7572b1c3c5', '.jpeg', 'image/jpeg', '41.36', '/uploads/photo_1603251578711_3290ca1a0187_7572b1c3c5.jpeg', NULL, 'local', NULL, '/', '2023-01-21 12:26:26.953000', '2023-01-21 12:26:26.953000', 1, 1),
(53, 'photo-1603252109612-24fa03d145c8.jpeg', NULL, NULL, 1000, 667, '{\"thumbnail\":{\"name\":\"thumbnail_photo-1603252109612-24fa03d145c8.jpeg\",\"hash\":\"thumbnail_photo_1603252109612_24fa03d145c8_1eae5fba83\",\"ext\":\".jpeg\",\"mime\":\"image/jpeg\",\"path\":null,\"width\":234,\"height\":156,\"size\":3.84,\"url\":\"/uploads/thumbnail_photo_1603252109612_24fa03d145c8_1eae5fba83.jpeg\"},\"medium\":{\"name\":\"medium_photo-1603252109612-24fa03d145c8.jpeg\",\"hash\":\"medium_photo_1603252109612_24fa03d145c8_1eae5fba83\",\"ext\":\".jpeg\",\"mime\":\"image/jpeg\",\"path\":null,\"width\":750,\"height\":500,\"size\":19.65,\"url\":\"/uploads/medium_photo_1603252109612_24fa03d145c8_1eae5fba83.jpeg\"},\"small\":{\"name\":\"small_photo-1603252109612-24fa03d145c8.jpeg\",\"hash\":\"small_photo_1603252109612_24fa03d145c8_1eae5fba83\",\"ext\":\".jpeg\",\"mime\":\"image/jpeg\",\"path\":null,\"width\":500,\"height\":334,\"size\":10.67,\"url\":\"/uploads/small_photo_1603252109612_24fa03d145c8_1eae5fba83.jpeg\"}}', 'photo_1603252109612_24fa03d145c8_1eae5fba83', '.jpeg', 'image/jpeg', '30.20', '/uploads/photo_1603252109612_24fa03d145c8_1eae5fba83.jpeg', NULL, 'local', NULL, '/', '2023-01-21 12:26:27.214000', '2023-01-21 12:26:27.214000', 1, 1),
(54, 'photo-1602810316693-3667c854239a.jpeg', NULL, NULL, 1000, 667, '{\"thumbnail\":{\"name\":\"thumbnail_photo-1602810316693-3667c854239a.jpeg\",\"hash\":\"thumbnail_photo_1602810316693_3667c854239a_782f4400b0\",\"ext\":\".jpeg\",\"mime\":\"image/jpeg\",\"path\":null,\"width\":234,\"height\":156,\"size\":4.54,\"url\":\"/uploads/thumbnail_photo_1602810316693_3667c854239a_782f4400b0.jpeg\"},\"medium\":{\"name\":\"medium_photo-1602810316693-3667c854239a.jpeg\",\"hash\":\"medium_photo_1602810316693_3667c854239a_782f4400b0\",\"ext\":\".jpeg\",\"mime\":\"image/jpeg\",\"path\":null,\"width\":750,\"height\":500,\"size\":47.11,\"url\":\"/uploads/medium_photo_1602810316693_3667c854239a_782f4400b0.jpeg\"},\"small\":{\"name\":\"small_photo-1602810316693-3667c854239a.jpeg\",\"hash\":\"small_photo_1602810316693_3667c854239a_782f4400b0\",\"ext\":\".jpeg\",\"mime\":\"image/jpeg\",\"path\":null,\"width\":500,\"height\":334,\"size\":19.72,\"url\":\"/uploads/small_photo_1602810316693_3667c854239a_782f4400b0.jpeg\"}}', 'photo_1602810316693_3667c854239a_782f4400b0', '.jpeg', 'image/jpeg', '80.33', '/uploads/photo_1602810316693_3667c854239a_782f4400b0.jpeg', NULL, 'local', NULL, '/', '2023-01-21 12:26:27.232000', '2023-01-21 12:26:27.232000', 1, 1),
(55, 'photo-1485218126466-34e6392ec754.jpeg', NULL, NULL, 1000, 667, '{\"thumbnail\":{\"name\":\"thumbnail_photo-1485218126466-34e6392ec754.jpeg\",\"hash\":\"thumbnail_photo_1485218126466_34e6392ec754_5f91b735e1\",\"ext\":\".jpeg\",\"mime\":\"image/jpeg\",\"path\":null,\"width\":234,\"height\":156,\"size\":9.66,\"url\":\"/uploads/thumbnail_photo_1485218126466_34e6392ec754_5f91b735e1.jpeg\"},\"small\":{\"name\":\"small_photo-1485218126466-34e6392ec754.jpeg\",\"hash\":\"small_photo_1485218126466_34e6392ec754_5f91b735e1\",\"ext\":\".jpeg\",\"mime\":\"image/jpeg\",\"path\":null,\"width\":500,\"height\":334,\"size\":33.54,\"url\":\"/uploads/small_photo_1485218126466_34e6392ec754_5f91b735e1.jpeg\"},\"medium\":{\"name\":\"medium_photo-1485218126466-34e6392ec754.jpeg\",\"hash\":\"medium_photo_1485218126466_34e6392ec754_5f91b735e1\",\"ext\":\".jpeg\",\"mime\":\"image/jpeg\",\"path\":null,\"width\":750,\"height\":500,\"size\":65.94,\"url\":\"/uploads/medium_photo_1485218126466_34e6392ec754_5f91b735e1.jpeg\"}}', 'photo_1485218126466_34e6392ec754_5f91b735e1', '.jpeg', 'image/jpeg', '104.79', '/uploads/photo_1485218126466_34e6392ec754_5f91b735e1.jpeg', NULL, 'local', NULL, '/', '2023-01-21 12:26:27.449000', '2023-01-21 12:26:27.449000', 1, 1),
(56, 'photo-1490481651871-ab68de25d43d.jpeg', NULL, NULL, 1000, 667, '{\"thumbnail\":{\"name\":\"thumbnail_photo-1490481651871-ab68de25d43d.jpeg\",\"hash\":\"thumbnail_photo_1490481651871_ab68de25d43d_6d70babe3f\",\"ext\":\".jpeg\",\"mime\":\"image/jpeg\",\"path\":null,\"width\":234,\"height\":156,\"size\":5.95,\"url\":\"/uploads/thumbnail_photo_1490481651871_ab68de25d43d_6d70babe3f.jpeg\"},\"medium\":{\"name\":\"medium_photo-1490481651871-ab68de25d43d.jpeg\",\"hash\":\"medium_photo_1490481651871_ab68de25d43d_6d70babe3f\",\"ext\":\".jpeg\",\"mime\":\"image/jpeg\",\"path\":null,\"width\":750,\"height\":500,\"size\":41.2,\"url\":\"/uploads/medium_photo_1490481651871_ab68de25d43d_6d70babe3f.jpeg\"},\"small\":{\"name\":\"small_photo-1490481651871-ab68de25d43d.jpeg\",\"hash\":\"small_photo_1490481651871_ab68de25d43d_6d70babe3f\",\"ext\":\".jpeg\",\"mime\":\"image/jpeg\",\"path\":null,\"width\":500,\"height\":334,\"size\":20.87,\"url\":\"/uploads/small_photo_1490481651871_ab68de25d43d_6d70babe3f.jpeg\"}}', 'photo_1490481651871_ab68de25d43d_6d70babe3f', '.jpeg', 'image/jpeg', '64.86', '/uploads/photo_1490481651871_ab68de25d43d_6d70babe3f.jpeg', NULL, 'local', NULL, '/', '2023-01-21 12:26:27.476000', '2023-01-21 12:26:27.476000', 1, 1),
(57, 'photo-1603252110971-b8a57087be18.jpeg', NULL, NULL, 1000, 667, '{\"thumbnail\":{\"name\":\"thumbnail_photo-1603252110971-b8a57087be18.jpeg\",\"hash\":\"thumbnail_photo_1603252110971_b8a57087be18_b5f658b3cd\",\"ext\":\".jpeg\",\"mime\":\"image/jpeg\",\"path\":null,\"width\":234,\"height\":156,\"size\":5.5,\"url\":\"/uploads/thumbnail_photo_1603252110971_b8a57087be18_b5f658b3cd.jpeg\"},\"medium\":{\"name\":\"medium_photo-1603252110971-b8a57087be18.jpeg\",\"hash\":\"medium_photo_1603252110971_b8a57087be18_b5f658b3cd\",\"ext\":\".jpeg\",\"mime\":\"image/jpeg\",\"path\":null,\"width\":750,\"height\":500,\"size\":30.19,\"url\":\"/uploads/medium_photo_1603252110971_b8a57087be18_b5f658b3cd.jpeg\"},\"small\":{\"name\":\"small_photo-1603252110971-b8a57087be18.jpeg\",\"hash\":\"small_photo_1603252110971_b8a57087be18_b5f658b3cd\",\"ext\":\".jpeg\",\"mime\":\"image/jpeg\",\"path\":null,\"width\":500,\"height\":334,\"size\":16.31,\"url\":\"/uploads/small_photo_1603252110971_b8a57087be18_b5f658b3cd.jpeg\"}}', 'photo_1603252110971_b8a57087be18_b5f658b3cd', '.jpeg', 'image/jpeg', '45.48', '/uploads/photo_1603252110971_b8a57087be18_b5f658b3cd.jpeg', NULL, 'local', NULL, '/', '2023-01-21 12:26:27.513000', '2023-01-21 12:26:27.513000', 1, 1),
(58, 'photo-1602810318383-e386cc2a3ccf.jpeg', NULL, NULL, 1000, 667, '{\"thumbnail\":{\"name\":\"thumbnail_photo-1602810318383-e386cc2a3ccf.jpeg\",\"hash\":\"thumbnail_photo_1602810318383_e386cc2a3ccf_3ce9f4c51d\",\"ext\":\".jpeg\",\"mime\":\"image/jpeg\",\"path\":null,\"width\":234,\"height\":156,\"size\":7.82,\"url\":\"/uploads/thumbnail_photo_1602810318383_e386cc2a3ccf_3ce9f4c51d.jpeg\"},\"medium\":{\"name\":\"medium_photo-1602810318383-e386cc2a3ccf.jpeg\",\"hash\":\"medium_photo_1602810318383_e386cc2a3ccf_3ce9f4c51d\",\"ext\":\".jpeg\",\"mime\":\"image/jpeg\",\"path\":null,\"width\":750,\"height\":500,\"size\":56.53,\"url\":\"/uploads/medium_photo_1602810318383_e386cc2a3ccf_3ce9f4c51d.jpeg\"},\"small\":{\"name\":\"small_photo-1602810318383-e386cc2a3ccf.jpeg\",\"hash\":\"small_photo_1602810318383_e386cc2a3ccf_3ce9f4c51d\",\"ext\":\".jpeg\",\"mime\":\"image/jpeg\",\"path\":null,\"width\":500,\"height\":334,\"size\":26.48,\"url\":\"/uploads/small_photo_1602810318383_e386cc2a3ccf_3ce9f4c51d.jpeg\"}}', 'photo_1602810318383_e386cc2a3ccf_3ce9f4c51d', '.jpeg', 'image/jpeg', '96.71', '/uploads/photo_1602810318383_e386cc2a3ccf_3ce9f4c51d.jpeg', NULL, 'local', NULL, '/', '2023-01-21 12:26:27.543000', '2023-01-21 12:26:27.543000', 1, 1),
(59, 'photo-1564584217132-2271feaeb3c5.jpeg', NULL, NULL, 1000, 667, '{\"thumbnail\":{\"name\":\"thumbnail_photo-1564584217132-2271feaeb3c5.jpeg\",\"hash\":\"thumbnail_photo_1564584217132_2271feaeb3c5_ec77ef9d6b\",\"ext\":\".jpeg\",\"mime\":\"image/jpeg\",\"path\":null,\"width\":234,\"height\":156,\"size\":3.34,\"url\":\"/uploads/thumbnail_photo_1564584217132_2271feaeb3c5_ec77ef9d6b.jpeg\"},\"medium\":{\"name\":\"medium_photo-1564584217132-2271feaeb3c5.jpeg\",\"hash\":\"medium_photo_1564584217132_2271feaeb3c5_ec77ef9d6b\",\"ext\":\".jpeg\",\"mime\":\"image/jpeg\",\"path\":null,\"width\":750,\"height\":500,\"size\":24.02,\"url\":\"/uploads/medium_photo_1564584217132_2271feaeb3c5_ec77ef9d6b.jpeg\"},\"small\":{\"name\":\"small_photo-1564584217132-2271feaeb3c5.jpeg\",\"hash\":\"small_photo_1564584217132_2271feaeb3c5_ec77ef9d6b\",\"ext\":\".jpeg\",\"mime\":\"image/jpeg\",\"path\":null,\"width\":500,\"height\":334,\"size\":11.26,\"url\":\"/uploads/small_photo_1564584217132_2271feaeb3c5_ec77ef9d6b.jpeg\"}}', 'photo_1564584217132_2271feaeb3c5_ec77ef9d6b', '.jpeg', 'image/jpeg', '40.74', '/uploads/photo_1564584217132_2271feaeb3c5_ec77ef9d6b.jpeg', NULL, 'local', NULL, '/', '2023-01-21 12:26:27.786000', '2023-01-21 12:26:27.786000', 1, 1),
(60, 'photo-1561052967-61fc91e48d79.jpeg', NULL, NULL, 1000, 667, '{\"thumbnail\":{\"name\":\"thumbnail_photo-1561052967-61fc91e48d79.jpeg\",\"hash\":\"thumbnail_photo_1561052967_61fc91e48d79_1c590c343e\",\"ext\":\".jpeg\",\"mime\":\"image/jpeg\",\"path\":null,\"width\":234,\"height\":156,\"size\":9.88,\"url\":\"/uploads/thumbnail_photo_1561052967_61fc91e48d79_1c590c343e.jpeg\"},\"medium\":{\"name\":\"medium_photo-1561052967-61fc91e48d79.jpeg\",\"hash\":\"medium_photo_1561052967_61fc91e48d79_1c590c343e\",\"ext\":\".jpeg\",\"mime\":\"image/jpeg\",\"path\":null,\"width\":750,\"height\":500,\"size\":57.99,\"url\":\"/uploads/medium_photo_1561052967_61fc91e48d79_1c590c343e.jpeg\"},\"small\":{\"name\":\"small_photo-1561052967-61fc91e48d79.jpeg\",\"hash\":\"small_photo_1561052967_61fc91e48d79_1c590c343e\",\"ext\":\".jpeg\",\"mime\":\"image/jpeg\",\"path\":null,\"width\":500,\"height\":334,\"size\":31.23,\"url\":\"/uploads/small_photo_1561052967_61fc91e48d79_1c590c343e.jpeg\"}}', 'photo_1561052967_61fc91e48d79_1c590c343e', '.jpeg', 'image/jpeg', '87.74', '/uploads/photo_1561052967_61fc91e48d79_1c590c343e.jpeg', NULL, 'local', NULL, '/', '2023-01-21 12:26:27.826000', '2023-01-21 12:26:27.826000', 1, 1),
(61, 'photo-1602810316498-ab67cf68c8e1.jpeg', NULL, NULL, 1000, 667, '{\"thumbnail\":{\"name\":\"thumbnail_photo-1602810316498-ab67cf68c8e1.jpeg\",\"hash\":\"thumbnail_photo_1602810316498_ab67cf68c8e1_5bf191f4cc\",\"ext\":\".jpeg\",\"mime\":\"image/jpeg\",\"path\":null,\"width\":234,\"height\":156,\"size\":4.51,\"url\":\"/uploads/thumbnail_photo_1602810316498_ab67cf68c8e1_5bf191f4cc.jpeg\"},\"small\":{\"name\":\"small_photo-1602810316498-ab67cf68c8e1.jpeg\",\"hash\":\"small_photo_1602810316498_ab67cf68c8e1_5bf191f4cc\",\"ext\":\".jpeg\",\"mime\":\"image/jpeg\",\"path\":null,\"width\":500,\"height\":334,\"size\":13.31,\"url\":\"/uploads/small_photo_1602810316498_ab67cf68c8e1_5bf191f4cc.jpeg\"},\"medium\":{\"name\":\"medium_photo-1602810316498-ab67cf68c8e1.jpeg\",\"hash\":\"medium_photo_1602810316498_ab67cf68c8e1_5bf191f4cc\",\"ext\":\".jpeg\",\"mime\":\"image/jpeg\",\"path\":null,\"width\":750,\"height\":500,\"size\":24.54,\"url\":\"/uploads/medium_photo_1602810316498_ab67cf68c8e1_5bf191f4cc.jpeg\"}}', 'photo_1602810316498_ab67cf68c8e1_5bf191f4cc', '.jpeg', 'image/jpeg', '37.72', '/uploads/photo_1602810316498_ab67cf68c8e1_5bf191f4cc.jpeg', NULL, 'local', NULL, '/', '2023-01-21 12:26:27.937000', '2023-01-21 12:26:27.937000', 1, 1),
(62, 'premium_photo-1661338918079-e6fc2e4519bb.jpeg', NULL, NULL, 1000, 668, '{\"thumbnail\":{\"name\":\"thumbnail_premium_photo-1661338918079-e6fc2e4519bb.jpeg\",\"hash\":\"thumbnail_premium_photo_1661338918079_e6fc2e4519bb_346662fc13\",\"ext\":\".jpeg\",\"mime\":\"image/jpeg\",\"path\":null,\"width\":234,\"height\":156,\"size\":9.91,\"url\":\"/uploads/thumbnail_premium_photo_1661338918079_e6fc2e4519bb_346662fc13.jpeg\"},\"medium\":{\"name\":\"medium_premium_photo-1661338918079-e6fc2e4519bb.jpeg\",\"hash\":\"medium_premium_photo_1661338918079_e6fc2e4519bb_346662fc13\",\"ext\":\".jpeg\",\"mime\":\"image/jpeg\",\"path\":null,\"width\":750,\"height\":501,\"size\":52.24,\"url\":\"/uploads/medium_premium_photo_1661338918079_e6fc2e4519bb_346662fc13.jpeg\"},\"small\":{\"name\":\"small_premium_photo-1661338918079-e6fc2e4519bb.jpeg\",\"hash\":\"small_premium_photo_1661338918079_e6fc2e4519bb_346662fc13\",\"ext\":\".jpeg\",\"mime\":\"image/jpeg\",\"path\":null,\"width\":500,\"height\":334,\"size\":29.25,\"url\":\"/uploads/small_premium_photo_1661338918079_e6fc2e4519bb_346662fc13.jpeg\"}}', 'premium_photo_1661338918079_e6fc2e4519bb_346662fc13', '.jpeg', 'image/jpeg', '77.67', '/uploads/premium_photo_1661338918079_e6fc2e4519bb_346662fc13.jpeg', NULL, 'local', NULL, '/', '2023-01-21 12:26:28.111000', '2023-01-21 12:26:28.111000', 1, 1),
(63, 'photo-1508427953056-b00b8d78ebf5.jpeg', NULL, NULL, 1000, 667, '{\"thumbnail\":{\"name\":\"thumbnail_photo-1508427953056-b00b8d78ebf5.jpeg\",\"hash\":\"thumbnail_photo_1508427953056_b00b8d78ebf5_97bcdbdd43\",\"ext\":\".jpeg\",\"mime\":\"image/jpeg\",\"path\":null,\"width\":234,\"height\":156,\"size\":8.59,\"url\":\"/uploads/thumbnail_photo_1508427953056_b00b8d78ebf5_97bcdbdd43.jpeg\"},\"small\":{\"name\":\"small_photo-1508427953056-b00b8d78ebf5.jpeg\",\"hash\":\"small_photo_1508427953056_b00b8d78ebf5_97bcdbdd43\",\"ext\":\".jpeg\",\"mime\":\"image/jpeg\",\"path\":null,\"width\":500,\"height\":334,\"size\":32.64,\"url\":\"/uploads/small_photo_1508427953056_b00b8d78ebf5_97bcdbdd43.jpeg\"},\"medium\":{\"name\":\"medium_photo-1508427953056-b00b8d78ebf5.jpeg\",\"hash\":\"medium_photo_1508427953056_b00b8d78ebf5_97bcdbdd43\",\"ext\":\".jpeg\",\"mime\":\"image/jpeg\",\"path\":null,\"width\":750,\"height\":500,\"size\":69.52,\"url\":\"/uploads/medium_photo_1508427953056_b00b8d78ebf5_97bcdbdd43.jpeg\"}}', 'photo_1508427953056_b00b8d78ebf5_97bcdbdd43', '.jpeg', 'image/jpeg', '116.64', '/uploads/photo_1508427953056_b00b8d78ebf5_97bcdbdd43.jpeg', NULL, 'local', NULL, '/', '2023-01-21 12:26:28.121000', '2023-01-21 12:26:28.121000', 1, 1),
(64, 'photo-1602810319428-019690571b5b.jpeg', NULL, NULL, 1000, 667, '{\"thumbnail\":{\"name\":\"thumbnail_photo-1602810319428-019690571b5b.jpeg\",\"hash\":\"thumbnail_photo_1602810319428_019690571b5b_f46f9e422c\",\"ext\":\".jpeg\",\"mime\":\"image/jpeg\",\"path\":null,\"width\":234,\"height\":156,\"size\":7.36,\"url\":\"/uploads/thumbnail_photo_1602810319428_019690571b5b_f46f9e422c.jpeg\"},\"small\":{\"name\":\"small_photo-1602810319428-019690571b5b.jpeg\",\"hash\":\"small_photo_1602810319428_019690571b5b_f46f9e422c\",\"ext\":\".jpeg\",\"mime\":\"image/jpeg\",\"path\":null,\"width\":500,\"height\":334,\"size\":46.78,\"url\":\"/uploads/small_photo_1602810319428_019690571b5b_f46f9e422c.jpeg\"},\"medium\":{\"name\":\"medium_photo-1602810319428-019690571b5b.jpeg\",\"hash\":\"medium_photo_1602810319428_019690571b5b_f46f9e422c\",\"ext\":\".jpeg\",\"mime\":\"image/jpeg\",\"path\":null,\"width\":750,\"height\":500,\"size\":108.42,\"url\":\"/uploads/medium_photo_1602810319428_019690571b5b_f46f9e422c.jpeg\"}}', 'photo_1602810319428_019690571b5b_f46f9e422c', '.jpeg', 'image/jpeg', '188.33', '/uploads/photo_1602810319428_019690571b5b_f46f9e422c.jpeg', NULL, 'local', NULL, '/', '2023-01-21 12:26:28.153000', '2023-01-21 12:26:28.153000', 1, 1),
(65, 'photo-1523381294911-8d3cead13475.jpeg', NULL, NULL, 1000, 667, '{\"thumbnail\":{\"name\":\"thumbnail_photo-1523381294911-8d3cead13475.jpeg\",\"hash\":\"thumbnail_photo_1523381294911_8d3cead13475_0f9bdf15af\",\"ext\":\".jpeg\",\"mime\":\"image/jpeg\",\"path\":null,\"width\":234,\"height\":156,\"size\":6.37,\"url\":\"/uploads/thumbnail_photo_1523381294911_8d3cead13475_0f9bdf15af.jpeg\"},\"medium\":{\"name\":\"medium_photo-1523381294911-8d3cead13475.jpeg\",\"hash\":\"medium_photo_1523381294911_8d3cead13475_0f9bdf15af\",\"ext\":\".jpeg\",\"mime\":\"image/jpeg\",\"path\":null,\"width\":750,\"height\":500,\"size\":40.79,\"url\":\"/uploads/medium_photo_1523381294911_8d3cead13475_0f9bdf15af.jpeg\"},\"small\":{\"name\":\"small_photo-1523381294911-8d3cead13475.jpeg\",\"hash\":\"small_photo_1523381294911_8d3cead13475_0f9bdf15af\",\"ext\":\".jpeg\",\"mime\":\"image/jpeg\",\"path\":null,\"width\":500,\"height\":334,\"size\":20.66,\"url\":\"/uploads/small_photo_1523381294911_8d3cead13475_0f9bdf15af.jpeg\"}}', 'photo_1523381294911_8d3cead13475_0f9bdf15af', '.jpeg', 'image/jpeg', '66.10', '/uploads/photo_1523381294911_8d3cead13475_0f9bdf15af.jpeg', NULL, 'local', NULL, '/', '2023-01-21 12:26:28.323000', '2023-01-21 12:26:28.323000', 1, 1),
(66, 'premium_photo-1661386106307-b57c5ce848ba.jpeg', NULL, NULL, 1000, 668, '{\"thumbnail\":{\"name\":\"thumbnail_premium_photo-1661386106307-b57c5ce848ba.jpeg\",\"hash\":\"thumbnail_premium_photo_1661386106307_b57c5ce848ba_86aefc49ef\",\"ext\":\".jpeg\",\"mime\":\"image/jpeg\",\"path\":null,\"width\":234,\"height\":156,\"size\":8.14,\"url\":\"/uploads/thumbnail_premium_photo_1661386106307_b57c5ce848ba_86aefc49ef.jpeg\"},\"medium\":{\"name\":\"medium_premium_photo-1661386106307-b57c5ce848ba.jpeg\",\"hash\":\"medium_premium_photo_1661386106307_b57c5ce848ba_86aefc49ef\",\"ext\":\".jpeg\",\"mime\":\"image/jpeg\",\"path\":null,\"width\":750,\"height\":501,\"size\":44.02,\"url\":\"/uploads/medium_premium_photo_1661386106307_b57c5ce848ba_86aefc49ef.jpeg\"},\"small\":{\"name\":\"small_premium_photo-1661386106307-b57c5ce848ba.jpeg\",\"hash\":\"small_premium_photo_1661386106307_b57c5ce848ba_86aefc49ef\",\"ext\":\".jpeg\",\"mime\":\"image/jpeg\",\"path\":null,\"width\":500,\"height\":334,\"size\":24.45,\"url\":\"/uploads/small_premium_photo_1661386106307_b57c5ce848ba_86aefc49ef.jpeg\"}}', 'premium_photo_1661386106307_b57c5ce848ba_86aefc49ef', '.jpeg', 'image/jpeg', '65.72', '/uploads/premium_photo_1661386106307_b57c5ce848ba_86aefc49ef.jpeg', NULL, 'local', NULL, '/', '2023-01-21 12:26:28.391000', '2023-01-21 12:26:28.391000', 1, 1),
(67, 'premium_photo-1661370397692-ace3346feb27.jpeg', NULL, NULL, 1000, 668, '{\"thumbnail\":{\"name\":\"thumbnail_premium_photo-1661370397692-ace3346feb27.jpeg\",\"hash\":\"thumbnail_premium_photo_1661370397692_ace3346feb27_a511b822c4\",\"ext\":\".jpeg\",\"mime\":\"image/jpeg\",\"path\":null,\"width\":234,\"height\":156,\"size\":6.38,\"url\":\"/uploads/thumbnail_premium_photo_1661370397692_ace3346feb27_a511b822c4.jpeg\"},\"medium\":{\"name\":\"medium_premium_photo-1661370397692-ace3346feb27.jpeg\",\"hash\":\"medium_premium_photo_1661370397692_ace3346feb27_a511b822c4\",\"ext\":\".jpeg\",\"mime\":\"image/jpeg\",\"path\":null,\"width\":750,\"height\":501,\"size\":47.1,\"url\":\"/uploads/medium_premium_photo_1661370397692_ace3346feb27_a511b822c4.jpeg\"},\"small\":{\"name\":\"small_premium_photo-1661370397692-ace3346feb27.jpeg\",\"hash\":\"small_premium_photo_1661370397692_ace3346feb27_a511b822c4\",\"ext\":\".jpeg\",\"mime\":\"image/jpeg\",\"path\":null,\"width\":500,\"height\":334,\"size\":22.11,\"url\":\"/uploads/small_premium_photo_1661370397692_ace3346feb27_a511b822c4.jpeg\"}}', 'premium_photo_1661370397692_ace3346feb27_a511b822c4', '.jpeg', 'image/jpeg', '82.26', '/uploads/premium_photo_1661370397692_ace3346feb27_a511b822c4.jpeg', NULL, 'local', NULL, '/', '2023-01-21 12:26:28.517000', '2023-01-21 12:26:28.517000', 1, 1),
(68, 'photo-1529374255404-311a2a4f1fd9.jpeg', NULL, NULL, 1000, 668, '{\"thumbnail\":{\"name\":\"thumbnail_photo-1529374255404-311a2a4f1fd9.jpeg\",\"hash\":\"thumbnail_photo_1529374255404_311a2a4f1fd9_3c0e078024\",\"ext\":\".jpeg\",\"mime\":\"image/jpeg\",\"path\":null,\"width\":234,\"height\":156,\"size\":5.62,\"url\":\"/uploads/thumbnail_photo_1529374255404_311a2a4f1fd9_3c0e078024.jpeg\"},\"small\":{\"name\":\"small_photo-1529374255404-311a2a4f1fd9.jpeg\",\"hash\":\"small_photo_1529374255404_311a2a4f1fd9_3c0e078024\",\"ext\":\".jpeg\",\"mime\":\"image/jpeg\",\"path\":null,\"width\":500,\"height\":334,\"size\":16.68,\"url\":\"/uploads/small_photo_1529374255404_311a2a4f1fd9_3c0e078024.jpeg\"},\"medium\":{\"name\":\"medium_photo-1529374255404-311a2a4f1fd9.jpeg\",\"hash\":\"medium_photo_1529374255404_311a2a4f1fd9_3c0e078024\",\"ext\":\".jpeg\",\"mime\":\"image/jpeg\",\"path\":null,\"width\":750,\"height\":501,\"size\":30.7,\"url\":\"/uploads/medium_photo_1529374255404_311a2a4f1fd9_3c0e078024.jpeg\"}}', 'photo_1529374255404_311a2a4f1fd9_3c0e078024', '.jpeg', 'image/jpeg', '46.87', '/uploads/photo_1529374255404_311a2a4f1fd9_3c0e078024.jpeg', NULL, 'local', NULL, '/', '2023-01-21 12:26:28.596000', '2023-01-21 12:26:28.596000', 1, 1),
(69, 'photo-1610502778270-c5c6f4c7d575.jpeg', NULL, NULL, 1000, 670, '{\"thumbnail\":{\"name\":\"thumbnail_photo-1610502778270-c5c6f4c7d575.jpeg\",\"hash\":\"thumbnail_photo_1610502778270_c5c6f4c7d575_bf4acdc355\",\"ext\":\".jpeg\",\"mime\":\"image/jpeg\",\"path\":null,\"width\":233,\"height\":156,\"size\":4.6,\"url\":\"/uploads/thumbnail_photo_1610502778270_c5c6f4c7d575_bf4acdc355.jpeg\"},\"medium\":{\"name\":\"medium_photo-1610502778270-c5c6f4c7d575.jpeg\",\"hash\":\"medium_photo_1610502778270_c5c6f4c7d575_bf4acdc355\",\"ext\":\".jpeg\",\"mime\":\"image/jpeg\",\"path\":null,\"width\":750,\"height\":503,\"size\":24.11,\"url\":\"/uploads/medium_photo_1610502778270_c5c6f4c7d575_bf4acdc355.jpeg\"},\"small\":{\"name\":\"small_photo-1610502778270-c5c6f4c7d575.jpeg\",\"hash\":\"small_photo_1610502778270_c5c6f4c7d575_bf4acdc355\",\"ext\":\".jpeg\",\"mime\":\"image/jpeg\",\"path\":null,\"width\":500,\"height\":335,\"size\":13.45,\"url\":\"/uploads/small_photo_1610502778270_c5c6f4c7d575_bf4acdc355.jpeg\"}}', 'photo_1610502778270_c5c6f4c7d575_bf4acdc355', '.jpeg', 'image/jpeg', '35.85', '/uploads/photo_1610502778270_c5c6f4c7d575_bf4acdc355.jpeg', NULL, 'local', NULL, '/', '2023-01-21 12:26:28.674000', '2023-01-21 12:26:28.674000', 1, 1),
(70, 'premium_photo-1663100029629-4e905fb5f392.jpeg', NULL, NULL, 1000, 672, '{\"thumbnail\":{\"name\":\"thumbnail_premium_photo-1663100029629-4e905fb5f392.jpeg\",\"hash\":\"thumbnail_premium_photo_1663100029629_4e905fb5f392_45571f6e58\",\"ext\":\".jpeg\",\"mime\":\"image/jpeg\",\"path\":null,\"width\":232,\"height\":156,\"size\":7.84,\"url\":\"/uploads/thumbnail_premium_photo_1663100029629_4e905fb5f392_45571f6e58.jpeg\"},\"medium\":{\"name\":\"medium_premium_photo-1663100029629-4e905fb5f392.jpeg\",\"hash\":\"medium_premium_photo_1663100029629_4e905fb5f392_45571f6e58\",\"ext\":\".jpeg\",\"mime\":\"image/jpeg\",\"path\":null,\"width\":750,\"height\":504,\"size\":44.89,\"url\":\"/uploads/medium_premium_photo_1663100029629_4e905fb5f392_45571f6e58.jpeg\"},\"small\":{\"name\":\"small_premium_photo-1663100029629-4e905fb5f392.jpeg\",\"hash\":\"small_premium_photo_1663100029629_4e905fb5f392_45571f6e58\",\"ext\":\".jpeg\",\"mime\":\"image/jpeg\",\"path\":null,\"width\":500,\"height\":336,\"size\":24.38,\"url\":\"/uploads/small_premium_photo_1663100029629_4e905fb5f392_45571f6e58.jpeg\"}}', 'premium_photo_1663100029629_4e905fb5f392_45571f6e58', '.jpeg', 'image/jpeg', '68.44', '/uploads/premium_photo_1663100029629_4e905fb5f392_45571f6e58.jpeg', NULL, 'local', NULL, '/', '2023-01-21 12:26:28.711000', '2023-01-21 12:26:28.711000', 1, 1),
(71, 'premium_photo-1661416814105-5a4e98260a4b.jpeg', NULL, NULL, 1000, 689, '{\"thumbnail\":{\"name\":\"thumbnail_premium_photo-1661416814105-5a4e98260a4b.jpeg\",\"hash\":\"thumbnail_premium_photo_1661416814105_5a4e98260a4b_6aa59e002a\",\"ext\":\".jpeg\",\"mime\":\"image/jpeg\",\"path\":null,\"width\":227,\"height\":156,\"size\":5.11,\"url\":\"/uploads/thumbnail_premium_photo_1661416814105_5a4e98260a4b_6aa59e002a.jpeg\"},\"medium\":{\"name\":\"medium_premium_photo-1661416814105-5a4e98260a4b.jpeg\",\"hash\":\"medium_premium_photo_1661416814105_5a4e98260a4b_6aa59e002a\",\"ext\":\".jpeg\",\"mime\":\"image/jpeg\",\"path\":null,\"width\":750,\"height\":517,\"size\":31.21,\"url\":\"/uploads/medium_premium_photo_1661416814105_5a4e98260a4b_6aa59e002a.jpeg\"},\"small\":{\"name\":\"small_premium_photo-1661416814105-5a4e98260a4b.jpeg\",\"hash\":\"small_premium_photo_1661416814105_5a4e98260a4b_6aa59e002a\",\"ext\":\".jpeg\",\"mime\":\"image/jpeg\",\"path\":null,\"width\":500,\"height\":345,\"size\":16.63,\"url\":\"/uploads/small_premium_photo_1661416814105_5a4e98260a4b_6aa59e002a.jpeg\"}}', 'premium_photo_1661416814105_5a4e98260a4b_6aa59e002a', '.jpeg', 'image/jpeg', '49.22', '/uploads/premium_photo_1661416814105_5a4e98260a4b_6aa59e002a.jpeg', NULL, 'local', NULL, '/', '2023-01-21 12:26:28.950000', '2023-01-21 12:26:28.950000', 1, 1),
(72, 'photo-1622290319146-7b63df48a635.jpeg', NULL, NULL, 1000, 751, '{\"thumbnail\":{\"name\":\"thumbnail_photo-1622290319146-7b63df48a635.jpeg\",\"hash\":\"thumbnail_photo_1622290319146_7b63df48a635_cae0115de9\",\"ext\":\".jpeg\",\"mime\":\"image/jpeg\",\"path\":null,\"width\":208,\"height\":156,\"size\":2.67,\"url\":\"/uploads/thumbnail_photo_1622290319146_7b63df48a635_cae0115de9.jpeg\"},\"medium\":{\"name\":\"medium_photo-1622290319146-7b63df48a635.jpeg\",\"hash\":\"medium_photo_1622290319146_7b63df48a635_cae0115de9\",\"ext\":\".jpeg\",\"mime\":\"image/jpeg\",\"path\":null,\"width\":750,\"height\":563,\"size\":18.88,\"url\":\"/uploads/medium_photo_1622290319146_7b63df48a635_cae0115de9.jpeg\"},\"small\":{\"name\":\"small_photo-1622290319146-7b63df48a635.jpeg\",\"hash\":\"small_photo_1622290319146_7b63df48a635_cae0115de9\",\"ext\":\".jpeg\",\"mime\":\"image/jpeg\",\"path\":null,\"width\":500,\"height\":376,\"size\":9.96,\"url\":\"/uploads/small_photo_1622290319146_7b63df48a635_cae0115de9.jpeg\"}}', 'photo_1622290319146_7b63df48a635_cae0115de9', '.jpeg', 'image/jpeg', '28.92', '/uploads/photo_1622290319146_7b63df48a635_cae0115de9.jpeg', NULL, 'local', NULL, '/', '2023-01-21 12:26:28.973000', '2023-01-21 12:26:28.973000', 1, 1),
(73, 'photo-1622290291720-ac961c43ee30.jpeg', NULL, NULL, 1000, 751, '{\"thumbnail\":{\"name\":\"thumbnail_photo-1622290291720-ac961c43ee30.jpeg\",\"hash\":\"thumbnail_photo_1622290291720_ac961c43ee30_62285c51ce\",\"ext\":\".jpeg\",\"mime\":\"image/jpeg\",\"path\":null,\"width\":208,\"height\":156,\"size\":3.19,\"url\":\"/uploads/thumbnail_photo_1622290291720_ac961c43ee30_62285c51ce.jpeg\"},\"medium\":{\"name\":\"medium_photo-1622290291720-ac961c43ee30.jpeg\",\"hash\":\"medium_photo_1622290291720_ac961c43ee30_62285c51ce\",\"ext\":\".jpeg\",\"mime\":\"image/jpeg\",\"path\":null,\"width\":750,\"height\":563,\"size\":20.52,\"url\":\"/uploads/medium_photo_1622290291720_ac961c43ee30_62285c51ce.jpeg\"},\"small\":{\"name\":\"small_photo-1622290291720-ac961c43ee30.jpeg\",\"hash\":\"small_photo_1622290291720_ac961c43ee30_62285c51ce\",\"ext\":\".jpeg\",\"mime\":\"image/jpeg\",\"path\":null,\"width\":500,\"height\":376,\"size\":11.26,\"url\":\"/uploads/small_photo_1622290291720_ac961c43ee30_62285c51ce.jpeg\"}}', 'photo_1622290291720_ac961c43ee30_62285c51ce', '.jpeg', 'image/jpeg', '30.78', '/uploads/photo_1622290291720_ac961c43ee30_62285c51ce.jpeg', NULL, 'local', NULL, '/', '2023-01-21 12:26:29.082000', '2023-01-21 12:26:29.082000', 1, 1),
(74, 'photo-1620799140188-3b2a02fd9a77.jpeg', NULL, NULL, 1000, 751, '{\"thumbnail\":{\"name\":\"thumbnail_photo-1620799140188-3b2a02fd9a77.jpeg\",\"hash\":\"thumbnail_photo_1620799140188_3b2a02fd9a77_11c4cd5b4a\",\"ext\":\".jpeg\",\"mime\":\"image/jpeg\",\"path\":null,\"width\":208,\"height\":156,\"size\":5.94,\"url\":\"/uploads/thumbnail_photo_1620799140188_3b2a02fd9a77_11c4cd5b4a.jpeg\"},\"medium\":{\"name\":\"medium_photo-1620799140188-3b2a02fd9a77.jpeg\",\"hash\":\"medium_photo_1620799140188_3b2a02fd9a77_11c4cd5b4a\",\"ext\":\".jpeg\",\"mime\":\"image/jpeg\",\"path\":null,\"width\":750,\"height\":563,\"size\":49.13,\"url\":\"/uploads/medium_photo_1620799140188_3b2a02fd9a77_11c4cd5b4a.jpeg\"},\"small\":{\"name\":\"small_photo-1620799140188-3b2a02fd9a77.jpeg\",\"hash\":\"small_photo_1620799140188_3b2a02fd9a77_11c4cd5b4a\",\"ext\":\".jpeg\",\"mime\":\"image/jpeg\",\"path\":null,\"width\":500,\"height\":376,\"size\":24.87,\"url\":\"/uploads/small_photo_1620799140188_3b2a02fd9a77_11c4cd5b4a.jpeg\"}}', 'photo_1620799140188_3b2a02fd9a77_11c4cd5b4a', '.jpeg', 'image/jpeg', '78.45', '/uploads/photo_1620799140188_3b2a02fd9a77_11c4cd5b4a.jpeg', NULL, 'local', NULL, '/', '2023-01-21 12:26:29.221000', '2023-01-21 12:26:29.221000', 1, 1),
(75, 'photo-1620799139507-2a76f79a2f4d.jpeg', NULL, NULL, 1000, 751, '{\"thumbnail\":{\"name\":\"thumbnail_photo-1620799139507-2a76f79a2f4d.jpeg\",\"hash\":\"thumbnail_photo_1620799139507_2a76f79a2f4d_1672d1be80\",\"ext\":\".jpeg\",\"mime\":\"image/jpeg\",\"path\":null,\"width\":208,\"height\":156,\"size\":5.43,\"url\":\"/uploads/thumbnail_photo_1620799139507_2a76f79a2f4d_1672d1be80.jpeg\"},\"medium\":{\"name\":\"medium_photo-1620799139507-2a76f79a2f4d.jpeg\",\"hash\":\"medium_photo_1620799139507_2a76f79a2f4d_1672d1be80\",\"ext\":\".jpeg\",\"mime\":\"image/jpeg\",\"path\":null,\"width\":750,\"height\":563,\"size\":46.44,\"url\":\"/uploads/medium_photo_1620799139507_2a76f79a2f4d_1672d1be80.jpeg\"},\"small\":{\"name\":\"small_photo-1620799139507-2a76f79a2f4d.jpeg\",\"hash\":\"small_photo_1620799139507_2a76f79a2f4d_1672d1be80\",\"ext\":\".jpeg\",\"mime\":\"image/jpeg\",\"path\":null,\"width\":500,\"height\":376,\"size\":23.48,\"url\":\"/uploads/small_photo_1620799139507_2a76f79a2f4d_1672d1be80.jpeg\"}}', 'photo_1620799139507_2a76f79a2f4d_1672d1be80', '.jpeg', 'image/jpeg', '73.15', '/uploads/photo_1620799139507_2a76f79a2f4d_1672d1be80.jpeg', NULL, 'local', NULL, '/', '2023-01-21 12:26:29.299000', '2023-01-21 12:26:29.299000', 1, 1),
(76, 'photo-1620799140408-edc6dcb6d633.jpeg', NULL, NULL, 1000, 751, '{\"thumbnail\":{\"name\":\"thumbnail_photo-1620799140408-edc6dcb6d633.jpeg\",\"hash\":\"thumbnail_photo_1620799140408_edc6dcb6d633_8934442da7\",\"ext\":\".jpeg\",\"mime\":\"image/jpeg\",\"path\":null,\"width\":208,\"height\":156,\"size\":5.76,\"url\":\"/uploads/thumbnail_photo_1620799140408_edc6dcb6d633_8934442da7.jpeg\"},\"medium\":{\"name\":\"medium_photo-1620799140408-edc6dcb6d633.jpeg\",\"hash\":\"medium_photo_1620799140408_edc6dcb6d633_8934442da7\",\"ext\":\".jpeg\",\"mime\":\"image/jpeg\",\"path\":null,\"width\":750,\"height\":563,\"size\":49.59,\"url\":\"/uploads/medium_photo_1620799140408_edc6dcb6d633_8934442da7.jpeg\"},\"small\":{\"name\":\"small_photo-1620799140408-edc6dcb6d633.jpeg\",\"hash\":\"small_photo_1620799140408_edc6dcb6d633_8934442da7\",\"ext\":\".jpeg\",\"mime\":\"image/jpeg\",\"path\":null,\"width\":500,\"height\":376,\"size\":23.86,\"url\":\"/uploads/small_photo_1620799140408_edc6dcb6d633_8934442da7.jpeg\"}}', 'photo_1620799140408_edc6dcb6d633_8934442da7', '.jpeg', 'image/jpeg', '82.22', '/uploads/photo_1620799140408_edc6dcb6d633_8934442da7.jpeg', NULL, 'local', NULL, '/', '2023-01-21 12:26:29.358000', '2023-01-21 12:26:29.358000', 1, 1),
(77, 'photo-1620799139834-6b8f844fbe61.jpeg', NULL, NULL, 1000, 751, '{\"thumbnail\":{\"name\":\"thumbnail_photo-1620799139834-6b8f844fbe61.jpeg\",\"hash\":\"thumbnail_photo_1620799139834_6b8f844fbe61_a8a2dd4678\",\"ext\":\".jpeg\",\"mime\":\"image/jpeg\",\"path\":null,\"width\":208,\"height\":156,\"size\":7.12,\"url\":\"/uploads/thumbnail_photo_1620799139834_6b8f844fbe61_a8a2dd4678.jpeg\"},\"medium\":{\"name\":\"medium_photo-1620799139834-6b8f844fbe61.jpeg\",\"hash\":\"medium_photo_1620799139834_6b8f844fbe61_a8a2dd4678\",\"ext\":\".jpeg\",\"mime\":\"image/jpeg\",\"path\":null,\"width\":750,\"height\":563,\"size\":55.43,\"url\":\"/uploads/medium_photo_1620799139834_6b8f844fbe61_a8a2dd4678.jpeg\"},\"small\":{\"name\":\"small_photo-1620799139834-6b8f844fbe61.jpeg\",\"hash\":\"small_photo_1620799139834_6b8f844fbe61_a8a2dd4678\",\"ext\":\".jpeg\",\"mime\":\"image/jpeg\",\"path\":null,\"width\":500,\"height\":376,\"size\":28.9,\"url\":\"/uploads/small_photo_1620799139834_6b8f844fbe61_a8a2dd4678.jpeg\"}}', 'photo_1620799139834_6b8f844fbe61_a8a2dd4678', '.jpeg', 'image/jpeg', '85.05', '/uploads/photo_1620799139834_6b8f844fbe61_a8a2dd4678.jpeg', NULL, 'local', NULL, '/', '2023-01-21 12:26:29.535000', '2023-01-21 12:26:29.535000', 1, 1),
(78, 'photo-1592876569776-12718fae30f1.jpeg', NULL, NULL, 1000, 800, '{\"thumbnail\":{\"name\":\"thumbnail_photo-1592876569776-12718fae30f1.jpeg\",\"hash\":\"thumbnail_photo_1592876569776_12718fae30f1_61210da9f1\",\"ext\":\".jpeg\",\"mime\":\"image/jpeg\",\"path\":null,\"width\":195,\"height\":156,\"size\":7.25,\"url\":\"/uploads/thumbnail_photo_1592876569776_12718fae30f1_61210da9f1.jpeg\"},\"small\":{\"name\":\"small_photo-1592876569776-12718fae30f1.jpeg\",\"hash\":\"small_photo_1592876569776_12718fae30f1_61210da9f1\",\"ext\":\".jpeg\",\"mime\":\"image/jpeg\",\"path\":null,\"width\":500,\"height\":400,\"size\":35.56,\"url\":\"/uploads/small_photo_1592876569776_12718fae30f1_61210da9f1.jpeg\"},\"medium\":{\"name\":\"medium_photo-1592876569776-12718fae30f1.jpeg\",\"hash\":\"medium_photo_1592876569776_12718fae30f1_61210da9f1\",\"ext\":\".jpeg\",\"mime\":\"image/jpeg\",\"path\":null,\"width\":750,\"height\":600,\"size\":70.55,\"url\":\"/uploads/medium_photo_1592876569776_12718fae30f1_61210da9f1.jpeg\"}}', 'photo_1592876569776_12718fae30f1_61210da9f1', '.jpeg', 'image/jpeg', '113.29', '/uploads/photo_1592876569776_12718fae30f1_61210da9f1.jpeg', NULL, 'local', NULL, '/', '2023-01-21 12:26:29.607000', '2023-01-21 12:26:29.607000', 1, 1),
(79, 'photo-1626497764746-6dc36546b388.jpeg', NULL, NULL, 1000, 800, '{\"thumbnail\":{\"name\":\"thumbnail_photo-1626497764746-6dc36546b388.jpeg\",\"hash\":\"thumbnail_photo_1626497764746_6dc36546b388_db062b8eaa\",\"ext\":\".jpeg\",\"mime\":\"image/jpeg\",\"path\":null,\"width\":195,\"height\":156,\"size\":4.85,\"url\":\"/uploads/thumbnail_photo_1626497764746_6dc36546b388_db062b8eaa.jpeg\"},\"small\":{\"name\":\"small_photo-1626497764746-6dc36546b388.jpeg\",\"hash\":\"small_photo_1626497764746_6dc36546b388_db062b8eaa\",\"ext\":\".jpeg\",\"mime\":\"image/jpeg\",\"path\":null,\"width\":500,\"height\":400,\"size\":20.26,\"url\":\"/uploads/small_photo_1626497764746_6dc36546b388_db062b8eaa.jpeg\"},\"medium\":{\"name\":\"medium_photo-1626497764746-6dc36546b388.jpeg\",\"hash\":\"medium_photo_1626497764746_6dc36546b388_db062b8eaa\",\"ext\":\".jpeg\",\"mime\":\"image/jpeg\",\"path\":null,\"width\":750,\"height\":600,\"size\":37.81,\"url\":\"/uploads/medium_photo_1626497764746_6dc36546b388_db062b8eaa.jpeg\"}}', 'photo_1626497764746_6dc36546b388_db062b8eaa', '.jpeg', 'image/jpeg', '58.50', '/uploads/photo_1626497764746_6dc36546b388_db062b8eaa.jpeg', NULL, 'local', NULL, '/', '2023-01-21 12:26:29.616000', '2023-01-21 12:26:29.616000', 1, 1),
(80, 'photo-1598033129183-c4f50c736f10.jpeg', NULL, NULL, 1000, 800, '{\"thumbnail\":{\"name\":\"thumbnail_photo-1598033129183-c4f50c736f10.jpeg\",\"hash\":\"thumbnail_photo_1598033129183_c4f50c736f10_87ca1a4850\",\"ext\":\".jpeg\",\"mime\":\"image/jpeg\",\"path\":null,\"width\":195,\"height\":156,\"size\":6.02,\"url\":\"/uploads/thumbnail_photo_1598033129183_c4f50c736f10_87ca1a4850.jpeg\"},\"medium\":{\"name\":\"medium_photo-1598033129183-c4f50c736f10.jpeg\",\"hash\":\"medium_photo_1598033129183_c4f50c736f10_87ca1a4850\",\"ext\":\".jpeg\",\"mime\":\"image/jpeg\",\"path\":null,\"width\":750,\"height\":600,\"size\":52.42,\"url\":\"/uploads/medium_photo_1598033129183_c4f50c736f10_87ca1a4850.jpeg\"},\"small\":{\"name\":\"small_photo-1598033129183-c4f50c736f10.jpeg\",\"hash\":\"small_photo_1598033129183_c4f50c736f10_87ca1a4850\",\"ext\":\".jpeg\",\"mime\":\"image/jpeg\",\"path\":null,\"width\":500,\"height\":400,\"size\":28.23,\"url\":\"/uploads/small_photo_1598033129183_c4f50c736f10_87ca1a4850.jpeg\"}}', 'photo_1598033129183_c4f50c736f10_87ca1a4850', '.jpeg', 'image/jpeg', '79.47', '/uploads/photo_1598033129183_c4f50c736f10_87ca1a4850.jpeg', NULL, 'local', NULL, '/', '2023-01-21 12:26:29.826000', '2023-01-21 12:26:29.826000', 1, 1),
(81, 'irish-hands.jpg', NULL, NULL, 5616, 3744, '{\"thumbnail\":{\"name\":\"thumbnail_irish-hands.jpg\",\"hash\":\"thumbnail_irish_hands_daee6dd227\",\"ext\":\".jpg\",\"mime\":\"image/jpeg\",\"path\":null,\"width\":234,\"height\":156,\"size\":6.5,\"url\":\"/uploads/thumbnail_irish_hands_daee6dd227.jpg\"},\"large\":{\"name\":\"large_irish-hands.jpg\",\"hash\":\"large_irish_hands_daee6dd227\",\"ext\":\".jpg\",\"mime\":\"image/jpeg\",\"path\":null,\"width\":1000,\"height\":667,\"size\":53.55,\"url\":\"/uploads/large_irish_hands_daee6dd227.jpg\"},\"medium\":{\"name\":\"medium_irish-hands.jpg\",\"hash\":\"medium_irish_hands_daee6dd227\",\"ext\":\".jpg\",\"mime\":\"image/jpeg\",\"path\":null,\"width\":750,\"height\":500,\"size\":34.97,\"url\":\"/uploads/medium_irish_hands_daee6dd227.jpg\"},\"small\":{\"name\":\"small_irish-hands.jpg\",\"hash\":\"small_irish_hands_daee6dd227\",\"ext\":\".jpg\",\"mime\":\"image/jpeg\",\"path\":null,\"width\":500,\"height\":333,\"size\":18.96,\"url\":\"/uploads/small_irish_hands_daee6dd227.jpg\"}}', 'irish_hands_daee6dd227', '.jpg', 'image/jpeg', '981.34', '/uploads/irish_hands_daee6dd227.jpg', NULL, 'local', NULL, '/', '2023-01-21 12:26:32.539000', '2023-01-21 12:26:32.539000', 1, 1);
INSERT INTO `files` (`id`, `name`, `alternative_text`, `caption`, `width`, `height`, `formats`, `hash`, `ext`, `mime`, `size`, `url`, `preview_url`, `provider`, `provider_metadata`, `folder_path`, `created_at`, `updated_at`, `created_by_id`, `updated_by_id`) VALUES
(82, 'photo-1546093954-5d4b2338b291.jpeg', NULL, NULL, 1000, 667, '{\"thumbnail\":{\"name\":\"thumbnail_photo-1546093954-5d4b2338b291.jpeg\",\"hash\":\"thumbnail_photo_1546093954_5d4b2338b291_6d1368bab8\",\"ext\":\".jpeg\",\"mime\":\"image/jpeg\",\"path\":null,\"width\":234,\"height\":156,\"size\":4.84,\"url\":\"/uploads/thumbnail_photo_1546093954_5d4b2338b291_6d1368bab8.jpeg\"},\"medium\":{\"name\":\"medium_photo-1546093954-5d4b2338b291.jpeg\",\"hash\":\"medium_photo_1546093954_5d4b2338b291_6d1368bab8\",\"ext\":\".jpeg\",\"mime\":\"image/jpeg\",\"path\":null,\"width\":750,\"height\":500,\"size\":22.9,\"url\":\"/uploads/medium_photo_1546093954_5d4b2338b291_6d1368bab8.jpeg\"},\"small\":{\"name\":\"small_photo-1546093954-5d4b2338b291.jpeg\",\"hash\":\"small_photo_1546093954_5d4b2338b291_6d1368bab8\",\"ext\":\".jpeg\",\"mime\":\"image/jpeg\",\"path\":null,\"width\":500,\"height\":334,\"size\":13.21,\"url\":\"/uploads/small_photo_1546093954_5d4b2338b291_6d1368bab8.jpeg\"}}', 'photo_1546093954_5d4b2338b291_6d1368bab8', '.jpeg', 'image/jpeg', '33.83', '/uploads/photo_1546093954_5d4b2338b291_6d1368bab8.jpeg', NULL, 'local', NULL, '/', '2023-01-21 12:31:20.508000', '2023-01-21 12:31:20.508000', 1, 1),
(83, 'photo-1545426373-6588267475be.jpeg', NULL, NULL, 1000, 667, '{\"thumbnail\":{\"name\":\"thumbnail_photo-1545426373-6588267475be.jpeg\",\"hash\":\"thumbnail_photo_1545426373_6588267475be_12cc31eb57\",\"ext\":\".jpeg\",\"mime\":\"image/jpeg\",\"path\":null,\"width\":234,\"height\":156,\"size\":4.95,\"url\":\"/uploads/thumbnail_photo_1545426373_6588267475be_12cc31eb57.jpeg\"},\"medium\":{\"name\":\"medium_photo-1545426373-6588267475be.jpeg\",\"hash\":\"medium_photo_1545426373_6588267475be_12cc31eb57\",\"ext\":\".jpeg\",\"mime\":\"image/jpeg\",\"path\":null,\"width\":750,\"height\":500,\"size\":32.69,\"url\":\"/uploads/medium_photo_1545426373_6588267475be_12cc31eb57.jpeg\"},\"small\":{\"name\":\"small_photo-1545426373-6588267475be.jpeg\",\"hash\":\"small_photo_1545426373_6588267475be_12cc31eb57\",\"ext\":\".jpeg\",\"mime\":\"image/jpeg\",\"path\":null,\"width\":500,\"height\":334,\"size\":16.89,\"url\":\"/uploads/small_photo_1545426373_6588267475be_12cc31eb57.jpeg\"}}', 'photo_1545426373_6588267475be_12cc31eb57', '.jpeg', 'image/jpeg', '50.54', '/uploads/photo_1545426373_6588267475be_12cc31eb57.jpeg', NULL, 'local', NULL, '/', '2023-01-21 12:31:20.521000', '2023-01-21 12:31:20.521000', 1, 1),
(84, 'photo-1545997281-2cfe4d4b740f.jpeg', NULL, NULL, 1000, 750, '{\"thumbnail\":{\"name\":\"thumbnail_photo-1545997281-2cfe4d4b740f.jpeg\",\"hash\":\"thumbnail_photo_1545997281_2cfe4d4b740f_620a790b15\",\"ext\":\".jpeg\",\"mime\":\"image/jpeg\",\"path\":null,\"width\":208,\"height\":156,\"size\":4.63,\"url\":\"/uploads/thumbnail_photo_1545997281_2cfe4d4b740f_620a790b15.jpeg\"},\"small\":{\"name\":\"small_photo-1545997281-2cfe4d4b740f.jpeg\",\"hash\":\"small_photo_1545997281_2cfe4d4b740f_620a790b15\",\"ext\":\".jpeg\",\"mime\":\"image/jpeg\",\"path\":null,\"width\":500,\"height\":375,\"size\":16.11,\"url\":\"/uploads/small_photo_1545997281_2cfe4d4b740f_620a790b15.jpeg\"},\"medium\":{\"name\":\"medium_photo-1545997281-2cfe4d4b740f.jpeg\",\"hash\":\"medium_photo_1545997281_2cfe4d4b740f_620a790b15\",\"ext\":\".jpeg\",\"mime\":\"image/jpeg\",\"path\":null,\"width\":750,\"height\":563,\"size\":28.23,\"url\":\"/uploads/medium_photo_1545997281_2cfe4d4b740f_620a790b15.jpeg\"}}', 'photo_1545997281_2cfe4d4b740f_620a790b15', '.jpeg', 'image/jpeg', '41.65', '/uploads/photo_1545997281_2cfe4d4b740f_620a790b15.jpeg', NULL, 'local', NULL, '/', '2023-01-21 12:31:20.556000', '2023-01-21 12:36:52.485000', 1, 1),
(85, 'photo-1543886151-3bc2b944c718.jpeg', NULL, NULL, 1000, 667, '{\"thumbnail\":{\"name\":\"thumbnail_photo-1543886151-3bc2b944c718.jpeg\",\"hash\":\"thumbnail_photo_1543886151_3bc2b944c718_aa818a2965\",\"ext\":\".jpeg\",\"mime\":\"image/jpeg\",\"path\":null,\"width\":234,\"height\":156,\"size\":10.79,\"url\":\"/uploads/thumbnail_photo_1543886151_3bc2b944c718_aa818a2965.jpeg\"},\"small\":{\"name\":\"small_photo-1543886151-3bc2b944c718.jpeg\",\"hash\":\"small_photo_1543886151_3bc2b944c718_aa818a2965\",\"ext\":\".jpeg\",\"mime\":\"image/jpeg\",\"path\":null,\"width\":500,\"height\":334,\"size\":33.92,\"url\":\"/uploads/small_photo_1543886151_3bc2b944c718_aa818a2965.jpeg\"},\"medium\":{\"name\":\"medium_photo-1543886151-3bc2b944c718.jpeg\",\"hash\":\"medium_photo_1543886151_3bc2b944c718_aa818a2965\",\"ext\":\".jpeg\",\"mime\":\"image/jpeg\",\"path\":null,\"width\":750,\"height\":500,\"size\":63.29,\"url\":\"/uploads/medium_photo_1543886151_3bc2b944c718_aa818a2965.jpeg\"}}', 'photo_1543886151_3bc2b944c718_aa818a2965', '.jpeg', 'image/jpeg', '96.98', '/uploads/photo_1543886151_3bc2b944c718_aa818a2965.jpeg', NULL, 'local', NULL, '/', '2023-01-21 12:31:20.642000', '2023-01-21 12:31:20.642000', 1, 1),
(86, 'photo-1545558014-8692077e9b5c.jpeg', NULL, NULL, 1000, 667, '{\"thumbnail\":{\"name\":\"thumbnail_photo-1545558014-8692077e9b5c.jpeg\",\"hash\":\"thumbnail_photo_1545558014_8692077e9b5c_a68d09f2e6\",\"ext\":\".jpeg\",\"mime\":\"image/jpeg\",\"path\":null,\"width\":234,\"height\":156,\"size\":10.42,\"url\":\"/uploads/thumbnail_photo_1545558014_8692077e9b5c_a68d09f2e6.jpeg\"},\"small\":{\"name\":\"small_photo-1545558014-8692077e9b5c.jpeg\",\"hash\":\"small_photo_1545558014_8692077e9b5c_a68d09f2e6\",\"ext\":\".jpeg\",\"mime\":\"image/jpeg\",\"path\":null,\"width\":500,\"height\":334,\"size\":31.75,\"url\":\"/uploads/small_photo_1545558014_8692077e9b5c_a68d09f2e6.jpeg\"},\"medium\":{\"name\":\"medium_photo-1545558014-8692077e9b5c.jpeg\",\"hash\":\"medium_photo_1545558014_8692077e9b5c_a68d09f2e6\",\"ext\":\".jpeg\",\"mime\":\"image/jpeg\",\"path\":null,\"width\":750,\"height\":500,\"size\":58.43,\"url\":\"/uploads/medium_photo_1545558014_8692077e9b5c_a68d09f2e6.jpeg\"}}', 'photo_1545558014_8692077e9b5c_a68d09f2e6', '.jpeg', 'image/jpeg', '90.51', '/uploads/photo_1545558014_8692077e9b5c_a68d09f2e6.jpeg', NULL, 'local', NULL, '/', '2023-01-21 12:31:20.722000', '2023-01-21 12:31:20.722000', 1, 1),
(87, 'photo-1551103782-8ab07afd45c1.jpeg', NULL, NULL, 1000, 667, '{\"thumbnail\":{\"name\":\"thumbnail_photo-1551103782-8ab07afd45c1.jpeg\",\"hash\":\"thumbnail_photo_1551103782_8ab07afd45c1_912216da0f\",\"ext\":\".jpeg\",\"mime\":\"image/jpeg\",\"path\":null,\"width\":234,\"height\":156,\"size\":6.71,\"url\":\"/uploads/thumbnail_photo_1551103782_8ab07afd45c1_912216da0f.jpeg\"},\"medium\":{\"name\":\"medium_photo-1551103782-8ab07afd45c1.jpeg\",\"hash\":\"medium_photo_1551103782_8ab07afd45c1_912216da0f\",\"ext\":\".jpeg\",\"mime\":\"image/jpeg\",\"path\":null,\"width\":750,\"height\":500,\"size\":36.71,\"url\":\"/uploads/medium_photo_1551103782_8ab07afd45c1_912216da0f.jpeg\"},\"small\":{\"name\":\"small_photo-1551103782-8ab07afd45c1.jpeg\",\"hash\":\"small_photo_1551103782_8ab07afd45c1_912216da0f\",\"ext\":\".jpeg\",\"mime\":\"image/jpeg\",\"path\":null,\"width\":500,\"height\":334,\"size\":19.87,\"url\":\"/uploads/small_photo_1551103782_8ab07afd45c1_912216da0f.jpeg\"}}', 'photo_1551103782_8ab07afd45c1_912216da0f', '.jpeg', 'image/jpeg', '55.81', '/uploads/photo_1551103782_8ab07afd45c1_912216da0f.jpeg', NULL, 'local', NULL, '/', '2023-01-21 12:31:21.087000', '2023-01-21 12:31:21.087000', 1, 1),
(88, 'photo-1548016193-b9381233058c.jpeg', NULL, NULL, 1000, 662, '{\"thumbnail\":{\"name\":\"thumbnail_photo-1548016193-b9381233058c.jpeg\",\"hash\":\"thumbnail_photo_1548016193_b9381233058c_1b2db1f276\",\"ext\":\".jpeg\",\"mime\":\"image/jpeg\",\"path\":null,\"width\":236,\"height\":156,\"size\":9.69,\"url\":\"/uploads/thumbnail_photo_1548016193_b9381233058c_1b2db1f276.jpeg\"},\"small\":{\"name\":\"small_photo-1548016193-b9381233058c.jpeg\",\"hash\":\"small_photo_1548016193_b9381233058c_1b2db1f276\",\"ext\":\".jpeg\",\"mime\":\"image/jpeg\",\"path\":null,\"width\":500,\"height\":331,\"size\":41.44,\"url\":\"/uploads/small_photo_1548016193_b9381233058c_1b2db1f276.jpeg\"},\"medium\":{\"name\":\"medium_photo-1548016193-b9381233058c.jpeg\",\"hash\":\"medium_photo_1548016193_b9381233058c_1b2db1f276\",\"ext\":\".jpeg\",\"mime\":\"image/jpeg\",\"path\":null,\"width\":750,\"height\":497,\"size\":92.66,\"url\":\"/uploads/medium_photo_1548016193_b9381233058c_1b2db1f276.jpeg\"}}', 'photo_1548016193_b9381233058c_1b2db1f276', '.jpeg', 'image/jpeg', '159.70', '/uploads/photo_1548016193_b9381233058c_1b2db1f276.jpeg', NULL, 'local', NULL, '/', '2023-01-21 12:31:21.212000', '2023-01-21 12:31:21.212000', 1, 1),
(89, 'photo-1553699357-5365f7333841.jpeg', NULL, NULL, 1000, 567, '{\"thumbnail\":{\"name\":\"thumbnail_photo-1553699357-5365f7333841.jpeg\",\"hash\":\"thumbnail_photo_1553699357_5365f7333841_8b79789301\",\"ext\":\".jpeg\",\"mime\":\"image/jpeg\",\"path\":null,\"width\":245,\"height\":139,\"size\":3.72,\"url\":\"/uploads/thumbnail_photo_1553699357_5365f7333841_8b79789301.jpeg\"},\"medium\":{\"name\":\"medium_photo-1553699357-5365f7333841.jpeg\",\"hash\":\"medium_photo_1553699357_5365f7333841_8b79789301\",\"ext\":\".jpeg\",\"mime\":\"image/jpeg\",\"path\":null,\"width\":750,\"height\":425,\"size\":16.2,\"url\":\"/uploads/medium_photo_1553699357_5365f7333841_8b79789301.jpeg\"},\"small\":{\"name\":\"small_photo-1553699357-5365f7333841.jpeg\",\"hash\":\"small_photo_1553699357_5365f7333841_8b79789301\",\"ext\":\".jpeg\",\"mime\":\"image/jpeg\",\"path\":null,\"width\":500,\"height\":284,\"size\":9.5,\"url\":\"/uploads/small_photo_1553699357_5365f7333841_8b79789301.jpeg\"}}', 'photo_1553699357_5365f7333841_8b79789301', '.jpeg', 'image/jpeg', '23.58', '/uploads/photo_1553699357_5365f7333841_8b79789301.jpeg', NULL, 'local', NULL, '/', '2023-01-21 12:31:21.254000', '2023-01-21 12:31:21.254000', 1, 1),
(90, 'photo-1553884013-c5593d463526.jpeg', NULL, NULL, 1000, 668, '{\"thumbnail\":{\"name\":\"thumbnail_photo-1553884013-c5593d463526.jpeg\",\"hash\":\"thumbnail_photo_1553884013_c5593d463526_327bd52ae4\",\"ext\":\".jpeg\",\"mime\":\"image/jpeg\",\"path\":null,\"width\":234,\"height\":156,\"size\":7.6,\"url\":\"/uploads/thumbnail_photo_1553884013_c5593d463526_327bd52ae4.jpeg\"},\"medium\":{\"name\":\"medium_photo-1553884013-c5593d463526.jpeg\",\"hash\":\"medium_photo_1553884013_c5593d463526_327bd52ae4\",\"ext\":\".jpeg\",\"mime\":\"image/jpeg\",\"path\":null,\"width\":750,\"height\":501,\"size\":43.76,\"url\":\"/uploads/medium_photo_1553884013_c5593d463526_327bd52ae4.jpeg\"},\"small\":{\"name\":\"small_photo-1553884013-c5593d463526.jpeg\",\"hash\":\"small_photo_1553884013_c5593d463526_327bd52ae4\",\"ext\":\".jpeg\",\"mime\":\"image/jpeg\",\"path\":null,\"width\":500,\"height\":334,\"size\":23.64,\"url\":\"/uploads/small_photo_1553884013_c5593d463526_327bd52ae4.jpeg\"}}', 'photo_1553884013_c5593d463526_327bd52ae4', '.jpeg', 'image/jpeg', '66.37', '/uploads/photo_1553884013_c5593d463526_327bd52ae4.jpeg', NULL, 'local', NULL, '/', '2023-01-21 12:31:21.306000', '2023-01-21 12:31:21.306000', 1, 1),
(91, 'photo-1553158399-3796bdbc82fd.jpeg', NULL, NULL, 1000, 667, '{\"thumbnail\":{\"name\":\"thumbnail_photo-1553158399-3796bdbc82fd.jpeg\",\"hash\":\"thumbnail_photo_1553158399_3796bdbc82fd_bf2b993982\",\"ext\":\".jpeg\",\"mime\":\"image/jpeg\",\"path\":null,\"width\":234,\"height\":156,\"size\":22.3,\"url\":\"/uploads/thumbnail_photo_1553158399_3796bdbc82fd_bf2b993982.jpeg\"},\"small\":{\"name\":\"small_photo-1553158399-3796bdbc82fd.jpeg\",\"hash\":\"small_photo_1553158399_3796bdbc82fd_bf2b993982\",\"ext\":\".jpeg\",\"mime\":\"image/jpeg\",\"path\":null,\"width\":500,\"height\":334,\"size\":80.51,\"url\":\"/uploads/small_photo_1553158399_3796bdbc82fd_bf2b993982.jpeg\"},\"medium\":{\"name\":\"medium_photo-1553158399-3796bdbc82fd.jpeg\",\"hash\":\"medium_photo_1553158399_3796bdbc82fd_bf2b993982\",\"ext\":\".jpeg\",\"mime\":\"image/jpeg\",\"path\":null,\"width\":750,\"height\":500,\"size\":153.22,\"url\":\"/uploads/medium_photo_1553158399_3796bdbc82fd_bf2b993982.jpeg\"}}', 'photo_1553158399_3796bdbc82fd_bf2b993982', '.jpeg', 'image/jpeg', '242.98', '/uploads/photo_1553158399_3796bdbc82fd_bf2b993982.jpeg', NULL, 'local', NULL, '/', '2023-01-21 12:31:21.373000', '2023-01-21 12:31:21.373000', 1, 1),
(92, 'photo-1554825203-68321ddde262.jpeg', NULL, NULL, 1000, 739, '{\"thumbnail\":{\"name\":\"thumbnail_photo-1554825203-68321ddde262.jpeg\",\"hash\":\"thumbnail_photo_1554825203_68321ddde262_c2dd8c3380\",\"ext\":\".jpeg\",\"mime\":\"image/jpeg\",\"path\":null,\"width\":211,\"height\":156,\"size\":4.67,\"url\":\"/uploads/thumbnail_photo_1554825203_68321ddde262_c2dd8c3380.jpeg\"},\"small\":{\"name\":\"small_photo-1554825203-68321ddde262.jpeg\",\"hash\":\"small_photo_1554825203_68321ddde262_c2dd8c3380\",\"ext\":\".jpeg\",\"mime\":\"image/jpeg\",\"path\":null,\"width\":500,\"height\":370,\"size\":29.3,\"url\":\"/uploads/small_photo_1554825203_68321ddde262_c2dd8c3380.jpeg\"},\"medium\":{\"name\":\"medium_photo-1554825203-68321ddde262.jpeg\",\"hash\":\"medium_photo_1554825203_68321ddde262_c2dd8c3380\",\"ext\":\".jpeg\",\"mime\":\"image/jpeg\",\"path\":null,\"width\":750,\"height\":554,\"size\":65.68,\"url\":\"/uploads/medium_photo_1554825203_68321ddde262_c2dd8c3380.jpeg\"}}', 'photo_1554825203_68321ddde262_c2dd8c3380', '.jpeg', 'image/jpeg', '110.95', '/uploads/photo_1554825203_68321ddde262_c2dd8c3380.jpeg', NULL, 'local', NULL, '/', '2023-01-21 12:31:21.661000', '2023-01-21 12:31:21.661000', 1, 1),
(93, 'photo-1555448049-f8657e9fc8f3.jpeg', NULL, NULL, 1000, 667, '{\"thumbnail\":{\"name\":\"thumbnail_photo-1555448049-f8657e9fc8f3.jpeg\",\"hash\":\"thumbnail_photo_1555448049_f8657e9fc8f3_873333dbda\",\"ext\":\".jpeg\",\"mime\":\"image/jpeg\",\"path\":null,\"width\":234,\"height\":156,\"size\":7.61,\"url\":\"/uploads/thumbnail_photo_1555448049_f8657e9fc8f3_873333dbda.jpeg\"},\"medium\":{\"name\":\"medium_photo-1555448049-f8657e9fc8f3.jpeg\",\"hash\":\"medium_photo_1555448049_f8657e9fc8f3_873333dbda\",\"ext\":\".jpeg\",\"mime\":\"image/jpeg\",\"path\":null,\"width\":750,\"height\":500,\"size\":42.78,\"url\":\"/uploads/medium_photo_1555448049_f8657e9fc8f3_873333dbda.jpeg\"},\"small\":{\"name\":\"small_photo-1555448049-f8657e9fc8f3.jpeg\",\"hash\":\"small_photo_1555448049_f8657e9fc8f3_873333dbda\",\"ext\":\".jpeg\",\"mime\":\"image/jpeg\",\"path\":null,\"width\":500,\"height\":334,\"size\":23.49,\"url\":\"/uploads/small_photo_1555448049_f8657e9fc8f3_873333dbda.jpeg\"}}', 'photo_1555448049_f8657e9fc8f3_873333dbda', '.jpeg', 'image/jpeg', '65.67', '/uploads/photo_1555448049_f8657e9fc8f3_873333dbda.jpeg', NULL, 'local', NULL, '/', '2023-01-21 12:31:21.728000', '2023-01-21 12:31:21.728000', 1, 1),
(94, 'photo-1556012018-50c5c0da73bf.jpeg', NULL, NULL, 1000, 667, '{\"thumbnail\":{\"name\":\"thumbnail_photo-1556012018-50c5c0da73bf.jpeg\",\"hash\":\"thumbnail_photo_1556012018_50c5c0da73bf_1d8d793cae\",\"ext\":\".jpeg\",\"mime\":\"image/jpeg\",\"path\":null,\"width\":234,\"height\":156,\"size\":7.67,\"url\":\"/uploads/thumbnail_photo_1556012018_50c5c0da73bf_1d8d793cae.jpeg\"},\"medium\":{\"name\":\"medium_photo-1556012018-50c5c0da73bf.jpeg\",\"hash\":\"medium_photo_1556012018_50c5c0da73bf_1d8d793cae\",\"ext\":\".jpeg\",\"mime\":\"image/jpeg\",\"path\":null,\"width\":750,\"height\":500,\"size\":48.68,\"url\":\"/uploads/medium_photo_1556012018_50c5c0da73bf_1d8d793cae.jpeg\"},\"small\":{\"name\":\"small_photo-1556012018-50c5c0da73bf.jpeg\",\"hash\":\"small_photo_1556012018_50c5c0da73bf_1d8d793cae\",\"ext\":\".jpeg\",\"mime\":\"image/jpeg\",\"path\":null,\"width\":500,\"height\":334,\"size\":24.97,\"url\":\"/uploads/small_photo_1556012018_50c5c0da73bf_1d8d793cae.jpeg\"}}', 'photo_1556012018_50c5c0da73bf_1d8d793cae', '.jpeg', 'image/jpeg', '77.39', '/uploads/photo_1556012018_50c5c0da73bf_1d8d793cae.jpeg', NULL, 'local', NULL, '/', '2023-01-21 12:31:21.790000', '2023-01-21 12:31:21.790000', 1, 1),
(95, 'photo-1558907353-ceb54f3882ed.jpeg', NULL, NULL, 1000, 662, '{\"thumbnail\":{\"name\":\"thumbnail_photo-1558907353-ceb54f3882ed.jpeg\",\"hash\":\"thumbnail_photo_1558907353_ceb54f3882ed_60e1904505\",\"ext\":\".jpeg\",\"mime\":\"image/jpeg\",\"path\":null,\"width\":236,\"height\":156,\"size\":9.77,\"url\":\"/uploads/thumbnail_photo_1558907353_ceb54f3882ed_60e1904505.jpeg\"},\"small\":{\"name\":\"small_photo-1558907353-ceb54f3882ed.jpeg\",\"hash\":\"small_photo_1558907353_ceb54f3882ed_60e1904505\",\"ext\":\".jpeg\",\"mime\":\"image/jpeg\",\"path\":null,\"width\":500,\"height\":331,\"size\":33.6,\"url\":\"/uploads/small_photo_1558907353_ceb54f3882ed_60e1904505.jpeg\"},\"medium\":{\"name\":\"medium_photo-1558907353-ceb54f3882ed.jpeg\",\"hash\":\"medium_photo_1558907353_ceb54f3882ed_60e1904505\",\"ext\":\".jpeg\",\"mime\":\"image/jpeg\",\"path\":null,\"width\":750,\"height\":497,\"size\":66.95,\"url\":\"/uploads/medium_photo_1558907353_ceb54f3882ed_60e1904505.jpeg\"}}', 'photo_1558907353_ceb54f3882ed_60e1904505', '.jpeg', 'image/jpeg', '107.66', '/uploads/photo_1558907353_ceb54f3882ed_60e1904505.jpeg', NULL, 'local', NULL, '/', '2023-01-21 12:31:21.923000', '2023-01-21 12:31:21.923000', 1, 1),
(96, 'photo-1558060370-d644479cb6f7.jpeg', NULL, NULL, 1000, 625, '{\"thumbnail\":{\"name\":\"thumbnail_photo-1558060370-d644479cb6f7.jpeg\",\"hash\":\"thumbnail_photo_1558060370_d644479cb6f7_53d24dfdae\",\"ext\":\".jpeg\",\"mime\":\"image/jpeg\",\"path\":null,\"width\":245,\"height\":153,\"size\":18.68,\"url\":\"/uploads/thumbnail_photo_1558060370_d644479cb6f7_53d24dfdae.jpeg\"},\"small\":{\"name\":\"small_photo-1558060370-d644479cb6f7.jpeg\",\"hash\":\"small_photo_1558060370_d644479cb6f7_53d24dfdae\",\"ext\":\".jpeg\",\"mime\":\"image/jpeg\",\"path\":null,\"width\":500,\"height\":313,\"size\":60.16,\"url\":\"/uploads/small_photo_1558060370_d644479cb6f7_53d24dfdae.jpeg\"},\"medium\":{\"name\":\"medium_photo-1558060370-d644479cb6f7.jpeg\",\"hash\":\"medium_photo_1558060370_d644479cb6f7_53d24dfdae\",\"ext\":\".jpeg\",\"mime\":\"image/jpeg\",\"path\":null,\"width\":750,\"height\":469,\"size\":114.16,\"url\":\"/uploads/medium_photo_1558060370_d644479cb6f7_53d24dfdae.jpeg\"}}', 'photo_1558060370_d644479cb6f7_53d24dfdae', '.jpeg', 'image/jpeg', '177.84', '/uploads/photo_1558060370_d644479cb6f7_53d24dfdae.jpeg', NULL, 'local', NULL, '/', '2023-01-21 12:31:21.954000', '2023-01-21 12:31:21.954000', 1, 1),
(97, 'photo-1560529178-855fa2041193.jpeg', NULL, NULL, 1000, 659, '{\"thumbnail\":{\"name\":\"thumbnail_photo-1560529178-855fa2041193.jpeg\",\"hash\":\"thumbnail_photo_1560529178_855fa2041193_41209ade9c\",\"ext\":\".jpeg\",\"mime\":\"image/jpeg\",\"path\":null,\"width\":237,\"height\":156,\"size\":11.42,\"url\":\"/uploads/thumbnail_photo_1560529178_855fa2041193_41209ade9c.jpeg\"},\"medium\":{\"name\":\"medium_photo-1560529178-855fa2041193.jpeg\",\"hash\":\"medium_photo_1560529178_855fa2041193_41209ade9c\",\"ext\":\".jpeg\",\"mime\":\"image/jpeg\",\"path\":null,\"width\":750,\"height\":494,\"size\":54.11,\"url\":\"/uploads/medium_photo_1560529178_855fa2041193_41209ade9c.jpeg\"},\"small\":{\"name\":\"small_photo-1560529178-855fa2041193.jpeg\",\"hash\":\"small_photo_1560529178_855fa2041193_41209ade9c\",\"ext\":\".jpeg\",\"mime\":\"image/jpeg\",\"path\":null,\"width\":500,\"height\":330,\"size\":31.51,\"url\":\"/uploads/small_photo_1560529178_855fa2041193_41209ade9c.jpeg\"}}', 'photo_1560529178_855fa2041193_41209ade9c', '.jpeg', 'image/jpeg', '81.23', '/uploads/photo_1560529178_855fa2041193_41209ade9c.jpeg', NULL, 'local', NULL, '/', '2023-01-21 12:31:22.210000', '2023-01-21 12:31:22.210000', 1, 1),
(98, 'photo-1559667326-e5edc968aeac.jpeg', NULL, NULL, 1000, 667, '{\"thumbnail\":{\"name\":\"thumbnail_photo-1559667326-e5edc968aeac.jpeg\",\"hash\":\"thumbnail_photo_1559667326_e5edc968aeac_36273c4ddc\",\"ext\":\".jpeg\",\"mime\":\"image/jpeg\",\"path\":null,\"width\":234,\"height\":156,\"size\":10.61,\"url\":\"/uploads/thumbnail_photo_1559667326_e5edc968aeac_36273c4ddc.jpeg\"},\"small\":{\"name\":\"small_photo-1559667326-e5edc968aeac.jpeg\",\"hash\":\"small_photo_1559667326_e5edc968aeac_36273c4ddc\",\"ext\":\".jpeg\",\"mime\":\"image/jpeg\",\"path\":null,\"width\":500,\"height\":334,\"size\":42.34,\"url\":\"/uploads/small_photo_1559667326_e5edc968aeac_36273c4ddc.jpeg\"},\"medium\":{\"name\":\"medium_photo-1559667326-e5edc968aeac.jpeg\",\"hash\":\"medium_photo_1559667326_e5edc968aeac_36273c4ddc\",\"ext\":\".jpeg\",\"mime\":\"image/jpeg\",\"path\":null,\"width\":750,\"height\":500,\"size\":86.43,\"url\":\"/uploads/medium_photo_1559667326_e5edc968aeac_36273c4ddc.jpeg\"}}', 'photo_1559667326_e5edc968aeac_36273c4ddc', '.jpeg', 'image/jpeg', '139.06', '/uploads/photo_1559667326_e5edc968aeac_36273c4ddc.jpeg', NULL, 'local', NULL, '/', '2023-01-21 12:31:22.243000', '2023-01-21 12:31:22.243000', 1, 1),
(99, 'photo-1560859251-d563a49c5e4a.jpeg', NULL, NULL, 1000, 667, '{\"thumbnail\":{\"name\":\"thumbnail_photo-1560859251-d563a49c5e4a.jpeg\",\"hash\":\"thumbnail_photo_1560859251_d563a49c5e4a_382ee56d6c\",\"ext\":\".jpeg\",\"mime\":\"image/jpeg\",\"path\":null,\"width\":234,\"height\":156,\"size\":8.85,\"url\":\"/uploads/thumbnail_photo_1560859251_d563a49c5e4a_382ee56d6c.jpeg\"},\"medium\":{\"name\":\"medium_photo-1560859251-d563a49c5e4a.jpeg\",\"hash\":\"medium_photo_1560859251_d563a49c5e4a_382ee56d6c\",\"ext\":\".jpeg\",\"mime\":\"image/jpeg\",\"path\":null,\"width\":750,\"height\":500,\"size\":52.15,\"url\":\"/uploads/medium_photo_1560859251_d563a49c5e4a_382ee56d6c.jpeg\"},\"small\":{\"name\":\"small_photo-1560859251-d563a49c5e4a.jpeg\",\"hash\":\"small_photo_1560859251_d563a49c5e4a_382ee56d6c\",\"ext\":\".jpeg\",\"mime\":\"image/jpeg\",\"path\":null,\"width\":500,\"height\":334,\"size\":27.61,\"url\":\"/uploads/small_photo_1560859251_d563a49c5e4a_382ee56d6c.jpeg\"}}', 'photo_1560859251_d563a49c5e4a_382ee56d6c', '.jpeg', 'image/jpeg', '81.04', '/uploads/photo_1560859251_d563a49c5e4a_382ee56d6c.jpeg', NULL, 'local', NULL, '/', '2023-01-21 12:31:22.291000', '2023-01-21 12:31:22.291000', 1, 1),
(100, 'photo-1561861879-010ba01e6c45.jpeg', NULL, NULL, 1000, 667, '{\"thumbnail\":{\"name\":\"thumbnail_photo-1561861879-010ba01e6c45.jpeg\",\"hash\":\"thumbnail_photo_1561861879_010ba01e6c45_cffecb408e\",\"ext\":\".jpeg\",\"mime\":\"image/jpeg\",\"path\":null,\"width\":234,\"height\":156,\"size\":11.31,\"url\":\"/uploads/thumbnail_photo_1561861879_010ba01e6c45_cffecb408e.jpeg\"},\"medium\":{\"name\":\"medium_photo-1561861879-010ba01e6c45.jpeg\",\"hash\":\"medium_photo_1561861879_010ba01e6c45_cffecb408e\",\"ext\":\".jpeg\",\"mime\":\"image/jpeg\",\"path\":null,\"width\":750,\"height\":500,\"size\":60.84,\"url\":\"/uploads/medium_photo_1561861879_010ba01e6c45_cffecb408e.jpeg\"},\"small\":{\"name\":\"small_photo-1561861879-010ba01e6c45.jpeg\",\"hash\":\"small_photo_1561861879_010ba01e6c45_cffecb408e\",\"ext\":\".jpeg\",\"mime\":\"image/jpeg\",\"path\":null,\"width\":500,\"height\":334,\"size\":33.97,\"url\":\"/uploads/small_photo_1561861879_010ba01e6c45_cffecb408e.jpeg\"}}', 'photo_1561861879_010ba01e6c45_cffecb408e', '.jpeg', 'image/jpeg', '93.28', '/uploads/photo_1561861879_010ba01e6c45_cffecb408e.jpeg', NULL, 'local', NULL, '/', '2023-01-21 12:31:22.455000', '2023-01-21 12:31:22.455000', 1, 1),
(101, 'photo-1485783522162-1dbb8ffcbe5b.jpeg', NULL, NULL, 1000, 662, '{\"thumbnail\":{\"name\":\"thumbnail_photo-1485783522162-1dbb8ffcbe5b.jpeg\",\"hash\":\"thumbnail_photo_1485783522162_1dbb8ffcbe5b_1f9406a564\",\"ext\":\".jpeg\",\"mime\":\"image/jpeg\",\"path\":null,\"width\":236,\"height\":156,\"size\":6.77,\"url\":\"/uploads/thumbnail_photo_1485783522162_1dbb8ffcbe5b_1f9406a564.jpeg\"},\"medium\":{\"name\":\"medium_photo-1485783522162-1dbb8ffcbe5b.jpeg\",\"hash\":\"medium_photo_1485783522162_1dbb8ffcbe5b_1f9406a564\",\"ext\":\".jpeg\",\"mime\":\"image/jpeg\",\"path\":null,\"width\":750,\"height\":497,\"size\":32.83,\"url\":\"/uploads/medium_photo_1485783522162_1dbb8ffcbe5b_1f9406a564.jpeg\"},\"small\":{\"name\":\"small_photo-1485783522162-1dbb8ffcbe5b.jpeg\",\"hash\":\"small_photo_1485783522162_1dbb8ffcbe5b_1f9406a564\",\"ext\":\".jpeg\",\"mime\":\"image/jpeg\",\"path\":null,\"width\":500,\"height\":331,\"size\":18.83,\"url\":\"/uploads/small_photo_1485783522162_1dbb8ffcbe5b_1f9406a564.jpeg\"}}', 'photo_1485783522162_1dbb8ffcbe5b_1f9406a564', '.jpeg', 'image/jpeg', '48.31', '/uploads/photo_1485783522162_1dbb8ffcbe5b_1f9406a564.jpeg', NULL, 'local', NULL, '/', '2023-01-21 12:31:22.529000', '2023-01-21 12:31:22.529000', 1, 1),
(102, 'photo-1489367874814-f5d040621dd8.jpeg', NULL, NULL, 1000, 686, '{\"thumbnail\":{\"name\":\"thumbnail_photo-1489367874814-f5d040621dd8.jpeg\",\"hash\":\"thumbnail_photo_1489367874814_f5d040621dd8_22bd2fd61e\",\"ext\":\".jpeg\",\"mime\":\"image/jpeg\",\"path\":null,\"width\":227,\"height\":156,\"size\":7.57,\"url\":\"/uploads/thumbnail_photo_1489367874814_f5d040621dd8_22bd2fd61e.jpeg\"},\"medium\":{\"name\":\"medium_photo-1489367874814-f5d040621dd8.jpeg\",\"hash\":\"medium_photo_1489367874814_f5d040621dd8_22bd2fd61e\",\"ext\":\".jpeg\",\"mime\":\"image/jpeg\",\"path\":null,\"width\":750,\"height\":515,\"size\":42.81,\"url\":\"/uploads/medium_photo_1489367874814_f5d040621dd8_22bd2fd61e.jpeg\"},\"small\":{\"name\":\"small_photo-1489367874814-f5d040621dd8.jpeg\",\"hash\":\"small_photo_1489367874814_f5d040621dd8_22bd2fd61e\",\"ext\":\".jpeg\",\"mime\":\"image/jpeg\",\"path\":null,\"width\":500,\"height\":343,\"size\":23.4,\"url\":\"/uploads/small_photo_1489367874814_f5d040621dd8_22bd2fd61e.jpeg\"}}', 'photo_1489367874814_f5d040621dd8_22bd2fd61e', '.jpeg', 'image/jpeg', '65.90', '/uploads/photo_1489367874814_f5d040621dd8_22bd2fd61e.jpeg', NULL, 'local', NULL, '/', '2023-01-21 12:31:22.806000', '2023-01-21 12:31:22.806000', 1, 1),
(103, 'photo-1562040506-a9b32cb51b94.jpeg', NULL, NULL, 1000, 667, '{\"thumbnail\":{\"name\":\"thumbnail_photo-1562040506-a9b32cb51b94.jpeg\",\"hash\":\"thumbnail_photo_1562040506_a9b32cb51b94_d7fde13de3\",\"ext\":\".jpeg\",\"mime\":\"image/jpeg\",\"path\":null,\"width\":234,\"height\":156,\"size\":7.3,\"url\":\"/uploads/thumbnail_photo_1562040506_a9b32cb51b94_d7fde13de3.jpeg\"},\"medium\":{\"name\":\"medium_photo-1562040506-a9b32cb51b94.jpeg\",\"hash\":\"medium_photo_1562040506_a9b32cb51b94_d7fde13de3\",\"ext\":\".jpeg\",\"mime\":\"image/jpeg\",\"path\":null,\"width\":750,\"height\":500,\"size\":55.29,\"url\":\"/uploads/medium_photo_1562040506_a9b32cb51b94_d7fde13de3.jpeg\"},\"small\":{\"name\":\"small_photo-1562040506-a9b32cb51b94.jpeg\",\"hash\":\"small_photo_1562040506_a9b32cb51b94_d7fde13de3\",\"ext\":\".jpeg\",\"mime\":\"image/jpeg\",\"path\":null,\"width\":500,\"height\":334,\"size\":26.41,\"url\":\"/uploads/small_photo_1562040506_a9b32cb51b94_d7fde13de3.jpeg\"}}', 'photo_1562040506_a9b32cb51b94_d7fde13de3', '.jpeg', 'image/jpeg', '91.06', '/uploads/photo_1562040506_a9b32cb51b94_d7fde13de3.jpeg', NULL, 'local', NULL, '/', '2023-01-21 12:31:22.924000', '2023-01-21 12:31:22.924000', 1, 1),
(104, 'photo-1496354265829-17b1c7b7c363.jpeg', NULL, NULL, 1000, 680, '{\"thumbnail\":{\"name\":\"thumbnail_photo-1496354265829-17b1c7b7c363.jpeg\",\"hash\":\"thumbnail_photo_1496354265829_17b1c7b7c363_008cd320c3\",\"ext\":\".jpeg\",\"mime\":\"image/jpeg\",\"path\":null,\"width\":229,\"height\":156,\"size\":4.23,\"url\":\"/uploads/thumbnail_photo_1496354265829_17b1c7b7c363_008cd320c3.jpeg\"},\"medium\":{\"name\":\"medium_photo-1496354265829-17b1c7b7c363.jpeg\",\"hash\":\"medium_photo_1496354265829_17b1c7b7c363_008cd320c3\",\"ext\":\".jpeg\",\"mime\":\"image/jpeg\",\"path\":null,\"width\":750,\"height\":510,\"size\":20.26,\"url\":\"/uploads/medium_photo_1496354265829_17b1c7b7c363_008cd320c3.jpeg\"},\"small\":{\"name\":\"small_photo-1496354265829-17b1c7b7c363.jpeg\",\"hash\":\"small_photo_1496354265829_17b1c7b7c363_008cd320c3\",\"ext\":\".jpeg\",\"mime\":\"image/jpeg\",\"path\":null,\"width\":500,\"height\":340,\"size\":11.6,\"url\":\"/uploads/small_photo_1496354265829_17b1c7b7c363_008cd320c3.jpeg\"}}', 'photo_1496354265829_17b1c7b7c363_008cd320c3', '.jpeg', 'image/jpeg', '30.62', '/uploads/photo_1496354265829_17b1c7b7c363_008cd320c3.jpeg', NULL, 'local', NULL, '/', '2023-01-21 12:31:22.979000', '2023-01-21 12:31:22.979000', 1, 1),
(105, 'photo-1498747324273-943f73ca00b6.jpeg', NULL, NULL, 1000, 750, '{\"thumbnail\":{\"name\":\"thumbnail_photo-1498747324273-943f73ca00b6.jpeg\",\"hash\":\"thumbnail_photo_1498747324273_943f73ca00b6_6d952d45e3\",\"ext\":\".jpeg\",\"mime\":\"image/jpeg\",\"path\":null,\"width\":208,\"height\":156,\"size\":1.44,\"url\":\"/uploads/thumbnail_photo_1498747324273_943f73ca00b6_6d952d45e3.jpeg\"},\"medium\":{\"name\":\"medium_photo-1498747324273-943f73ca00b6.jpeg\",\"hash\":\"medium_photo_1498747324273_943f73ca00b6_6d952d45e3\",\"ext\":\".jpeg\",\"mime\":\"image/jpeg\",\"path\":null,\"width\":750,\"height\":563,\"size\":7.82,\"url\":\"/uploads/medium_photo_1498747324273_943f73ca00b6_6d952d45e3.jpeg\"},\"small\":{\"name\":\"small_photo-1498747324273-943f73ca00b6.jpeg\",\"hash\":\"small_photo_1498747324273_943f73ca00b6_6d952d45e3\",\"ext\":\".jpeg\",\"mime\":\"image/jpeg\",\"path\":null,\"width\":500,\"height\":375,\"size\":4.3,\"url\":\"/uploads/small_photo_1498747324273_943f73ca00b6_6d952d45e3.jpeg\"}}', 'photo_1498747324273_943f73ca00b6_6d952d45e3', '.jpeg', 'image/jpeg', '12.40', '/uploads/photo_1498747324273_943f73ca00b6_6d952d45e3.jpeg', NULL, 'local', NULL, '/', '2023-01-21 12:31:23.169000', '2023-01-21 12:31:23.169000', 1, 1),
(106, 'photo-1500995617113-cf789362a3e1.jpeg', NULL, NULL, 1000, 667, '{\"thumbnail\":{\"name\":\"thumbnail_photo-1500995617113-cf789362a3e1.jpeg\",\"hash\":\"thumbnail_photo_1500995617113_cf789362a3e1_41459d1efc\",\"ext\":\".jpeg\",\"mime\":\"image/jpeg\",\"path\":null,\"width\":234,\"height\":156,\"size\":13.04,\"url\":\"/uploads/thumbnail_photo_1500995617113_cf789362a3e1_41459d1efc.jpeg\"},\"small\":{\"name\":\"small_photo-1500995617113-cf789362a3e1.jpeg\",\"hash\":\"small_photo_1500995617113_cf789362a3e1_41459d1efc\",\"ext\":\".jpeg\",\"mime\":\"image/jpeg\",\"path\":null,\"width\":500,\"height\":334,\"size\":43.58,\"url\":\"/uploads/small_photo_1500995617113_cf789362a3e1_41459d1efc.jpeg\"},\"medium\":{\"name\":\"medium_photo-1500995617113-cf789362a3e1.jpeg\",\"hash\":\"medium_photo_1500995617113_cf789362a3e1_41459d1efc\",\"ext\":\".jpeg\",\"mime\":\"image/jpeg\",\"path\":null,\"width\":750,\"height\":500,\"size\":84.91,\"url\":\"/uploads/medium_photo_1500995617113_cf789362a3e1_41459d1efc.jpeg\"}}', 'photo_1500995617113_cf789362a3e1_41459d1efc', '.jpeg', 'image/jpeg', '134.19', '/uploads/photo_1500995617113_cf789362a3e1_41459d1efc.jpeg', NULL, 'local', NULL, '/', '2023-01-21 12:31:23.183000', '2023-01-21 12:31:23.183000', 1, 1),
(107, 'photo-1508896694512-1eade558679c.jpeg', NULL, NULL, 1000, 667, '{\"thumbnail\":{\"name\":\"thumbnail_photo-1508896694512-1eade558679c.jpeg\",\"hash\":\"thumbnail_photo_1508896694512_1eade558679c_962e92da93\",\"ext\":\".jpeg\",\"mime\":\"image/jpeg\",\"path\":null,\"width\":234,\"height\":156,\"size\":4.08,\"url\":\"/uploads/thumbnail_photo_1508896694512_1eade558679c_962e92da93.jpeg\"},\"small\":{\"name\":\"small_photo-1508896694512-1eade558679c.jpeg\",\"hash\":\"small_photo_1508896694512_1eade558679c_962e92da93\",\"ext\":\".jpeg\",\"mime\":\"image/jpeg\",\"path\":null,\"width\":500,\"height\":334,\"size\":12.93,\"url\":\"/uploads/small_photo_1508896694512_1eade558679c_962e92da93.jpeg\"},\"medium\":{\"name\":\"medium_photo-1508896694512-1eade558679c.jpeg\",\"hash\":\"medium_photo_1508896694512_1eade558679c_962e92da93\",\"ext\":\".jpeg\",\"mime\":\"image/jpeg\",\"path\":null,\"width\":750,\"height\":500,\"size\":24.26,\"url\":\"/uploads/medium_photo_1508896694512_1eade558679c_962e92da93.jpeg\"}}', 'photo_1508896694512_1eade558679c_962e92da93', '.jpeg', 'image/jpeg', '37.79', '/uploads/photo_1508896694512_1eade558679c_962e92da93.jpeg', NULL, 'local', NULL, '/', '2023-01-21 12:31:23.349000', '2023-01-21 12:31:23.349000', 1, 1),
(108, 'photo-1508112669284-33e37093fc34.jpeg', NULL, NULL, 1000, 667, '{\"thumbnail\":{\"name\":\"thumbnail_photo-1508112669284-33e37093fc34.jpeg\",\"hash\":\"thumbnail_photo_1508112669284_33e37093fc34_dd887ebc1a\",\"ext\":\".jpeg\",\"mime\":\"image/jpeg\",\"path\":null,\"width\":234,\"height\":156,\"size\":7.3,\"url\":\"/uploads/thumbnail_photo_1508112669284_33e37093fc34_dd887ebc1a.jpeg\"},\"small\":{\"name\":\"small_photo-1508112669284-33e37093fc34.jpeg\",\"hash\":\"small_photo_1508112669284_33e37093fc34_dd887ebc1a\",\"ext\":\".jpeg\",\"mime\":\"image/jpeg\",\"path\":null,\"width\":500,\"height\":334,\"size\":22.8,\"url\":\"/uploads/small_photo_1508112669284_33e37093fc34_dd887ebc1a.jpeg\"},\"medium\":{\"name\":\"medium_photo-1508112669284-33e37093fc34.jpeg\",\"hash\":\"medium_photo_1508112669284_33e37093fc34_dd887ebc1a\",\"ext\":\".jpeg\",\"mime\":\"image/jpeg\",\"path\":null,\"width\":750,\"height\":500,\"size\":41.88,\"url\":\"/uploads/medium_photo_1508112669284_33e37093fc34_dd887ebc1a.jpeg\"}}', 'photo_1508112669284_33e37093fc34_dd887ebc1a', '.jpeg', 'image/jpeg', '63.67', '/uploads/photo_1508112669284_33e37093fc34_dd887ebc1a.jpeg', NULL, 'local', NULL, '/', '2023-01-21 12:31:23.445000', '2023-01-21 12:31:23.445000', 1, 1),
(109, 'photo-1513151233558-d860c5398176.jpeg', NULL, NULL, 1000, 667, '{\"thumbnail\":{\"name\":\"thumbnail_photo-1513151233558-d860c5398176.jpeg\",\"hash\":\"thumbnail_photo_1513151233558_d860c5398176_ff9222b1c3\",\"ext\":\".jpeg\",\"mime\":\"image/jpeg\",\"path\":null,\"width\":234,\"height\":156,\"size\":6.36,\"url\":\"/uploads/thumbnail_photo_1513151233558_d860c5398176_ff9222b1c3.jpeg\"},\"medium\":{\"name\":\"medium_photo-1513151233558-d860c5398176.jpeg\",\"hash\":\"medium_photo_1513151233558_d860c5398176_ff9222b1c3\",\"ext\":\".jpeg\",\"mime\":\"image/jpeg\",\"path\":null,\"width\":750,\"height\":500,\"size\":30.28,\"url\":\"/uploads/medium_photo_1513151233558_d860c5398176_ff9222b1c3.jpeg\"},\"small\":{\"name\":\"small_photo-1513151233558-d860c5398176.jpeg\",\"hash\":\"small_photo_1513151233558_d860c5398176_ff9222b1c3\",\"ext\":\".jpeg\",\"mime\":\"image/jpeg\",\"path\":null,\"width\":500,\"height\":334,\"size\":17.34,\"url\":\"/uploads/small_photo_1513151233558_d860c5398176_ff9222b1c3.jpeg\"}}', 'photo_1513151233558_d860c5398176_ff9222b1c3', '.jpeg', 'image/jpeg', '45.24', '/uploads/photo_1513151233558_d860c5398176_ff9222b1c3.jpeg', NULL, 'local', NULL, '/', '2023-01-21 12:31:23.533000', '2023-01-21 12:31:23.533000', 1, 1),
(110, 'photo-1516627145497-ae6968895b74.jpeg', NULL, NULL, 1000, 691, '{\"thumbnail\":{\"name\":\"thumbnail_photo-1516627145497-ae6968895b74.jpeg\",\"hash\":\"thumbnail_photo_1516627145497_ae6968895b74_28a40d45ea\",\"ext\":\".jpeg\",\"mime\":\"image/jpeg\",\"path\":null,\"width\":226,\"height\":156,\"size\":7.37,\"url\":\"/uploads/thumbnail_photo_1516627145497_ae6968895b74_28a40d45ea.jpeg\"},\"small\":{\"name\":\"small_photo-1516627145497-ae6968895b74.jpeg\",\"hash\":\"small_photo_1516627145497_ae6968895b74_28a40d45ea\",\"ext\":\".jpeg\",\"mime\":\"image/jpeg\",\"path\":null,\"width\":500,\"height\":346,\"size\":24.05,\"url\":\"/uploads/small_photo_1516627145497_ae6968895b74_28a40d45ea.jpeg\"},\"medium\":{\"name\":\"medium_photo-1516627145497-ae6968895b74.jpeg\",\"hash\":\"medium_photo_1516627145497_ae6968895b74_28a40d45ea\",\"ext\":\".jpeg\",\"mime\":\"image/jpeg\",\"path\":null,\"width\":750,\"height\":518,\"size\":43.63,\"url\":\"/uploads/medium_photo_1516627145497_ae6968895b74_28a40d45ea.jpeg\"}}', 'photo_1516627145497_ae6968895b74_28a40d45ea', '.jpeg', 'image/jpeg', '66.56', '/uploads/photo_1516627145497_ae6968895b74_28a40d45ea.jpeg', NULL, 'local', NULL, '/', '2023-01-21 12:31:23.704000', '2023-01-21 12:31:23.704000', 1, 1),
(111, 'photo-1515488042361-ee00e0ddd4e4.jpeg', NULL, NULL, 1000, 664, '{\"thumbnail\":{\"name\":\"thumbnail_photo-1515488042361-ee00e0ddd4e4.jpeg\",\"hash\":\"thumbnail_photo_1515488042361_ee00e0ddd4e4_2859ee23be\",\"ext\":\".jpeg\",\"mime\":\"image/jpeg\",\"path\":null,\"width\":235,\"height\":156,\"size\":9.34,\"url\":\"/uploads/thumbnail_photo_1515488042361_ee00e0ddd4e4_2859ee23be.jpeg\"},\"small\":{\"name\":\"small_photo-1515488042361-ee00e0ddd4e4.jpeg\",\"hash\":\"small_photo_1515488042361_ee00e0ddd4e4_2859ee23be\",\"ext\":\".jpeg\",\"mime\":\"image/jpeg\",\"path\":null,\"width\":500,\"height\":332,\"size\":37.9,\"url\":\"/uploads/small_photo_1515488042361_ee00e0ddd4e4_2859ee23be.jpeg\"},\"medium\":{\"name\":\"medium_photo-1515488042361-ee00e0ddd4e4.jpeg\",\"hash\":\"medium_photo_1515488042361_ee00e0ddd4e4_2859ee23be\",\"ext\":\".jpeg\",\"mime\":\"image/jpeg\",\"path\":null,\"width\":750,\"height\":498,\"size\":77.97,\"url\":\"/uploads/medium_photo_1515488042361_ee00e0ddd4e4_2859ee23be.jpeg\"}}', 'photo_1515488042361_ee00e0ddd4e4_2859ee23be', '.jpeg', 'image/jpeg', '123.79', '/uploads/photo_1515488042361_ee00e0ddd4e4_2859ee23be.jpeg', NULL, 'local', NULL, '/', '2023-01-21 12:31:23.736000', '2023-01-21 12:31:23.736000', 1, 1),
(112, 'photo-1517036723957-e2891b1b32ae.jpeg', NULL, NULL, 1000, 667, '{\"thumbnail\":{\"name\":\"thumbnail_photo-1517036723957-e2891b1b32ae.jpeg\",\"hash\":\"thumbnail_photo_1517036723957_e2891b1b32ae_673d5d2e02\",\"ext\":\".jpeg\",\"mime\":\"image/jpeg\",\"path\":null,\"width\":234,\"height\":156,\"size\":8.88,\"url\":\"/uploads/thumbnail_photo_1517036723957_e2891b1b32ae_673d5d2e02.jpeg\"},\"small\":{\"name\":\"small_photo-1517036723957-e2891b1b32ae.jpeg\",\"hash\":\"small_photo_1517036723957_e2891b1b32ae_673d5d2e02\",\"ext\":\".jpeg\",\"mime\":\"image/jpeg\",\"path\":null,\"width\":500,\"height\":334,\"size\":34.87,\"url\":\"/uploads/small_photo_1517036723957_e2891b1b32ae_673d5d2e02.jpeg\"},\"medium\":{\"name\":\"medium_photo-1517036723957-e2891b1b32ae.jpeg\",\"hash\":\"medium_photo_1517036723957_e2891b1b32ae_673d5d2e02\",\"ext\":\".jpeg\",\"mime\":\"image/jpeg\",\"path\":null,\"width\":750,\"height\":500,\"size\":75.18,\"url\":\"/uploads/medium_photo_1517036723957_e2891b1b32ae_673d5d2e02.jpeg\"}}', 'photo_1517036723957_e2891b1b32ae_673d5d2e02', '.jpeg', 'image/jpeg', '127.95', '/uploads/photo_1517036723957_e2891b1b32ae_673d5d2e02.jpeg', NULL, 'local', NULL, '/', '2023-01-21 12:31:23.980000', '2023-01-21 12:31:23.980000', 1, 1),
(113, 'photo-1517686748843-bb360cfc62b3.jpeg', NULL, NULL, 1000, 667, '{\"thumbnail\":{\"name\":\"thumbnail_photo-1517686748843-bb360cfc62b3.jpeg\",\"hash\":\"thumbnail_photo_1517686748843_bb360cfc62b3_cc9e3662a2\",\"ext\":\".jpeg\",\"mime\":\"image/jpeg\",\"path\":null,\"width\":234,\"height\":156,\"size\":6.22,\"url\":\"/uploads/thumbnail_photo_1517686748843_bb360cfc62b3_cc9e3662a2.jpeg\"},\"medium\":{\"name\":\"medium_photo-1517686748843-bb360cfc62b3.jpeg\",\"hash\":\"medium_photo_1517686748843_bb360cfc62b3_cc9e3662a2\",\"ext\":\".jpeg\",\"mime\":\"image/jpeg\",\"path\":null,\"width\":750,\"height\":500,\"size\":40.91,\"url\":\"/uploads/medium_photo_1517686748843_bb360cfc62b3_cc9e3662a2.jpeg\"},\"small\":{\"name\":\"small_photo-1517686748843-bb360cfc62b3.jpeg\",\"hash\":\"small_photo_1517686748843_bb360cfc62b3_cc9e3662a2\",\"ext\":\".jpeg\",\"mime\":\"image/jpeg\",\"path\":null,\"width\":500,\"height\":334,\"size\":20.56,\"url\":\"/uploads/small_photo_1517686748843_bb360cfc62b3_cc9e3662a2.jpeg\"}}', 'photo_1517686748843_bb360cfc62b3_cc9e3662a2', '.jpeg', 'image/jpeg', '64.85', '/uploads/photo_1517686748843_bb360cfc62b3_cc9e3662a2.jpeg', NULL, 'local', NULL, '/', '2023-01-21 12:31:24.047000', '2023-01-21 12:31:24.047000', 1, 1),
(114, 'photo-1519340241574-2cec6aef0c01.jpeg', NULL, NULL, 1000, 563, '{\"thumbnail\":{\"name\":\"thumbnail_photo-1519340241574-2cec6aef0c01.jpeg\",\"hash\":\"thumbnail_photo_1519340241574_2cec6aef0c01_bb69a6be31\",\"ext\":\".jpeg\",\"mime\":\"image/jpeg\",\"path\":null,\"width\":245,\"height\":138,\"size\":9.74,\"url\":\"/uploads/thumbnail_photo_1519340241574_2cec6aef0c01_bb69a6be31.jpeg\"},\"small\":{\"name\":\"small_photo-1519340241574-2cec6aef0c01.jpeg\",\"hash\":\"small_photo_1519340241574_2cec6aef0c01_bb69a6be31\",\"ext\":\".jpeg\",\"mime\":\"image/jpeg\",\"path\":null,\"width\":500,\"height\":282,\"size\":27.15,\"url\":\"/uploads/small_photo_1519340241574_2cec6aef0c01_bb69a6be31.jpeg\"},\"medium\":{\"name\":\"medium_photo-1519340241574-2cec6aef0c01.jpeg\",\"hash\":\"medium_photo_1519340241574_2cec6aef0c01_bb69a6be31\",\"ext\":\".jpeg\",\"mime\":\"image/jpeg\",\"path\":null,\"width\":750,\"height\":422,\"size\":48.71,\"url\":\"/uploads/medium_photo_1519340241574_2cec6aef0c01_bb69a6be31.jpeg\"}}', 'photo_1519340241574_2cec6aef0c01_bb69a6be31', '.jpeg', 'image/jpeg', '75.05', '/uploads/photo_1519340241574_2cec6aef0c01_bb69a6be31.jpeg', NULL, 'local', NULL, '/', '2023-01-21 12:31:24.088000', '2023-01-21 12:31:24.088000', 1, 1),
(115, 'photo-1530325553241-4f6e7690cf36.jpeg', NULL, NULL, 1000, 667, '{\"thumbnail\":{\"name\":\"thumbnail_photo-1530325553241-4f6e7690cf36.jpeg\",\"hash\":\"thumbnail_photo_1530325553241_4f6e7690cf36_a9811d35ff\",\"ext\":\".jpeg\",\"mime\":\"image/jpeg\",\"path\":null,\"width\":234,\"height\":156,\"size\":2.44,\"url\":\"/uploads/thumbnail_photo_1530325553241_4f6e7690cf36_a9811d35ff.jpeg\"},\"medium\":{\"name\":\"medium_photo-1530325553241-4f6e7690cf36.jpeg\",\"hash\":\"medium_photo_1530325553241_4f6e7690cf36_a9811d35ff\",\"ext\":\".jpeg\",\"mime\":\"image/jpeg\",\"path\":null,\"width\":750,\"height\":500,\"size\":14.09,\"url\":\"/uploads/medium_photo_1530325553241_4f6e7690cf36_a9811d35ff.jpeg\"},\"small\":{\"name\":\"small_photo-1530325553241-4f6e7690cf36.jpeg\",\"hash\":\"small_photo_1530325553241_4f6e7690cf36_a9811d35ff\",\"ext\":\".jpeg\",\"mime\":\"image/jpeg\",\"path\":null,\"width\":500,\"height\":334,\"size\":7.31,\"url\":\"/uploads/small_photo_1530325553241_4f6e7690cf36_a9811d35ff.jpeg\"}}', 'photo_1530325553241_4f6e7690cf36_a9811d35ff', '.jpeg', 'image/jpeg', '22.26', '/uploads/photo_1530325553241_4f6e7690cf36_a9811d35ff.jpeg', NULL, 'local', NULL, '/', '2023-01-21 12:31:24.261000', '2023-01-21 12:31:24.261000', 1, 1),
(116, 'photo-1531214159280-079b95d26139.jpeg', NULL, NULL, 1000, 667, '{\"thumbnail\":{\"name\":\"thumbnail_photo-1531214159280-079b95d26139.jpeg\",\"hash\":\"thumbnail_photo_1531214159280_079b95d26139_d28fba5e05\",\"ext\":\".jpeg\",\"mime\":\"image/jpeg\",\"path\":null,\"width\":234,\"height\":156,\"size\":3.53,\"url\":\"/uploads/thumbnail_photo_1531214159280_079b95d26139_d28fba5e05.jpeg\"},\"medium\":{\"name\":\"medium_photo-1531214159280-079b95d26139.jpeg\",\"hash\":\"medium_photo_1531214159280_079b95d26139_d28fba5e05\",\"ext\":\".jpeg\",\"mime\":\"image/jpeg\",\"path\":null,\"width\":750,\"height\":500,\"size\":18.51,\"url\":\"/uploads/medium_photo_1531214159280_079b95d26139_d28fba5e05.jpeg\"},\"small\":{\"name\":\"small_photo-1531214159280-079b95d26139.jpeg\",\"hash\":\"small_photo_1531214159280_079b95d26139_d28fba5e05\",\"ext\":\".jpeg\",\"mime\":\"image/jpeg\",\"path\":null,\"width\":500,\"height\":334,\"size\":10.11,\"url\":\"/uploads/small_photo_1531214159280_079b95d26139_d28fba5e05.jpeg\"}}', 'photo_1531214159280_079b95d26139_d28fba5e05', '.jpeg', 'image/jpeg', '28.29', '/uploads/photo_1531214159280_079b95d26139_d28fba5e05.jpeg', NULL, 'local', NULL, '/', '2023-01-21 12:31:24.309000', '2023-01-21 12:31:24.309000', 1, 1),
(117, 'photo-1532330393533-443990a51d10.jpeg', NULL, NULL, 1000, 667, '{\"thumbnail\":{\"name\":\"thumbnail_photo-1532330393533-443990a51d10.jpeg\",\"hash\":\"thumbnail_photo_1532330393533_443990a51d10_9d51c96076\",\"ext\":\".jpeg\",\"mime\":\"image/jpeg\",\"path\":null,\"width\":234,\"height\":156,\"size\":6.47,\"url\":\"/uploads/thumbnail_photo_1532330393533_443990a51d10_9d51c96076.jpeg\"},\"medium\":{\"name\":\"medium_photo-1532330393533-443990a51d10.jpeg\",\"hash\":\"medium_photo_1532330393533_443990a51d10_9d51c96076\",\"ext\":\".jpeg\",\"mime\":\"image/jpeg\",\"path\":null,\"width\":750,\"height\":500,\"size\":33.79,\"url\":\"/uploads/medium_photo_1532330393533_443990a51d10_9d51c96076.jpeg\"},\"small\":{\"name\":\"small_photo-1532330393533-443990a51d10.jpeg\",\"hash\":\"small_photo_1532330393533_443990a51d10_9d51c96076\",\"ext\":\".jpeg\",\"mime\":\"image/jpeg\",\"path\":null,\"width\":500,\"height\":334,\"size\":18.69,\"url\":\"/uploads/small_photo_1532330393533_443990a51d10_9d51c96076.jpeg\"}}', 'photo_1532330393533_443990a51d10_9d51c96076', '.jpeg', 'image/jpeg', '50.87', '/uploads/photo_1532330393533_443990a51d10_9d51c96076.jpeg', NULL, 'local', NULL, '/', '2023-01-21 12:31:24.501000', '2023-01-21 12:31:24.501000', 1, 1),
(118, 'photo-1534732806146-b3bf32171b48.jpeg', NULL, NULL, 1000, 750, '{\"thumbnail\":{\"name\":\"thumbnail_photo-1534732806146-b3bf32171b48.jpeg\",\"hash\":\"thumbnail_photo_1534732806146_b3bf32171b48_757c9a7f00\",\"ext\":\".jpeg\",\"mime\":\"image/jpeg\",\"path\":null,\"width\":208,\"height\":156,\"size\":5.77,\"url\":\"/uploads/thumbnail_photo_1534732806146_b3bf32171b48_757c9a7f00.jpeg\"},\"medium\":{\"name\":\"medium_photo-1534732806146-b3bf32171b48.jpeg\",\"hash\":\"medium_photo_1534732806146_b3bf32171b48_757c9a7f00\",\"ext\":\".jpeg\",\"mime\":\"image/jpeg\",\"path\":null,\"width\":750,\"height\":563,\"size\":40.89,\"url\":\"/uploads/medium_photo_1534732806146_b3bf32171b48_757c9a7f00.jpeg\"},\"small\":{\"name\":\"small_photo-1534732806146-b3bf32171b48.jpeg\",\"hash\":\"small_photo_1534732806146_b3bf32171b48_757c9a7f00\",\"ext\":\".jpeg\",\"mime\":\"image/jpeg\",\"path\":null,\"width\":500,\"height\":375,\"size\":21.89,\"url\":\"/uploads/small_photo_1534732806146_b3bf32171b48_757c9a7f00.jpeg\"}}', 'photo_1534732806146_b3bf32171b48_757c9a7f00', '.jpeg', 'image/jpeg', '62.44', '/uploads/photo_1534732806146_b3bf32171b48_757c9a7f00.jpeg', NULL, 'local', NULL, '/', '2023-01-21 12:31:24.586000', '2023-01-21 12:31:24.586000', 1, 1),
(119, 'photo-1535572290543-960a8046f5af.jpeg', NULL, NULL, 1000, 667, '{\"thumbnail\":{\"name\":\"thumbnail_photo-1535572290543-960a8046f5af.jpeg\",\"hash\":\"thumbnail_photo_1535572290543_960a8046f5af_c61c8f2053\",\"ext\":\".jpeg\",\"mime\":\"image/jpeg\",\"path\":null,\"width\":234,\"height\":156,\"size\":9.74,\"url\":\"/uploads/thumbnail_photo_1535572290543_960a8046f5af_c61c8f2053.jpeg\"},\"medium\":{\"name\":\"medium_photo-1535572290543-960a8046f5af.jpeg\",\"hash\":\"medium_photo_1535572290543_960a8046f5af_c61c8f2053\",\"ext\":\".jpeg\",\"mime\":\"image/jpeg\",\"path\":null,\"width\":750,\"height\":500,\"size\":59.1,\"url\":\"/uploads/medium_photo_1535572290543_960a8046f5af_c61c8f2053.jpeg\"},\"small\":{\"name\":\"small_photo-1535572290543-960a8046f5af.jpeg\",\"hash\":\"small_photo_1535572290543_960a8046f5af_c61c8f2053\",\"ext\":\".jpeg\",\"mime\":\"image/jpeg\",\"path\":null,\"width\":500,\"height\":334,\"size\":31.34,\"url\":\"/uploads/small_photo_1535572290543_960a8046f5af_c61c8f2053.jpeg\"}}', 'photo_1535572290543_960a8046f5af_c61c8f2053', '.jpeg', 'image/jpeg', '90.69', '/uploads/photo_1535572290543_960a8046f5af_c61c8f2053.jpeg', NULL, 'local', NULL, '/', '2023-01-21 12:31:24.721000', '2023-01-21 12:31:24.721000', 1, 1),
(120, 'photo-1539795845756-4fadad2905ec.jpeg', NULL, NULL, 1000, 667, '{\"thumbnail\":{\"name\":\"thumbnail_photo-1539795845756-4fadad2905ec.jpeg\",\"hash\":\"thumbnail_photo_1539795845756_4fadad2905ec_0fbaa2d38d\",\"ext\":\".jpeg\",\"mime\":\"image/jpeg\",\"path\":null,\"width\":234,\"height\":156,\"size\":8.04,\"url\":\"/uploads/thumbnail_photo_1539795845756_4fadad2905ec_0fbaa2d38d.jpeg\"},\"medium\":{\"name\":\"medium_photo-1539795845756-4fadad2905ec.jpeg\",\"hash\":\"medium_photo_1539795845756_4fadad2905ec_0fbaa2d38d\",\"ext\":\".jpeg\",\"mime\":\"image/jpeg\",\"path\":null,\"width\":750,\"height\":500,\"size\":41.57,\"url\":\"/uploads/medium_photo_1539795845756_4fadad2905ec_0fbaa2d38d.jpeg\"},\"small\":{\"name\":\"small_photo-1539795845756-4fadad2905ec.jpeg\",\"hash\":\"small_photo_1539795845756_4fadad2905ec_0fbaa2d38d\",\"ext\":\".jpeg\",\"mime\":\"image/jpeg\",\"path\":null,\"width\":500,\"height\":334,\"size\":23.42,\"url\":\"/uploads/small_photo_1539795845756_4fadad2905ec_0fbaa2d38d.jpeg\"}}', 'photo_1539795845756_4fadad2905ec_0fbaa2d38d', '.jpeg', 'image/jpeg', '62.13', '/uploads/photo_1539795845756_4fadad2905ec_0fbaa2d38d.jpeg', NULL, 'local', NULL, '/', '2023-01-21 12:31:24.761000', '2023-01-21 12:31:24.761000', 1, 1),
(121, 'photo-1541692641319-981cc79ee10a.jpeg', NULL, NULL, 1000, 667, '{\"thumbnail\":{\"name\":\"thumbnail_photo-1541692641319-981cc79ee10a.jpeg\",\"hash\":\"thumbnail_photo_1541692641319_981cc79ee10a_c121224f6a\",\"ext\":\".jpeg\",\"mime\":\"image/jpeg\",\"path\":null,\"width\":234,\"height\":156,\"size\":6.75,\"url\":\"/uploads/thumbnail_photo_1541692641319_981cc79ee10a_c121224f6a.jpeg\"},\"medium\":{\"name\":\"medium_photo-1541692641319-981cc79ee10a.jpeg\",\"hash\":\"medium_photo_1541692641319_981cc79ee10a_c121224f6a\",\"ext\":\".jpeg\",\"mime\":\"image/jpeg\",\"path\":null,\"width\":750,\"height\":500,\"size\":38.72,\"url\":\"/uploads/medium_photo_1541692641319_981cc79ee10a_c121224f6a.jpeg\"},\"small\":{\"name\":\"small_photo-1541692641319-981cc79ee10a.jpeg\",\"hash\":\"small_photo_1541692641319_981cc79ee10a_c121224f6a\",\"ext\":\".jpeg\",\"mime\":\"image/jpeg\",\"path\":null,\"width\":500,\"height\":334,\"size\":19.93,\"url\":\"/uploads/small_photo_1541692641319_981cc79ee10a_c121224f6a.jpeg\"}}', 'photo_1541692641319_981cc79ee10a_c121224f6a', '.jpeg', 'image/jpeg', '62.41', '/uploads/photo_1541692641319_981cc79ee10a_c121224f6a.jpeg', NULL, 'local', NULL, '/', '2023-01-21 12:31:24.893000', '2023-01-21 12:31:24.893000', 1, 1);
INSERT INTO `files` (`id`, `name`, `alternative_text`, `caption`, `width`, `height`, `formats`, `hash`, `ext`, `mime`, `size`, `url`, `preview_url`, `provider`, `provider_metadata`, `folder_path`, `created_at`, `updated_at`, `created_by_id`, `updated_by_id`) VALUES
(122, 'photo-1563396983906-b3795482a59a.jpeg', NULL, NULL, 1000, 665, '{\"thumbnail\":{\"name\":\"thumbnail_photo-1563396983906-b3795482a59a.jpeg\",\"hash\":\"thumbnail_photo_1563396983906_b3795482a59a_160e684ba0\",\"ext\":\".jpeg\",\"mime\":\"image/jpeg\",\"path\":null,\"width\":235,\"height\":156,\"size\":6.96,\"url\":\"/uploads/thumbnail_photo_1563396983906_b3795482a59a_160e684ba0.jpeg\"},\"small\":{\"name\":\"small_photo-1563396983906-b3795482a59a.jpeg\",\"hash\":\"small_photo_1563396983906_b3795482a59a_160e684ba0\",\"ext\":\".jpeg\",\"mime\":\"image/jpeg\",\"path\":null,\"width\":500,\"height\":333,\"size\":23.86,\"url\":\"/uploads/small_photo_1563396983906_b3795482a59a_160e684ba0.jpeg\"},\"medium\":{\"name\":\"medium_photo-1563396983906-b3795482a59a.jpeg\",\"hash\":\"medium_photo_1563396983906_b3795482a59a_160e684ba0\",\"ext\":\".jpeg\",\"mime\":\"image/jpeg\",\"path\":null,\"width\":750,\"height\":499,\"size\":50.03,\"url\":\"/uploads/medium_photo_1563396983906_b3795482a59a_160e684ba0.jpeg\"}}', 'photo_1563396983906_b3795482a59a_160e684ba0', '.jpeg', 'image/jpeg', '83.70', '/uploads/photo_1563396983906_b3795482a59a_160e684ba0.jpeg', NULL, 'local', NULL, '/', '2023-01-21 12:31:25.003000', '2023-01-21 12:31:25.003000', 1, 1),
(123, 'photo-1566576912321-d58ddd7a6088.jpeg', NULL, NULL, 1000, 667, '{\"thumbnail\":{\"name\":\"thumbnail_photo-1566576912321-d58ddd7a6088.jpeg\",\"hash\":\"thumbnail_photo_1566576912321_d58ddd7a6088_cbdddf72a9\",\"ext\":\".jpeg\",\"mime\":\"image/jpeg\",\"path\":null,\"width\":234,\"height\":156,\"size\":9.73,\"url\":\"/uploads/thumbnail_photo_1566576912321_d58ddd7a6088_cbdddf72a9.jpeg\"},\"medium\":{\"name\":\"medium_photo-1566576912321-d58ddd7a6088.jpeg\",\"hash\":\"medium_photo_1566576912321_d58ddd7a6088_cbdddf72a9\",\"ext\":\".jpeg\",\"mime\":\"image/jpeg\",\"path\":null,\"width\":750,\"height\":500,\"size\":50.45,\"url\":\"/uploads/medium_photo_1566576912321_d58ddd7a6088_cbdddf72a9.jpeg\"},\"small\":{\"name\":\"small_photo-1566576912321-d58ddd7a6088.jpeg\",\"hash\":\"small_photo_1566576912321_d58ddd7a6088_cbdddf72a9\",\"ext\":\".jpeg\",\"mime\":\"image/jpeg\",\"path\":null,\"width\":500,\"height\":334,\"size\":28.31,\"url\":\"/uploads/small_photo_1566576912321_d58ddd7a6088_cbdddf72a9.jpeg\"}}', 'photo_1566576912321_d58ddd7a6088_cbdddf72a9', '.jpeg', 'image/jpeg', '75.99', '/uploads/photo_1566576912321_d58ddd7a6088_cbdddf72a9.jpeg', NULL, 'local', NULL, '/', '2023-01-21 12:31:25.113000', '2023-01-21 12:31:25.113000', 1, 1),
(124, 'photo-1566577134665-2c674085abf7.jpeg', NULL, NULL, 1000, 667, '{\"thumbnail\":{\"name\":\"thumbnail_photo-1566577134665-2c674085abf7.jpeg\",\"hash\":\"thumbnail_photo_1566577134665_2c674085abf7_84aef765c8\",\"ext\":\".jpeg\",\"mime\":\"image/jpeg\",\"path\":null,\"width\":234,\"height\":156,\"size\":9.89,\"url\":\"/uploads/thumbnail_photo_1566577134665_2c674085abf7_84aef765c8.jpeg\"},\"small\":{\"name\":\"small_photo-1566577134665-2c674085abf7.jpeg\",\"hash\":\"small_photo_1566577134665_2c674085abf7_84aef765c8\",\"ext\":\".jpeg\",\"mime\":\"image/jpeg\",\"path\":null,\"width\":500,\"height\":334,\"size\":28.11,\"url\":\"/uploads/small_photo_1566577134665_2c674085abf7_84aef765c8.jpeg\"},\"medium\":{\"name\":\"medium_photo-1566577134665-2c674085abf7.jpeg\",\"hash\":\"medium_photo_1566577134665_2c674085abf7_84aef765c8\",\"ext\":\".jpeg\",\"mime\":\"image/jpeg\",\"path\":null,\"width\":750,\"height\":500,\"size\":50.26,\"url\":\"/uploads/medium_photo_1566577134665_2c674085abf7_84aef765c8.jpeg\"}}', 'photo_1566577134665_2c674085abf7_84aef765c8', '.jpeg', 'image/jpeg', '76.03', '/uploads/photo_1566577134665_2c674085abf7_84aef765c8.jpeg', NULL, 'local', NULL, '/', '2023-01-21 12:31:25.243000', '2023-01-21 12:31:25.243000', 1, 1),
(125, 'photo-1568828668638-b1b4014d91a2.jpeg', NULL, NULL, 1000, 648, '{\"thumbnail\":{\"name\":\"thumbnail_photo-1568828668638-b1b4014d91a2.jpeg\",\"hash\":\"thumbnail_photo_1568828668638_b1b4014d91a2_f930debaea\",\"ext\":\".jpeg\",\"mime\":\"image/jpeg\",\"path\":null,\"width\":241,\"height\":156,\"size\":9.55,\"url\":\"/uploads/thumbnail_photo_1568828668638_b1b4014d91a2_f930debaea.jpeg\"},\"medium\":{\"name\":\"medium_photo-1568828668638-b1b4014d91a2.jpeg\",\"hash\":\"medium_photo_1568828668638_b1b4014d91a2_f930debaea\",\"ext\":\".jpeg\",\"mime\":\"image/jpeg\",\"path\":null,\"width\":750,\"height\":486,\"size\":54.45,\"url\":\"/uploads/medium_photo_1568828668638_b1b4014d91a2_f930debaea.jpeg\"},\"small\":{\"name\":\"small_photo-1568828668638-b1b4014d91a2.jpeg\",\"hash\":\"small_photo_1568828668638_b1b4014d91a2_f930debaea\",\"ext\":\".jpeg\",\"mime\":\"image/jpeg\",\"path\":null,\"width\":500,\"height\":324,\"size\":29.4,\"url\":\"/uploads/small_photo_1568828668638_b1b4014d91a2_f930debaea.jpeg\"}}', 'photo_1568828668638_b1b4014d91a2_f930debaea', '.jpeg', 'image/jpeg', '82.93', '/uploads/photo_1568828668638_b1b4014d91a2_f930debaea.jpeg', NULL, 'local', NULL, '/', '2023-01-21 12:31:25.280000', '2023-01-21 12:31:25.280000', 1, 1),
(126, 'photo-1573297663823-b4d453566b32.jpeg', NULL, NULL, 1000, 667, '{\"thumbnail\":{\"name\":\"thumbnail_photo-1573297663823-b4d453566b32.jpeg\",\"hash\":\"thumbnail_photo_1573297663823_b4d453566b32_04877c1568\",\"ext\":\".jpeg\",\"mime\":\"image/jpeg\",\"path\":null,\"width\":234,\"height\":156,\"size\":9.89,\"url\":\"/uploads/thumbnail_photo_1573297663823_b4d453566b32_04877c1568.jpeg\"},\"medium\":{\"name\":\"medium_photo-1573297663823-b4d453566b32.jpeg\",\"hash\":\"medium_photo_1573297663823_b4d453566b32_04877c1568\",\"ext\":\".jpeg\",\"mime\":\"image/jpeg\",\"path\":null,\"width\":750,\"height\":500,\"size\":56.05,\"url\":\"/uploads/medium_photo_1573297663823_b4d453566b32_04877c1568.jpeg\"},\"small\":{\"name\":\"small_photo-1573297663823-b4d453566b32.jpeg\",\"hash\":\"small_photo_1573297663823_b4d453566b32_04877c1568\",\"ext\":\".jpeg\",\"mime\":\"image/jpeg\",\"path\":null,\"width\":500,\"height\":334,\"size\":30.92,\"url\":\"/uploads/small_photo_1573297663823_b4d453566b32_04877c1568.jpeg\"}}', 'photo_1573297663823_b4d453566b32_04877c1568', '.jpeg', 'image/jpeg', '83.18', '/uploads/photo_1573297663823_b4d453566b32_04877c1568.jpeg', NULL, 'local', NULL, '/', '2023-01-21 12:31:25.449000', '2023-01-21 12:31:25.449000', 1, 1),
(127, 'photo-1582571352032-448f7928eca3.jpeg', NULL, NULL, 1000, 585, '{\"thumbnail\":{\"name\":\"thumbnail_photo-1582571352032-448f7928eca3.jpeg\",\"hash\":\"thumbnail_photo_1582571352032_448f7928eca3_f70a1036ca\",\"ext\":\".jpeg\",\"mime\":\"image/jpeg\",\"path\":null,\"width\":245,\"height\":143,\"size\":6.76,\"url\":\"/uploads/thumbnail_photo_1582571352032_448f7928eca3_f70a1036ca.jpeg\"},\"medium\":{\"name\":\"medium_photo-1582571352032-448f7928eca3.jpeg\",\"hash\":\"medium_photo_1582571352032_448f7928eca3_f70a1036ca\",\"ext\":\".jpeg\",\"mime\":\"image/jpeg\",\"path\":null,\"width\":750,\"height\":439,\"size\":41.56,\"url\":\"/uploads/medium_photo_1582571352032_448f7928eca3_f70a1036ca.jpeg\"},\"small\":{\"name\":\"small_photo-1582571352032-448f7928eca3.jpeg\",\"hash\":\"small_photo_1582571352032_448f7928eca3_f70a1036ca\",\"ext\":\".jpeg\",\"mime\":\"image/jpeg\",\"path\":null,\"width\":500,\"height\":293,\"size\":21.39,\"url\":\"/uploads/small_photo_1582571352032_448f7928eca3_f70a1036ca.jpeg\"}}', 'photo_1582571352032_448f7928eca3_f70a1036ca', '.jpeg', 'image/jpeg', '65.98', '/uploads/photo_1582571352032_448f7928eca3_f70a1036ca.jpeg', NULL, 'local', NULL, '/', '2023-01-21 12:31:25.557000', '2023-01-21 12:31:25.557000', 1, 1),
(128, 'photo-1582845512747-e42001c95638.jpeg', NULL, NULL, 1000, 667, '{\"thumbnail\":{\"name\":\"thumbnail_photo-1582845512747-e42001c95638.jpeg\",\"hash\":\"thumbnail_photo_1582845512747_e42001c95638_fbbf82cde1\",\"ext\":\".jpeg\",\"mime\":\"image/jpeg\",\"path\":null,\"width\":234,\"height\":156,\"size\":1.91,\"url\":\"/uploads/thumbnail_photo_1582845512747_e42001c95638_fbbf82cde1.jpeg\"},\"small\":{\"name\":\"small_photo-1582845512747-e42001c95638.jpeg\",\"hash\":\"small_photo_1582845512747_e42001c95638_fbbf82cde1\",\"ext\":\".jpeg\",\"mime\":\"image/jpeg\",\"path\":null,\"width\":500,\"height\":334,\"size\":4.53,\"url\":\"/uploads/small_photo_1582845512747_e42001c95638_fbbf82cde1.jpeg\"},\"medium\":{\"name\":\"medium_photo-1582845512747-e42001c95638.jpeg\",\"hash\":\"medium_photo_1582845512747_e42001c95638_fbbf82cde1\",\"ext\":\".jpeg\",\"mime\":\"image/jpeg\",\"path\":null,\"width\":750,\"height\":500,\"size\":7.8,\"url\":\"/uploads/medium_photo_1582845512747_e42001c95638_fbbf82cde1.jpeg\"}}', 'photo_1582845512747_e42001c95638_fbbf82cde1', '.jpeg', 'image/jpeg', '11.56', '/uploads/photo_1582845512747_e42001c95638_fbbf82cde1.jpeg', NULL, 'local', NULL, '/', '2023-01-21 12:31:25.754000', '2023-01-21 12:31:25.754000', 1, 1),
(129, 'photo-1581878611345-3fe425a0f833.jpeg', NULL, NULL, 1000, 666, '{\"thumbnail\":{\"name\":\"thumbnail_photo-1581878611345-3fe425a0f833.jpeg\",\"hash\":\"thumbnail_photo_1581878611345_3fe425a0f833_b8e95d8c2c\",\"ext\":\".jpeg\",\"mime\":\"image/jpeg\",\"path\":null,\"width\":234,\"height\":156,\"size\":10.7,\"url\":\"/uploads/thumbnail_photo_1581878611345_3fe425a0f833_b8e95d8c2c.jpeg\"},\"medium\":{\"name\":\"medium_photo-1581878611345-3fe425a0f833.jpeg\",\"hash\":\"medium_photo_1581878611345_3fe425a0f833_b8e95d8c2c\",\"ext\":\".jpeg\",\"mime\":\"image/jpeg\",\"path\":null,\"width\":750,\"height\":500,\"size\":58.38,\"url\":\"/uploads/medium_photo_1581878611345_3fe425a0f833_b8e95d8c2c.jpeg\"},\"small\":{\"name\":\"small_photo-1581878611345-3fe425a0f833.jpeg\",\"hash\":\"small_photo_1581878611345_3fe425a0f833_b8e95d8c2c\",\"ext\":\".jpeg\",\"mime\":\"image/jpeg\",\"path\":null,\"width\":500,\"height\":333,\"size\":32.23,\"url\":\"/uploads/small_photo_1581878611345_3fe425a0f833_b8e95d8c2c.jpeg\"}}', 'photo_1581878611345_3fe425a0f833_b8e95d8c2c', '.jpeg', 'image/jpeg', '88.31', '/uploads/photo_1581878611345_3fe425a0f833_b8e95d8c2c.jpeg', NULL, 'local', NULL, '/', '2023-01-21 12:31:25.862000', '2023-01-21 12:31:25.862000', 1, 1),
(130, 'photo-1584155828260-3791b07e6afb.jpeg', NULL, NULL, 1000, 671, '{\"thumbnail\":{\"name\":\"thumbnail_photo-1584155828260-3791b07e6afb.jpeg\",\"hash\":\"thumbnail_photo_1584155828260_3791b07e6afb_28beeae16c\",\"ext\":\".jpeg\",\"mime\":\"image/jpeg\",\"path\":null,\"width\":233,\"height\":156,\"size\":7.21,\"url\":\"/uploads/thumbnail_photo_1584155828260_3791b07e6afb_28beeae16c.jpeg\"},\"medium\":{\"name\":\"medium_photo-1584155828260-3791b07e6afb.jpeg\",\"hash\":\"medium_photo_1584155828260_3791b07e6afb_28beeae16c\",\"ext\":\".jpeg\",\"mime\":\"image/jpeg\",\"path\":null,\"width\":750,\"height\":503,\"size\":51.23,\"url\":\"/uploads/medium_photo_1584155828260_3791b07e6afb_28beeae16c.jpeg\"},\"small\":{\"name\":\"small_photo-1584155828260-3791b07e6afb.jpeg\",\"hash\":\"small_photo_1584155828260_3791b07e6afb_28beeae16c\",\"ext\":\".jpeg\",\"mime\":\"image/jpeg\",\"path\":null,\"width\":500,\"height\":336,\"size\":25.56,\"url\":\"/uploads/small_photo_1584155828260_3791b07e6afb_28beeae16c.jpeg\"}}', 'photo_1584155828260_3791b07e6afb_28beeae16c', '.jpeg', 'image/jpeg', '81.44', '/uploads/photo_1584155828260_3791b07e6afb_28beeae16c.jpeg', NULL, 'local', NULL, '/', '2023-01-21 12:31:25.920000', '2023-01-21 12:31:25.920000', 1, 1),
(131, 'photo-1574175679797-9fc9eade1450.jpeg', NULL, NULL, 1000, 667, '{\"thumbnail\":{\"name\":\"thumbnail_photo-1574175679797-9fc9eade1450.jpeg\",\"hash\":\"thumbnail_photo_1574175679797_9fc9eade1450_297b9fa84e\",\"ext\":\".jpeg\",\"mime\":\"image/jpeg\",\"path\":null,\"width\":234,\"height\":156,\"size\":7.42,\"url\":\"/uploads/thumbnail_photo_1574175679797_9fc9eade1450_297b9fa84e.jpeg\"},\"small\":{\"name\":\"small_photo-1574175679797-9fc9eade1450.jpeg\",\"hash\":\"small_photo_1574175679797_9fc9eade1450_297b9fa84e\",\"ext\":\".jpeg\",\"mime\":\"image/jpeg\",\"path\":null,\"width\":500,\"height\":334,\"size\":22.38,\"url\":\"/uploads/small_photo_1574175679797_9fc9eade1450_297b9fa84e.jpeg\"},\"medium\":{\"name\":\"medium_photo-1574175679797-9fc9eade1450.jpeg\",\"hash\":\"medium_photo_1574175679797_9fc9eade1450_297b9fa84e\",\"ext\":\".jpeg\",\"mime\":\"image/jpeg\",\"path\":null,\"width\":750,\"height\":500,\"size\":40.79,\"url\":\"/uploads/medium_photo_1574175679797_9fc9eade1450_297b9fa84e.jpeg\"}}', 'photo_1574175679797_9fc9eade1450_297b9fa84e', '.jpeg', 'image/jpeg', '61.70', '/uploads/photo_1574175679797_9fc9eade1450_297b9fa84e.jpeg', NULL, 'local', NULL, '/', '2023-01-21 12:31:25.985000', '2023-01-21 12:31:25.985000', 1, 1),
(132, 'photo-1575881737088-a5a2bbf44e85.jpeg', NULL, NULL, 1000, 750, '{\"thumbnail\":{\"name\":\"thumbnail_photo-1575881737088-a5a2bbf44e85.jpeg\",\"hash\":\"thumbnail_photo_1575881737088_a5a2bbf44e85_a23af0c59d\",\"ext\":\".jpeg\",\"mime\":\"image/jpeg\",\"path\":null,\"width\":208,\"height\":156,\"size\":6.12,\"url\":\"/uploads/thumbnail_photo_1575881737088_a5a2bbf44e85_a23af0c59d.jpeg\"},\"small\":{\"name\":\"small_photo-1575881737088-a5a2bbf44e85.jpeg\",\"hash\":\"small_photo_1575881737088_a5a2bbf44e85_a23af0c59d\",\"ext\":\".jpeg\",\"mime\":\"image/jpeg\",\"path\":null,\"width\":500,\"height\":375,\"size\":29.12,\"url\":\"/uploads/small_photo_1575881737088_a5a2bbf44e85_a23af0c59d.jpeg\"},\"medium\":{\"name\":\"medium_photo-1575881737088-a5a2bbf44e85.jpeg\",\"hash\":\"medium_photo_1575881737088_a5a2bbf44e85_a23af0c59d\",\"ext\":\".jpeg\",\"mime\":\"image/jpeg\",\"path\":null,\"width\":750,\"height\":563,\"size\":63.64,\"url\":\"/uploads/medium_photo_1575881737088_a5a2bbf44e85_a23af0c59d.jpeg\"}}', 'photo_1575881737088_a5a2bbf44e85_a23af0c59d', '.jpeg', 'image/jpeg', '110.67', '/uploads/photo_1575881737088_a5a2bbf44e85_a23af0c59d.jpeg', NULL, 'local', NULL, '/', '2023-01-21 12:31:26.188000', '2023-01-21 12:31:26.188000', 1, 1),
(133, 'photo-1576352949499-a9df0af210c5.jpeg', NULL, NULL, 1000, 667, '{\"thumbnail\":{\"name\":\"thumbnail_photo-1576352949499-a9df0af210c5.jpeg\",\"hash\":\"thumbnail_photo_1576352949499_a9df0af210c5_88fdf842f4\",\"ext\":\".jpeg\",\"mime\":\"image/jpeg\",\"path\":null,\"width\":234,\"height\":156,\"size\":2.06,\"url\":\"/uploads/thumbnail_photo_1576352949499_a9df0af210c5_88fdf842f4.jpeg\"},\"small\":{\"name\":\"small_photo-1576352949499-a9df0af210c5.jpeg\",\"hash\":\"small_photo_1576352949499_a9df0af210c5_88fdf842f4\",\"ext\":\".jpeg\",\"mime\":\"image/jpeg\",\"path\":null,\"width\":500,\"height\":334,\"size\":7.49,\"url\":\"/uploads/small_photo_1576352949499_a9df0af210c5_88fdf842f4.jpeg\"},\"medium\":{\"name\":\"medium_photo-1576352949499-a9df0af210c5.jpeg\",\"hash\":\"medium_photo_1576352949499_a9df0af210c5_88fdf842f4\",\"ext\":\".jpeg\",\"mime\":\"image/jpeg\",\"path\":null,\"width\":750,\"height\":500,\"size\":16.52,\"url\":\"/uploads/medium_photo_1576352949499_a9df0af210c5_88fdf842f4.jpeg\"}}', 'photo_1576352949499_a9df0af210c5_88fdf842f4', '.jpeg', 'image/jpeg', '29.37', '/uploads/photo_1576352949499_a9df0af210c5_88fdf842f4.jpeg', NULL, 'local', NULL, '/', '2023-01-21 12:31:26.195000', '2023-01-21 12:31:26.195000', 1, 1),
(134, 'irish-hands.jpg', NULL, NULL, 5616, 3744, '{\"thumbnail\":{\"name\":\"thumbnail_irish-hands.jpg\",\"hash\":\"thumbnail_irish_hands_5a9fafa04b\",\"ext\":\".jpg\",\"mime\":\"image/jpeg\",\"path\":null,\"width\":234,\"height\":156,\"size\":6.5,\"url\":\"/uploads/thumbnail_irish_hands_5a9fafa04b.jpg\"},\"medium\":{\"name\":\"medium_irish-hands.jpg\",\"hash\":\"medium_irish_hands_5a9fafa04b\",\"ext\":\".jpg\",\"mime\":\"image/jpeg\",\"path\":null,\"width\":750,\"height\":500,\"size\":34.97,\"url\":\"/uploads/medium_irish_hands_5a9fafa04b.jpg\"},\"small\":{\"name\":\"small_irish-hands.jpg\",\"hash\":\"small_irish_hands_5a9fafa04b\",\"ext\":\".jpg\",\"mime\":\"image/jpeg\",\"path\":null,\"width\":500,\"height\":333,\"size\":18.96,\"url\":\"/uploads/small_irish_hands_5a9fafa04b.jpg\"},\"large\":{\"name\":\"large_irish-hands.jpg\",\"hash\":\"large_irish_hands_5a9fafa04b\",\"ext\":\".jpg\",\"mime\":\"image/jpeg\",\"path\":null,\"width\":1000,\"height\":667,\"size\":53.55,\"url\":\"/uploads/large_irish_hands_5a9fafa04b.jpg\"}}', 'irish_hands_5a9fafa04b', '.jpg', 'image/jpeg', '981.34', '/uploads/irish_hands_5a9fafa04b.jpg', NULL, 'local', NULL, '/', '2023-01-21 12:31:26.346000', '2023-01-21 12:31:26.346000', 1, 1),
(135, 'photo-1575364289437-fb1479d52732.jpeg', NULL, NULL, 1000, 750, '{\"thumbnail\":{\"name\":\"thumbnail_photo-1575364289437-fb1479d52732.jpeg\",\"hash\":\"thumbnail_photo_1575364289437_fb1479d52732_9c3db1fd7b\",\"ext\":\".jpeg\",\"mime\":\"image/jpeg\",\"path\":null,\"width\":208,\"height\":156,\"size\":6.77,\"url\":\"/uploads/thumbnail_photo_1575364289437_fb1479d52732_9c3db1fd7b.jpeg\"},\"medium\":{\"name\":\"medium_photo-1575364289437-fb1479d52732.jpeg\",\"hash\":\"medium_photo_1575364289437_fb1479d52732_9c3db1fd7b\",\"ext\":\".jpeg\",\"mime\":\"image/jpeg\",\"path\":null,\"width\":750,\"height\":563,\"size\":50.84,\"url\":\"/uploads/medium_photo_1575364289437_fb1479d52732_9c3db1fd7b.jpeg\"},\"small\":{\"name\":\"small_photo-1575364289437-fb1479d52732.jpeg\",\"hash\":\"small_photo_1575364289437_fb1479d52732_9c3db1fd7b\",\"ext\":\".jpeg\",\"mime\":\"image/jpeg\",\"path\":null,\"width\":500,\"height\":375,\"size\":25.99,\"url\":\"/uploads/small_photo_1575364289437_fb1479d52732_9c3db1fd7b.jpeg\"}}', 'photo_1575364289437_fb1479d52732_9c3db1fd7b', '.jpeg', 'image/jpeg', '81.77', '/uploads/photo_1575364289437_fb1479d52732_9c3db1fd7b.jpeg', NULL, 'local', NULL, '/', '2023-01-21 12:31:26.443000', '2023-01-21 12:31:26.443000', 1, 1),
(136, 'photo-1584515828432-06198c3196a8.jpeg', NULL, NULL, 1000, 667, '{\"thumbnail\":{\"name\":\"thumbnail_photo-1584515828432-06198c3196a8.jpeg\",\"hash\":\"thumbnail_photo_1584515828432_06198c3196a8_71ae5a71b0\",\"ext\":\".jpeg\",\"mime\":\"image/jpeg\",\"path\":null,\"width\":234,\"height\":156,\"size\":11.32,\"url\":\"/uploads/thumbnail_photo_1584515828432_06198c3196a8_71ae5a71b0.jpeg\"},\"medium\":{\"name\":\"medium_photo-1584515828432-06198c3196a8.jpeg\",\"hash\":\"medium_photo_1584515828432_06198c3196a8_71ae5a71b0\",\"ext\":\".jpeg\",\"mime\":\"image/jpeg\",\"path\":null,\"width\":750,\"height\":500,\"size\":57.9,\"url\":\"/uploads/medium_photo_1584515828432_06198c3196a8_71ae5a71b0.jpeg\"},\"small\":{\"name\":\"small_photo-1584515828432-06198c3196a8.jpeg\",\"hash\":\"small_photo_1584515828432_06198c3196a8_71ae5a71b0\",\"ext\":\".jpeg\",\"mime\":\"image/jpeg\",\"path\":null,\"width\":500,\"height\":334,\"size\":32.85,\"url\":\"/uploads/small_photo_1584515828432_06198c3196a8_71ae5a71b0.jpeg\"}}', 'photo_1584515828432_06198c3196a8_71ae5a71b0', '.jpeg', 'image/jpeg', '85.21', '/uploads/photo_1584515828432_06198c3196a8_71ae5a71b0.jpeg', NULL, 'local', NULL, '/', '2023-01-21 12:31:26.509000', '2023-01-21 12:31:26.509000', 1, 1),
(137, 'photo-1591927597960-95cf948f8028.jpeg', NULL, NULL, 1000, 690, '{\"thumbnail\":{\"name\":\"thumbnail_photo-1591927597960-95cf948f8028.jpeg\",\"hash\":\"thumbnail_photo_1591927597960_95cf948f8028_4505234fc4\",\"ext\":\".jpeg\",\"mime\":\"image/jpeg\",\"path\":null,\"width\":226,\"height\":156,\"size\":6.95,\"url\":\"/uploads/thumbnail_photo_1591927597960_95cf948f8028_4505234fc4.jpeg\"},\"medium\":{\"name\":\"medium_photo-1591927597960-95cf948f8028.jpeg\",\"hash\":\"medium_photo_1591927597960_95cf948f8028_4505234fc4\",\"ext\":\".jpeg\",\"mime\":\"image/jpeg\",\"path\":null,\"width\":750,\"height\":518,\"size\":40.64,\"url\":\"/uploads/medium_photo_1591927597960_95cf948f8028_4505234fc4.jpeg\"},\"small\":{\"name\":\"small_photo-1591927597960-95cf948f8028.jpeg\",\"hash\":\"small_photo_1591927597960_95cf948f8028_4505234fc4\",\"ext\":\".jpeg\",\"mime\":\"image/jpeg\",\"path\":null,\"width\":500,\"height\":345,\"size\":22.18,\"url\":\"/uploads/small_photo_1591927597960_95cf948f8028_4505234fc4.jpeg\"}}', 'photo_1591927597960_95cf948f8028_4505234fc4', '.jpeg', 'image/jpeg', '62.57', '/uploads/photo_1591927597960_95cf948f8028_4505234fc4.jpeg', NULL, 'local', NULL, '/', '2023-01-21 12:31:26.543000', '2023-01-21 12:31:26.543000', 1, 1),
(138, 'photo-1592004604827-63bab259629f.jpeg', NULL, NULL, 1000, 667, '{\"thumbnail\":{\"name\":\"thumbnail_photo-1592004604827-63bab259629f.jpeg\",\"hash\":\"thumbnail_photo_1592004604827_63bab259629f_052ec1d0ca\",\"ext\":\".jpeg\",\"mime\":\"image/jpeg\",\"path\":null,\"width\":234,\"height\":156,\"size\":5.55,\"url\":\"/uploads/thumbnail_photo_1592004604827_63bab259629f_052ec1d0ca.jpeg\"},\"medium\":{\"name\":\"medium_photo-1592004604827-63bab259629f.jpeg\",\"hash\":\"medium_photo_1592004604827_63bab259629f_052ec1d0ca\",\"ext\":\".jpeg\",\"mime\":\"image/jpeg\",\"path\":null,\"width\":750,\"height\":500,\"size\":27.87,\"url\":\"/uploads/medium_photo_1592004604827_63bab259629f_052ec1d0ca.jpeg\"},\"small\":{\"name\":\"small_photo-1592004604827-63bab259629f.jpeg\",\"hash\":\"small_photo_1592004604827_63bab259629f_052ec1d0ca\",\"ext\":\".jpeg\",\"mime\":\"image/jpeg\",\"path\":null,\"width\":500,\"height\":334,\"size\":15.84,\"url\":\"/uploads/small_photo_1592004604827_63bab259629f_052ec1d0ca.jpeg\"}}', 'photo_1592004604827_63bab259629f_052ec1d0ca', '.jpeg', 'image/jpeg', '41.48', '/uploads/photo_1592004604827_63bab259629f_052ec1d0ca.jpeg', NULL, 'local', NULL, '/', '2023-01-21 12:31:26.718000', '2023-01-21 12:31:26.718000', 1, 1),
(139, 'photo-1595550903979-1969e5adeb92.jpeg', NULL, NULL, 1000, 667, '{\"thumbnail\":{\"name\":\"thumbnail_photo-1595550903979-1969e5adeb92.jpeg\",\"hash\":\"thumbnail_photo_1595550903979_1969e5adeb92_fca687c71f\",\"ext\":\".jpeg\",\"mime\":\"image/jpeg\",\"path\":null,\"width\":234,\"height\":156,\"size\":12,\"url\":\"/uploads/thumbnail_photo_1595550903979_1969e5adeb92_fca687c71f.jpeg\"},\"small\":{\"name\":\"small_photo-1595550903979-1969e5adeb92.jpeg\",\"hash\":\"small_photo_1595550903979_1969e5adeb92_fca687c71f\",\"ext\":\".jpeg\",\"mime\":\"image/jpeg\",\"path\":null,\"width\":500,\"height\":334,\"size\":41.03,\"url\":\"/uploads/small_photo_1595550903979_1969e5adeb92_fca687c71f.jpeg\"},\"medium\":{\"name\":\"medium_photo-1595550903979-1969e5adeb92.jpeg\",\"hash\":\"medium_photo_1595550903979_1969e5adeb92_fca687c71f\",\"ext\":\".jpeg\",\"mime\":\"image/jpeg\",\"path\":null,\"width\":750,\"height\":500,\"size\":78.18,\"url\":\"/uploads/medium_photo_1595550903979_1969e5adeb92_fca687c71f.jpeg\"}}', 'photo_1595550903979_1969e5adeb92_fca687c71f', '.jpeg', 'image/jpeg', '120.72', '/uploads/photo_1595550903979_1969e5adeb92_fca687c71f.jpeg', NULL, 'local', NULL, '/', '2023-01-21 12:31:26.841000', '2023-01-21 12:31:26.841000', 1, 1),
(140, 'photo-1594745087095-65dc6316dab6.jpeg', NULL, NULL, 1000, 750, '{\"thumbnail\":{\"name\":\"thumbnail_photo-1594745087095-65dc6316dab6.jpeg\",\"hash\":\"thumbnail_photo_1594745087095_65dc6316dab6_3dee233bc2\",\"ext\":\".jpeg\",\"mime\":\"image/jpeg\",\"path\":null,\"width\":208,\"height\":156,\"size\":7.89,\"url\":\"/uploads/thumbnail_photo_1594745087095_65dc6316dab6_3dee233bc2.jpeg\"},\"small\":{\"name\":\"small_photo-1594745087095-65dc6316dab6.jpeg\",\"hash\":\"small_photo_1594745087095_65dc6316dab6_3dee233bc2\",\"ext\":\".jpeg\",\"mime\":\"image/jpeg\",\"path\":null,\"width\":500,\"height\":375,\"size\":28.86,\"url\":\"/uploads/small_photo_1594745087095_65dc6316dab6_3dee233bc2.jpeg\"},\"medium\":{\"name\":\"medium_photo-1594745087095-65dc6316dab6.jpeg\",\"hash\":\"medium_photo_1594745087095_65dc6316dab6_3dee233bc2\",\"ext\":\".jpeg\",\"mime\":\"image/jpeg\",\"path\":null,\"width\":750,\"height\":563,\"size\":55.29,\"url\":\"/uploads/medium_photo_1594745087095_65dc6316dab6_3dee233bc2.jpeg\"}}', 'photo_1594745087095_65dc6316dab6_3dee233bc2', '.jpeg', 'image/jpeg', '87.22', '/uploads/photo_1594745087095_65dc6316dab6_3dee233bc2.jpeg', NULL, 'local', NULL, '/', '2023-01-21 12:31:26.853000', '2023-01-21 12:31:26.853000', 1, 1),
(141, 'photo-1584957109945-8b3d4a43666c.jpeg', NULL, NULL, 1000, 667, '{\"thumbnail\":{\"name\":\"thumbnail_photo-1584957109945-8b3d4a43666c.jpeg\",\"hash\":\"thumbnail_photo_1584957109945_8b3d4a43666c_aa8bc6153a\",\"ext\":\".jpeg\",\"mime\":\"image/jpeg\",\"path\":null,\"width\":234,\"height\":156,\"size\":11.59,\"url\":\"/uploads/thumbnail_photo_1584957109945_8b3d4a43666c_aa8bc6153a.jpeg\"},\"small\":{\"name\":\"small_photo-1584957109945-8b3d4a43666c.jpeg\",\"hash\":\"small_photo_1584957109945_8b3d4a43666c_aa8bc6153a\",\"ext\":\".jpeg\",\"mime\":\"image/jpeg\",\"path\":null,\"width\":500,\"height\":334,\"size\":42.43,\"url\":\"/uploads/small_photo_1584957109945_8b3d4a43666c_aa8bc6153a.jpeg\"},\"medium\":{\"name\":\"medium_photo-1584957109945-8b3d4a43666c.jpeg\",\"hash\":\"medium_photo_1584957109945_8b3d4a43666c_aa8bc6153a\",\"ext\":\".jpeg\",\"mime\":\"image/jpeg\",\"path\":null,\"width\":750,\"height\":500,\"size\":82.11,\"url\":\"/uploads/medium_photo_1584957109945_8b3d4a43666c_aa8bc6153a.jpeg\"}}', 'photo_1584957109945_8b3d4a43666c_aa8bc6153a', '.jpeg', 'image/jpeg', '128.53', '/uploads/photo_1584957109945_8b3d4a43666c_aa8bc6153a.jpeg', NULL, 'local', NULL, '/', '2023-01-21 12:31:27.027000', '2023-01-21 12:31:27.027000', 1, 1),
(142, 'photo-1591462392228-2bb4ed2babff.jpeg', NULL, NULL, 1000, 667, '{\"thumbnail\":{\"name\":\"thumbnail_photo-1591462392228-2bb4ed2babff.jpeg\",\"hash\":\"thumbnail_photo_1591462392228_2bb4ed2babff_2850912f70\",\"ext\":\".jpeg\",\"mime\":\"image/jpeg\",\"path\":null,\"width\":234,\"height\":156,\"size\":3.29,\"url\":\"/uploads/thumbnail_photo_1591462392228_2bb4ed2babff_2850912f70.jpeg\"},\"medium\":{\"name\":\"medium_photo-1591462392228-2bb4ed2babff.jpeg\",\"hash\":\"medium_photo_1591462392228_2bb4ed2babff_2850912f70\",\"ext\":\".jpeg\",\"mime\":\"image/jpeg\",\"path\":null,\"width\":750,\"height\":500,\"size\":16.81,\"url\":\"/uploads/medium_photo_1591462392228_2bb4ed2babff_2850912f70.jpeg\"},\"small\":{\"name\":\"small_photo-1591462392228-2bb4ed2babff.jpeg\",\"hash\":\"small_photo_1591462392228_2bb4ed2babff_2850912f70\",\"ext\":\".jpeg\",\"mime\":\"image/jpeg\",\"path\":null,\"width\":500,\"height\":334,\"size\":9.34,\"url\":\"/uploads/small_photo_1591462392228_2bb4ed2babff_2850912f70.jpeg\"}}', 'photo_1591462392228_2bb4ed2babff_2850912f70', '.jpeg', 'image/jpeg', '24.68', '/uploads/photo_1591462392228_2bb4ed2babff_2850912f70.jpeg', NULL, 'local', NULL, '/', '2023-01-21 12:31:27.057000', '2023-01-21 12:31:27.057000', 1, 1),
(143, 'photo-1587654780291-39c9404d746b.jpeg', NULL, NULL, 1000, 667, '{\"thumbnail\":{\"name\":\"thumbnail_photo-1587654780291-39c9404d746b.jpeg\",\"hash\":\"thumbnail_photo_1587654780291_39c9404d746b_be53b97936\",\"ext\":\".jpeg\",\"mime\":\"image/jpeg\",\"path\":null,\"width\":234,\"height\":156,\"size\":18.13,\"url\":\"/uploads/thumbnail_photo_1587654780291_39c9404d746b_be53b97936.jpeg\"},\"small\":{\"name\":\"small_photo-1587654780291-39c9404d746b.jpeg\",\"hash\":\"small_photo_1587654780291_39c9404d746b_be53b97936\",\"ext\":\".jpeg\",\"mime\":\"image/jpeg\",\"path\":null,\"width\":500,\"height\":334,\"size\":63.72,\"url\":\"/uploads/small_photo_1587654780291_39c9404d746b_be53b97936.jpeg\"},\"medium\":{\"name\":\"medium_photo-1587654780291-39c9404d746b.jpeg\",\"hash\":\"medium_photo_1587654780291_39c9404d746b_be53b97936\",\"ext\":\".jpeg\",\"mime\":\"image/jpeg\",\"path\":null,\"width\":750,\"height\":500,\"size\":120.59,\"url\":\"/uploads/medium_photo_1587654780291_39c9404d746b_be53b97936.jpeg\"}}', 'photo_1587654780291_39c9404d746b_be53b97936', '.jpeg', 'image/jpeg', '185.73', '/uploads/photo_1587654780291_39c9404d746b_be53b97936.jpeg', NULL, 'local', NULL, '/', '2023-01-21 12:31:27.081000', '2023-01-21 12:31:27.081000', 1, 1),
(144, 'photo-1598823889508-562c8091d2b2.jpeg', NULL, NULL, 1000, 667, '{\"thumbnail\":{\"name\":\"thumbnail_photo-1598823889508-562c8091d2b2.jpeg\",\"hash\":\"thumbnail_photo_1598823889508_562c8091d2b2_f499935da2\",\"ext\":\".jpeg\",\"mime\":\"image/jpeg\",\"path\":null,\"width\":234,\"height\":156,\"size\":7.43,\"url\":\"/uploads/thumbnail_photo_1598823889508_562c8091d2b2_f499935da2.jpeg\"},\"medium\":{\"name\":\"medium_photo-1598823889508-562c8091d2b2.jpeg\",\"hash\":\"medium_photo_1598823889508_562c8091d2b2_f499935da2\",\"ext\":\".jpeg\",\"mime\":\"image/jpeg\",\"path\":null,\"width\":750,\"height\":500,\"size\":40.43,\"url\":\"/uploads/medium_photo_1598823889508_562c8091d2b2_f499935da2.jpeg\"},\"small\":{\"name\":\"small_photo-1598823889508-562c8091d2b2.jpeg\",\"hash\":\"small_photo_1598823889508_562c8091d2b2_f499935da2\",\"ext\":\".jpeg\",\"mime\":\"image/jpeg\",\"path\":null,\"width\":500,\"height\":334,\"size\":21.96,\"url\":\"/uploads/small_photo_1598823889508_562c8091d2b2_f499935da2.jpeg\"}}', 'photo_1598823889508_562c8091d2b2_f499935da2', '.jpeg', 'image/jpeg', '61.53', '/uploads/photo_1598823889508_562c8091d2b2_f499935da2.jpeg', NULL, 'local', NULL, '/', '2023-01-21 12:31:27.189000', '2023-01-21 12:31:27.189000', 1, 1),
(145, 'photo-1599481238505-b8b0537a3f77.jpeg', NULL, NULL, 1000, 563, '{\"thumbnail\":{\"name\":\"thumbnail_photo-1599481238505-b8b0537a3f77.jpeg\",\"hash\":\"thumbnail_photo_1599481238505_b8b0537a3f77_563b7cd9b6\",\"ext\":\".jpeg\",\"mime\":\"image/jpeg\",\"path\":null,\"width\":245,\"height\":138,\"size\":4.38,\"url\":\"/uploads/thumbnail_photo_1599481238505_b8b0537a3f77_563b7cd9b6.jpeg\"},\"medium\":{\"name\":\"medium_photo-1599481238505-b8b0537a3f77.jpeg\",\"hash\":\"medium_photo_1599481238505_b8b0537a3f77_563b7cd9b6\",\"ext\":\".jpeg\",\"mime\":\"image/jpeg\",\"path\":null,\"width\":750,\"height\":422,\"size\":26,\"url\":\"/uploads/medium_photo_1599481238505_b8b0537a3f77_563b7cd9b6.jpeg\"},\"small\":{\"name\":\"small_photo-1599481238505-b8b0537a3f77.jpeg\",\"hash\":\"small_photo_1599481238505_b8b0537a3f77_563b7cd9b6\",\"ext\":\".jpeg\",\"mime\":\"image/jpeg\",\"path\":null,\"width\":500,\"height\":282,\"size\":13.35,\"url\":\"/uploads/small_photo_1599481238505_b8b0537a3f77_563b7cd9b6.jpeg\"}}', 'photo_1599481238505_b8b0537a3f77_563b7cd9b6', '.jpeg', 'image/jpeg', '41.73', '/uploads/photo_1599481238505_b8b0537a3f77_563b7cd9b6.jpeg', NULL, 'local', NULL, '/', '2023-01-21 12:31:27.308000', '2023-01-21 12:31:27.308000', 1, 1),
(146, 'photo-1595707678349-4b3f482bfbd3.jpeg', NULL, NULL, 1000, 667, '{\"thumbnail\":{\"name\":\"thumbnail_photo-1595707678349-4b3f482bfbd3.jpeg\",\"hash\":\"thumbnail_photo_1595707678349_4b3f482bfbd3_7477bdfc28\",\"ext\":\".jpeg\",\"mime\":\"image/jpeg\",\"path\":null,\"width\":234,\"height\":156,\"size\":7.13,\"url\":\"/uploads/thumbnail_photo_1595707678349_4b3f482bfbd3_7477bdfc28.jpeg\"},\"medium\":{\"name\":\"medium_photo-1595707678349-4b3f482bfbd3.jpeg\",\"hash\":\"medium_photo_1595707678349_4b3f482bfbd3_7477bdfc28\",\"ext\":\".jpeg\",\"mime\":\"image/jpeg\",\"path\":null,\"width\":750,\"height\":500,\"size\":34.99,\"url\":\"/uploads/medium_photo_1595707678349_4b3f482bfbd3_7477bdfc28.jpeg\"},\"small\":{\"name\":\"small_photo-1595707678349-4b3f482bfbd3.jpeg\",\"hash\":\"small_photo_1595707678349_4b3f482bfbd3_7477bdfc28\",\"ext\":\".jpeg\",\"mime\":\"image/jpeg\",\"path\":null,\"width\":500,\"height\":334,\"size\":19.47,\"url\":\"/uploads/small_photo_1595707678349_4b3f482bfbd3_7477bdfc28.jpeg\"}}', 'photo_1595707678349_4b3f482bfbd3_7477bdfc28', '.jpeg', 'image/jpeg', '53.54', '/uploads/photo_1595707678349_4b3f482bfbd3_7477bdfc28.jpeg', NULL, 'local', NULL, '/', '2023-01-21 12:31:27.328000', '2023-01-21 12:31:27.328000', 1, 1),
(147, 'photo-1599623560574-39d485900c95.jpeg', NULL, NULL, 1000, 667, '{\"thumbnail\":{\"name\":\"thumbnail_photo-1599623560574-39d485900c95.jpeg\",\"hash\":\"thumbnail_photo_1599623560574_39d485900c95_ccbff8a0d1\",\"ext\":\".jpeg\",\"mime\":\"image/jpeg\",\"path\":null,\"width\":234,\"height\":156,\"size\":11.51,\"url\":\"/uploads/thumbnail_photo_1599623560574_39d485900c95_ccbff8a0d1.jpeg\"},\"small\":{\"name\":\"small_photo-1599623560574-39d485900c95.jpeg\",\"hash\":\"small_photo_1599623560574_39d485900c95_ccbff8a0d1\",\"ext\":\".jpeg\",\"mime\":\"image/jpeg\",\"path\":null,\"width\":500,\"height\":334,\"size\":37.05,\"url\":\"/uploads/small_photo_1599623560574_39d485900c95_ccbff8a0d1.jpeg\"},\"medium\":{\"name\":\"medium_photo-1599623560574-39d485900c95.jpeg\",\"hash\":\"medium_photo_1599623560574_39d485900c95_ccbff8a0d1\",\"ext\":\".jpeg\",\"mime\":\"image/jpeg\",\"path\":null,\"width\":750,\"height\":500,\"size\":68.97,\"url\":\"/uploads/medium_photo_1599623560574_39d485900c95_ccbff8a0d1.jpeg\"}}', 'photo_1599623560574_39d485900c95_ccbff8a0d1', '.jpeg', 'image/jpeg', '104.38', '/uploads/photo_1599623560574_39d485900c95_ccbff8a0d1.jpeg', NULL, 'local', NULL, '/', '2023-01-21 12:31:27.564000', '2023-01-21 12:31:27.564000', 1, 1),
(148, 'photo-1600978398568-48175fd97cce.jpeg', NULL, NULL, 1000, 750, '{\"thumbnail\":{\"name\":\"thumbnail_photo-1600978398568-48175fd97cce.jpeg\",\"hash\":\"thumbnail_photo_1600978398568_48175fd97cce_23c8414c39\",\"ext\":\".jpeg\",\"mime\":\"image/jpeg\",\"path\":null,\"width\":208,\"height\":156,\"size\":7.97,\"url\":\"/uploads/thumbnail_photo_1600978398568_48175fd97cce_23c8414c39.jpeg\"},\"small\":{\"name\":\"small_photo-1600978398568-48175fd97cce.jpeg\",\"hash\":\"small_photo_1600978398568_48175fd97cce_23c8414c39\",\"ext\":\".jpeg\",\"mime\":\"image/jpeg\",\"path\":null,\"width\":500,\"height\":375,\"size\":33.56,\"url\":\"/uploads/small_photo_1600978398568_48175fd97cce_23c8414c39.jpeg\"},\"medium\":{\"name\":\"medium_photo-1600978398568-48175fd97cce.jpeg\",\"hash\":\"medium_photo_1600978398568_48175fd97cce_23c8414c39\",\"ext\":\".jpeg\",\"mime\":\"image/jpeg\",\"path\":null,\"width\":750,\"height\":563,\"size\":66.45,\"url\":\"/uploads/medium_photo_1600978398568_48175fd97cce_23c8414c39.jpeg\"}}', 'photo_1600978398568_48175fd97cce_23c8414c39', '.jpeg', 'image/jpeg', '105.22', '/uploads/photo_1600978398568_48175fd97cce_23c8414c39.jpeg', NULL, 'local', NULL, '/', '2023-01-21 12:31:27.570000', '2023-01-21 12:31:27.570000', 1, 1),
(149, 'photo-1598838909554-7ed3ccba096d.jpeg', NULL, NULL, 1000, 667, '{\"thumbnail\":{\"name\":\"thumbnail_photo-1598838909554-7ed3ccba096d.jpeg\",\"hash\":\"thumbnail_photo_1598838909554_7ed3ccba096d_4a921d6ffe\",\"ext\":\".jpeg\",\"mime\":\"image/jpeg\",\"path\":null,\"width\":234,\"height\":156,\"size\":17.7,\"url\":\"/uploads/thumbnail_photo_1598838909554_7ed3ccba096d_4a921d6ffe.jpeg\"},\"small\":{\"name\":\"small_photo-1598838909554-7ed3ccba096d.jpeg\",\"hash\":\"small_photo_1598838909554_7ed3ccba096d_4a921d6ffe\",\"ext\":\".jpeg\",\"mime\":\"image/jpeg\",\"path\":null,\"width\":500,\"height\":334,\"size\":62.5,\"url\":\"/uploads/small_photo_1598838909554_7ed3ccba096d_4a921d6ffe.jpeg\"},\"medium\":{\"name\":\"medium_photo-1598838909554-7ed3ccba096d.jpeg\",\"hash\":\"medium_photo_1598838909554_7ed3ccba096d_4a921d6ffe\",\"ext\":\".jpeg\",\"mime\":\"image/jpeg\",\"path\":null,\"width\":750,\"height\":500,\"size\":123.61,\"url\":\"/uploads/medium_photo_1598838909554_7ed3ccba096d_4a921d6ffe.jpeg\"}}', 'photo_1598838909554_7ed3ccba096d_4a921d6ffe', '.jpeg', 'image/jpeg', '198.47', '/uploads/photo_1598838909554_7ed3ccba096d_4a921d6ffe.jpeg', NULL, 'local', NULL, '/', '2023-01-21 12:31:27.664000', '2023-01-21 12:31:27.664000', 1, 1),
(150, 'photo-1596066190600-3af9aadaaea1.jpeg', NULL, NULL, 1000, 668, '{\"thumbnail\":{\"name\":\"thumbnail_photo-1596066190600-3af9aadaaea1.jpeg\",\"hash\":\"thumbnail_photo_1596066190600_3af9aadaaea1_abb9259427\",\"ext\":\".jpeg\",\"mime\":\"image/jpeg\",\"path\":null,\"width\":234,\"height\":156,\"size\":7.25,\"url\":\"/uploads/thumbnail_photo_1596066190600_3af9aadaaea1_abb9259427.jpeg\"},\"medium\":{\"name\":\"medium_photo-1596066190600-3af9aadaaea1.jpeg\",\"hash\":\"medium_photo_1596066190600_3af9aadaaea1_abb9259427\",\"ext\":\".jpeg\",\"mime\":\"image/jpeg\",\"path\":null,\"width\":750,\"height\":501,\"size\":39.96,\"url\":\"/uploads/medium_photo_1596066190600_3af9aadaaea1_abb9259427.jpeg\"},\"small\":{\"name\":\"small_photo-1596066190600-3af9aadaaea1.jpeg\",\"hash\":\"small_photo_1596066190600_3af9aadaaea1_abb9259427\",\"ext\":\".jpeg\",\"mime\":\"image/jpeg\",\"path\":null,\"width\":500,\"height\":334,\"size\":21.89,\"url\":\"/uploads/small_photo_1596066190600_3af9aadaaea1_abb9259427.jpeg\"}}', 'photo_1596066190600_3af9aadaaea1_abb9259427', '.jpeg', 'image/jpeg', '60.82', '/uploads/photo_1596066190600_3af9aadaaea1_abb9259427.jpeg', NULL, 'local', NULL, '/', '2023-01-21 12:31:27.691000', '2023-01-21 12:31:27.691000', 1, 1),
(151, 'photo-1611260507265-97f990094080.jpeg', NULL, NULL, 1000, 664, '{\"thumbnail\":{\"name\":\"thumbnail_photo-1611260507265-97f990094080.jpeg\",\"hash\":\"thumbnail_photo_1611260507265_97f990094080_73bbe6f1bd\",\"ext\":\".jpeg\",\"mime\":\"image/jpeg\",\"path\":null,\"width\":235,\"height\":156,\"size\":5.83,\"url\":\"/uploads/thumbnail_photo_1611260507265_97f990094080_73bbe6f1bd.jpeg\"},\"small\":{\"name\":\"small_photo-1611260507265-97f990094080.jpeg\",\"hash\":\"small_photo_1611260507265_97f990094080_73bbe6f1bd\",\"ext\":\".jpeg\",\"mime\":\"image/jpeg\",\"path\":null,\"width\":500,\"height\":332,\"size\":18.58,\"url\":\"/uploads/small_photo_1611260507265_97f990094080_73bbe6f1bd.jpeg\"},\"medium\":{\"name\":\"medium_photo-1611260507265-97f990094080.jpeg\",\"hash\":\"medium_photo_1611260507265_97f990094080_73bbe6f1bd\",\"ext\":\".jpeg\",\"mime\":\"image/jpeg\",\"path\":null,\"width\":750,\"height\":498,\"size\":34.31,\"url\":\"/uploads/medium_photo_1611260507265_97f990094080_73bbe6f1bd.jpeg\"}}', 'photo_1611260507265_97f990094080_73bbe6f1bd', '.jpeg', 'image/jpeg', '52.33', '/uploads/photo_1611260507265_97f990094080_73bbe6f1bd.jpeg', NULL, 'local', NULL, '/', '2023-01-21 12:31:27.784000', '2023-01-21 12:31:27.784000', 1, 1),
(152, 'photo-1603354351149-e97b9124020d.jpeg', NULL, NULL, 1000, 667, '{\"thumbnail\":{\"name\":\"thumbnail_photo-1603354351149-e97b9124020d.jpeg\",\"hash\":\"thumbnail_photo_1603354351149_e97b9124020d_9a67b2b4f2\",\"ext\":\".jpeg\",\"mime\":\"image/jpeg\",\"path\":null,\"width\":234,\"height\":156,\"size\":9.01,\"url\":\"/uploads/thumbnail_photo_1603354351149_e97b9124020d_9a67b2b4f2.jpeg\"},\"medium\":{\"name\":\"medium_photo-1603354351149-e97b9124020d.jpeg\",\"hash\":\"medium_photo_1603354351149_e97b9124020d_9a67b2b4f2\",\"ext\":\".jpeg\",\"mime\":\"image/jpeg\",\"path\":null,\"width\":750,\"height\":500,\"size\":50.49,\"url\":\"/uploads/medium_photo_1603354351149_e97b9124020d_9a67b2b4f2.jpeg\"},\"small\":{\"name\":\"small_photo-1603354351149-e97b9124020d.jpeg\",\"hash\":\"small_photo_1603354351149_e97b9124020d_9a67b2b4f2\",\"ext\":\".jpeg\",\"mime\":\"image/jpeg\",\"path\":null,\"width\":500,\"height\":334,\"size\":27.83,\"url\":\"/uploads/small_photo_1603354351149_e97b9124020d_9a67b2b4f2.jpeg\"}}', 'photo_1603354351149_e97b9124020d_9a67b2b4f2', '.jpeg', 'image/jpeg', '75.76', '/uploads/photo_1603354351149_e97b9124020d_9a67b2b4f2.jpeg', NULL, 'local', NULL, '/', '2023-01-21 12:31:27.802000', '2023-01-21 12:31:27.802000', 1, 1),
(153, 'photo-1596461404969-9ae70f2830c1.jpeg', NULL, NULL, 1000, 667, '{\"thumbnail\":{\"name\":\"thumbnail_photo-1596461404969-9ae70f2830c1.jpeg\",\"hash\":\"thumbnail_photo_1596461404969_9ae70f2830c1_b7cde9dfbd\",\"ext\":\".jpeg\",\"mime\":\"image/jpeg\",\"path\":null,\"width\":234,\"height\":156,\"size\":10.42,\"url\":\"/uploads/thumbnail_photo_1596461404969_9ae70f2830c1_b7cde9dfbd.jpeg\"},\"medium\":{\"name\":\"medium_photo-1596461404969-9ae70f2830c1.jpeg\",\"hash\":\"medium_photo_1596461404969_9ae70f2830c1_b7cde9dfbd\",\"ext\":\".jpeg\",\"mime\":\"image/jpeg\",\"path\":null,\"width\":750,\"height\":500,\"size\":54.71,\"url\":\"/uploads/medium_photo_1596461404969_9ae70f2830c1_b7cde9dfbd.jpeg\"},\"small\":{\"name\":\"small_photo-1596461404969-9ae70f2830c1.jpeg\",\"hash\":\"small_photo_1596461404969_9ae70f2830c1_b7cde9dfbd\",\"ext\":\".jpeg\",\"mime\":\"image/jpeg\",\"path\":null,\"width\":500,\"height\":334,\"size\":30.81,\"url\":\"/uploads/small_photo_1596461404969_9ae70f2830c1_b7cde9dfbd.jpeg\"}}', 'photo_1596461404969_9ae70f2830c1_b7cde9dfbd', '.jpeg', 'image/jpeg', '80.57', '/uploads/photo_1596461404969_9ae70f2830c1_b7cde9dfbd.jpeg', NULL, 'local', NULL, '/', '2023-01-21 12:31:28.063000', '2023-01-21 12:31:28.063000', 1, 1),
(154, 'photo-1600821986515-3ef5b0f29f39.jpeg', NULL, NULL, 1000, 754, '{\"thumbnail\":{\"name\":\"thumbnail_photo-1600821986515-3ef5b0f29f39.jpeg\",\"hash\":\"thumbnail_photo_1600821986515_3ef5b0f29f39_e7df21c457\",\"ext\":\".jpeg\",\"mime\":\"image/jpeg\",\"path\":null,\"width\":207,\"height\":156,\"size\":8.7,\"url\":\"/uploads/thumbnail_photo_1600821986515_3ef5b0f29f39_e7df21c457.jpeg\"},\"small\":{\"name\":\"small_photo-1600821986515-3ef5b0f29f39.jpeg\",\"hash\":\"small_photo_1600821986515_3ef5b0f29f39_e7df21c457\",\"ext\":\".jpeg\",\"mime\":\"image/jpeg\",\"path\":null,\"width\":500,\"height\":377,\"size\":37.68,\"url\":\"/uploads/small_photo_1600821986515_3ef5b0f29f39_e7df21c457.jpeg\"},\"medium\":{\"name\":\"medium_photo-1600821986515-3ef5b0f29f39.jpeg\",\"hash\":\"medium_photo_1600821986515_3ef5b0f29f39_e7df21c457\",\"ext\":\".jpeg\",\"mime\":\"image/jpeg\",\"path\":null,\"width\":750,\"height\":566,\"size\":73.94,\"url\":\"/uploads/medium_photo_1600821986515_3ef5b0f29f39_e7df21c457.jpeg\"}}', 'photo_1600821986515_3ef5b0f29f39_e7df21c457', '.jpeg', 'image/jpeg', '118.62', '/uploads/photo_1600821986515_3ef5b0f29f39_e7df21c457.jpeg', NULL, 'local', NULL, '/', '2023-01-21 12:31:28.144000', '2023-01-21 12:31:28.144000', 1, 1),
(155, 'photo-1617007723343-cf6eaa2355a2.jpeg', NULL, NULL, 1000, 750, '{\"thumbnail\":{\"name\":\"thumbnail_photo-1617007723343-cf6eaa2355a2.jpeg\",\"hash\":\"thumbnail_photo_1617007723343_cf6eaa2355a2_49583a9001\",\"ext\":\".jpeg\",\"mime\":\"image/jpeg\",\"path\":null,\"width\":208,\"height\":156,\"size\":1.43,\"url\":\"/uploads/thumbnail_photo_1617007723343_cf6eaa2355a2_49583a9001.jpeg\"},\"medium\":{\"name\":\"medium_photo-1617007723343-cf6eaa2355a2.jpeg\",\"hash\":\"medium_photo_1617007723343_cf6eaa2355a2_49583a9001\",\"ext\":\".jpeg\",\"mime\":\"image/jpeg\",\"path\":null,\"width\":750,\"height\":563,\"size\":16.61,\"url\":\"/uploads/medium_photo_1617007723343_cf6eaa2355a2_49583a9001.jpeg\"},\"small\":{\"name\":\"small_photo-1617007723343-cf6eaa2355a2.jpeg\",\"hash\":\"small_photo_1617007723343_cf6eaa2355a2_49583a9001\",\"ext\":\".jpeg\",\"mime\":\"image/jpeg\",\"path\":null,\"width\":500,\"height\":375,\"size\":6.53,\"url\":\"/uploads/small_photo_1617007723343_cf6eaa2355a2_49583a9001.jpeg\"}}', 'photo_1617007723343_cf6eaa2355a2_49583a9001', '.jpeg', 'image/jpeg', '30.08', '/uploads/photo_1617007723343_cf6eaa2355a2_49583a9001.jpeg', NULL, 'local', NULL, '/', '2023-01-21 12:31:28.188000', '2023-01-21 12:31:28.188000', 1, 1),
(156, 'photo-1611604548018-d56bbd85d681.jpeg', NULL, NULL, 1000, 667, '{\"thumbnail\":{\"name\":\"thumbnail_photo-1611604548018-d56bbd85d681.jpeg\",\"hash\":\"thumbnail_photo_1611604548018_d56bbd85d681_dcad44f249\",\"ext\":\".jpeg\",\"mime\":\"image/jpeg\",\"path\":null,\"width\":234,\"height\":156,\"size\":7.79,\"url\":\"/uploads/thumbnail_photo_1611604548018_d56bbd85d681_dcad44f249.jpeg\"},\"medium\":{\"name\":\"medium_photo-1611604548018-d56bbd85d681.jpeg\",\"hash\":\"medium_photo_1611604548018_d56bbd85d681_dcad44f249\",\"ext\":\".jpeg\",\"mime\":\"image/jpeg\",\"path\":null,\"width\":750,\"height\":500,\"size\":51.26,\"url\":\"/uploads/medium_photo_1611604548018_d56bbd85d681_dcad44f249.jpeg\"},\"small\":{\"name\":\"small_photo-1611604548018-d56bbd85d681.jpeg\",\"hash\":\"small_photo_1611604548018_d56bbd85d681_dcad44f249\",\"ext\":\".jpeg\",\"mime\":\"image/jpeg\",\"path\":null,\"width\":500,\"height\":334,\"size\":26.61,\"url\":\"/uploads/small_photo_1611604548018_d56bbd85d681_dcad44f249.jpeg\"}}', 'photo_1611604548018_d56bbd85d681_dcad44f249', '.jpeg', 'image/jpeg', '80.56', '/uploads/photo_1611604548018_d56bbd85d681_dcad44f249.jpeg', NULL, 'local', NULL, '/', '2023-01-21 12:31:28.227000', '2023-01-21 12:31:28.227000', 1, 1),
(157, 'photo-1614948229442-74e63a468d62.jpeg', NULL, NULL, 1000, 563, '{\"thumbnail\":{\"name\":\"thumbnail_photo-1614948229442-74e63a468d62.jpeg\",\"hash\":\"thumbnail_photo_1614948229442_74e63a468d62_3fe5f24058\",\"ext\":\".jpeg\",\"mime\":\"image/jpeg\",\"path\":null,\"width\":245,\"height\":138,\"size\":5.1,\"url\":\"/uploads/thumbnail_photo_1614948229442_74e63a468d62_3fe5f24058.jpeg\"},\"small\":{\"name\":\"small_photo-1614948229442-74e63a468d62.jpeg\",\"hash\":\"small_photo_1614948229442_74e63a468d62_3fe5f24058\",\"ext\":\".jpeg\",\"mime\":\"image/jpeg\",\"path\":null,\"width\":500,\"height\":282,\"size\":14.36,\"url\":\"/uploads/small_photo_1614948229442_74e63a468d62_3fe5f24058.jpeg\"},\"medium\":{\"name\":\"medium_photo-1614948229442-74e63a468d62.jpeg\",\"hash\":\"medium_photo_1614948229442_74e63a468d62_3fe5f24058\",\"ext\":\".jpeg\",\"mime\":\"image/jpeg\",\"path\":null,\"width\":750,\"height\":422,\"size\":25.36,\"url\":\"/uploads/medium_photo_1614948229442_74e63a468d62_3fe5f24058.jpeg\"}}', 'photo_1614948229442_74e63a468d62_3fe5f24058', '.jpeg', 'image/jpeg', '38.05', '/uploads/photo_1614948229442_74e63a468d62_3fe5f24058.jpeg', NULL, 'local', NULL, '/', '2023-01-21 12:31:28.247000', '2023-01-21 12:31:28.247000', 1, 1),
(158, 'photo-1613771404721-1f92d799e49f.jpeg', NULL, NULL, 1000, 668, '{\"thumbnail\":{\"name\":\"thumbnail_photo-1613771404721-1f92d799e49f.jpeg\",\"hash\":\"thumbnail_photo_1613771404721_1f92d799e49f_14587fcc6a\",\"ext\":\".jpeg\",\"mime\":\"image/jpeg\",\"path\":null,\"width\":234,\"height\":156,\"size\":12.15,\"url\":\"/uploads/thumbnail_photo_1613771404721_1f92d799e49f_14587fcc6a.jpeg\"},\"small\":{\"name\":\"small_photo-1613771404721-1f92d799e49f.jpeg\",\"hash\":\"small_photo_1613771404721_1f92d799e49f_14587fcc6a\",\"ext\":\".jpeg\",\"mime\":\"image/jpeg\",\"path\":null,\"width\":500,\"height\":334,\"size\":37.65,\"url\":\"/uploads/small_photo_1613771404721_1f92d799e49f_14587fcc6a.jpeg\"},\"medium\":{\"name\":\"medium_photo-1613771404721-1f92d799e49f.jpeg\",\"hash\":\"medium_photo_1613771404721_1f92d799e49f_14587fcc6a\",\"ext\":\".jpeg\",\"mime\":\"image/jpeg\",\"path\":null,\"width\":750,\"height\":501,\"size\":67.87,\"url\":\"/uploads/medium_photo_1613771404721_1f92d799e49f_14587fcc6a.jpeg\"}}', 'photo_1613771404721_1f92d799e49f_14587fcc6a', '.jpeg', 'image/jpeg', '102.70', '/uploads/photo_1613771404721_1f92d799e49f_14587fcc6a.jpeg', NULL, 'local', NULL, '/', '2023-01-21 12:31:28.410000', '2023-01-21 12:31:28.410000', 1, 1),
(159, 'photo-1617133270228-e210f2d3046e.jpeg', NULL, NULL, 1000, 659, '{\"thumbnail\":{\"name\":\"thumbnail_photo-1617133270228-e210f2d3046e.jpeg\",\"hash\":\"thumbnail_photo_1617133270228_e210f2d3046e_0e8b59eb5f\",\"ext\":\".jpeg\",\"mime\":\"image/jpeg\",\"path\":null,\"width\":237,\"height\":156,\"size\":9.71,\"url\":\"/uploads/thumbnail_photo_1617133270228_e210f2d3046e_0e8b59eb5f.jpeg\"},\"medium\":{\"name\":\"medium_photo-1617133270228-e210f2d3046e.jpeg\",\"hash\":\"medium_photo_1617133270228_e210f2d3046e_0e8b59eb5f\",\"ext\":\".jpeg\",\"mime\":\"image/jpeg\",\"path\":null,\"width\":750,\"height\":494,\"size\":50.26,\"url\":\"/uploads/medium_photo_1617133270228_e210f2d3046e_0e8b59eb5f.jpeg\"},\"small\":{\"name\":\"small_photo-1617133270228-e210f2d3046e.jpeg\",\"hash\":\"small_photo_1617133270228_e210f2d3046e_0e8b59eb5f\",\"ext\":\".jpeg\",\"mime\":\"image/jpeg\",\"path\":null,\"width\":500,\"height\":330,\"size\":28.77,\"url\":\"/uploads/small_photo_1617133270228_e210f2d3046e_0e8b59eb5f.jpeg\"}}', 'photo_1617133270228_e210f2d3046e_0e8b59eb5f', '.jpeg', 'image/jpeg', '75.15', '/uploads/photo_1617133270228_e210f2d3046e_0e8b59eb5f.jpeg', NULL, 'local', NULL, '/', '2023-01-21 12:31:28.555000', '2023-01-21 12:31:28.555000', 1, 1),
(160, 'photo-1614897464244-86c6b2fdda79.jpeg', NULL, NULL, 1000, 667, '{\"thumbnail\":{\"name\":\"thumbnail_photo-1614897464244-86c6b2fdda79.jpeg\",\"hash\":\"thumbnail_photo_1614897464244_86c6b2fdda79_7c3a34de37\",\"ext\":\".jpeg\",\"mime\":\"image/jpeg\",\"path\":null,\"width\":234,\"height\":156,\"size\":7.7,\"url\":\"/uploads/thumbnail_photo_1614897464244_86c6b2fdda79_7c3a34de37.jpeg\"},\"medium\":{\"name\":\"medium_photo-1614897464244-86c6b2fdda79.jpeg\",\"hash\":\"medium_photo_1614897464244_86c6b2fdda79_7c3a34de37\",\"ext\":\".jpeg\",\"mime\":\"image/jpeg\",\"path\":null,\"width\":750,\"height\":500,\"size\":46.76,\"url\":\"/uploads/medium_photo_1614897464244_86c6b2fdda79_7c3a34de37.jpeg\"},\"small\":{\"name\":\"small_photo-1614897464244-86c6b2fdda79.jpeg\",\"hash\":\"small_photo_1614897464244_86c6b2fdda79_7c3a34de37\",\"ext\":\".jpeg\",\"mime\":\"image/jpeg\",\"path\":null,\"width\":500,\"height\":334,\"size\":24.36,\"url\":\"/uploads/small_photo_1614897464244_86c6b2fdda79_7c3a34de37.jpeg\"}}', 'photo_1614897464244_86c6b2fdda79_7c3a34de37', '.jpeg', 'image/jpeg', '73.11', '/uploads/photo_1614897464244_86c6b2fdda79_7c3a34de37.jpeg', NULL, 'local', NULL, '/', '2023-01-21 12:31:28.650000', '2023-01-21 12:31:28.650000', 1, 1);
INSERT INTO `files` (`id`, `name`, `alternative_text`, `caption`, `width`, `height`, `formats`, `hash`, `ext`, `mime`, `size`, `url`, `preview_url`, `provider`, `provider_metadata`, `folder_path`, `created_at`, `updated_at`, `created_by_id`, `updated_by_id`) VALUES
(161, 'photo-1618325366510-289151181310.jpeg', NULL, NULL, 1000, 658, '{\"thumbnail\":{\"name\":\"thumbnail_photo-1618325366510-289151181310.jpeg\",\"hash\":\"thumbnail_photo_1618325366510_289151181310_c0137c4306\",\"ext\":\".jpeg\",\"mime\":\"image/jpeg\",\"path\":null,\"width\":237,\"height\":156,\"size\":4.4,\"url\":\"/uploads/thumbnail_photo_1618325366510_289151181310_c0137c4306.jpeg\"},\"medium\":{\"name\":\"medium_photo-1618325366510-289151181310.jpeg\",\"hash\":\"medium_photo_1618325366510_289151181310_c0137c4306\",\"ext\":\".jpeg\",\"mime\":\"image/jpeg\",\"path\":null,\"width\":750,\"height\":494,\"size\":23.03,\"url\":\"/uploads/medium_photo_1618325366510_289151181310_c0137c4306.jpeg\"},\"small\":{\"name\":\"small_photo-1618325366510-289151181310.jpeg\",\"hash\":\"small_photo_1618325366510_289151181310_c0137c4306\",\"ext\":\".jpeg\",\"mime\":\"image/jpeg\",\"path\":null,\"width\":500,\"height\":329,\"size\":12.68,\"url\":\"/uploads/small_photo_1618325366510_289151181310_c0137c4306.jpeg\"}}', 'photo_1618325366510_289151181310_c0137c4306', '.jpeg', 'image/jpeg', '35.23', '/uploads/photo_1618325366510_289151181310_c0137c4306.jpeg', NULL, 'local', NULL, '/', '2023-01-21 12:31:28.724000', '2023-01-21 12:31:28.724000', 1, 1),
(162, 'photo-1618842676088-c4d48a6a7c9d.jpeg', NULL, NULL, 1000, 667, '{\"thumbnail\":{\"name\":\"thumbnail_photo-1618842676088-c4d48a6a7c9d.jpeg\",\"hash\":\"thumbnail_photo_1618842676088_c4d48a6a7c9d_f634968eb7\",\"ext\":\".jpeg\",\"mime\":\"image/jpeg\",\"path\":null,\"width\":234,\"height\":156,\"size\":4.72,\"url\":\"/uploads/thumbnail_photo_1618842676088_c4d48a6a7c9d_f634968eb7.jpeg\"},\"medium\":{\"name\":\"medium_photo-1618842676088-c4d48a6a7c9d.jpeg\",\"hash\":\"medium_photo_1618842676088_c4d48a6a7c9d_f634968eb7\",\"ext\":\".jpeg\",\"mime\":\"image/jpeg\",\"path\":null,\"width\":750,\"height\":500,\"size\":22.65,\"url\":\"/uploads/medium_photo_1618842676088_c4d48a6a7c9d_f634968eb7.jpeg\"},\"small\":{\"name\":\"small_photo-1618842676088-c4d48a6a7c9d.jpeg\",\"hash\":\"small_photo_1618842676088_c4d48a6a7c9d_f634968eb7\",\"ext\":\".jpeg\",\"mime\":\"image/jpeg\",\"path\":null,\"width\":500,\"height\":334,\"size\":12.93,\"url\":\"/uploads/small_photo_1618842676088_c4d48a6a7c9d_f634968eb7.jpeg\"}}', 'photo_1618842676088_c4d48a6a7c9d_f634968eb7', '.jpeg', 'image/jpeg', '34.07', '/uploads/photo_1618842676088_c4d48a6a7c9d_f634968eb7.jpeg', NULL, 'local', NULL, '/', '2023-01-21 12:31:28.742000', '2023-01-21 12:31:28.742000', 1, 1),
(163, 'photo-1622403718261-bd0e7dd01216.jpeg', NULL, NULL, 1000, 667, '{\"thumbnail\":{\"name\":\"thumbnail_photo-1622403718261-bd0e7dd01216.jpeg\",\"hash\":\"thumbnail_photo_1622403718261_bd0e7dd01216_603cb95113\",\"ext\":\".jpeg\",\"mime\":\"image/jpeg\",\"path\":null,\"width\":234,\"height\":156,\"size\":6.81,\"url\":\"/uploads/thumbnail_photo_1622403718261_bd0e7dd01216_603cb95113.jpeg\"},\"medium\":{\"name\":\"medium_photo-1622403718261-bd0e7dd01216.jpeg\",\"hash\":\"medium_photo_1622403718261_bd0e7dd01216_603cb95113\",\"ext\":\".jpeg\",\"mime\":\"image/jpeg\",\"path\":null,\"width\":750,\"height\":500,\"size\":34.77,\"url\":\"/uploads/medium_photo_1622403718261_bd0e7dd01216_603cb95113.jpeg\"},\"small\":{\"name\":\"small_photo-1622403718261-bd0e7dd01216.jpeg\",\"hash\":\"small_photo_1622403718261_bd0e7dd01216_603cb95113\",\"ext\":\".jpeg\",\"mime\":\"image/jpeg\",\"path\":null,\"width\":500,\"height\":334,\"size\":19.34,\"url\":\"/uploads/small_photo_1622403718261_bd0e7dd01216_603cb95113.jpeg\"}}', 'photo_1622403718261_bd0e7dd01216_603cb95113', '.jpeg', 'image/jpeg', '52.56', '/uploads/photo_1622403718261_bd0e7dd01216_603cb95113.jpeg', NULL, 'local', NULL, '/', '2023-01-21 12:31:28.746000', '2023-01-21 12:31:28.746000', 1, 1),
(164, 'photo-1620447789324-fd300c136721.jpeg', NULL, NULL, 1000, 667, '{\"thumbnail\":{\"name\":\"thumbnail_photo-1620447789324-fd300c136721.jpeg\",\"hash\":\"thumbnail_photo_1620447789324_fd300c136721_ac7ab78406\",\"ext\":\".jpeg\",\"mime\":\"image/jpeg\",\"path\":null,\"width\":234,\"height\":156,\"size\":4.76,\"url\":\"/uploads/thumbnail_photo_1620447789324_fd300c136721_ac7ab78406.jpeg\"},\"medium\":{\"name\":\"medium_photo-1620447789324-fd300c136721.jpeg\",\"hash\":\"medium_photo_1620447789324_fd300c136721_ac7ab78406\",\"ext\":\".jpeg\",\"mime\":\"image/jpeg\",\"path\":null,\"width\":750,\"height\":500,\"size\":20.07,\"url\":\"/uploads/medium_photo_1620447789324_fd300c136721_ac7ab78406.jpeg\"},\"small\":{\"name\":\"small_photo-1620447789324-fd300c136721.jpeg\",\"hash\":\"small_photo_1620447789324_fd300c136721_ac7ab78406\",\"ext\":\".jpeg\",\"mime\":\"image/jpeg\",\"path\":null,\"width\":500,\"height\":334,\"size\":11.89,\"url\":\"/uploads/small_photo_1620447789324_fd300c136721_ac7ab78406.jpeg\"}}', 'photo_1620447789324_fd300c136721_ac7ab78406', '.jpeg', 'image/jpeg', '29.02', '/uploads/photo_1620447789324_fd300c136721_ac7ab78406.jpeg', NULL, 'local', NULL, '/', '2023-01-21 12:31:28.911000', '2023-01-21 12:31:28.911000', 1, 1),
(165, 'photo-1635197464725-65e125b6589a.jpeg', NULL, NULL, 1000, 667, '{\"thumbnail\":{\"name\":\"thumbnail_photo-1635197464725-65e125b6589a.jpeg\",\"hash\":\"thumbnail_photo_1635197464725_65e125b6589a_a885f9c9a9\",\"ext\":\".jpeg\",\"mime\":\"image/jpeg\",\"path\":null,\"width\":234,\"height\":156,\"size\":6.41,\"url\":\"/uploads/thumbnail_photo_1635197464725_65e125b6589a_a885f9c9a9.jpeg\"},\"medium\":{\"name\":\"medium_photo-1635197464725-65e125b6589a.jpeg\",\"hash\":\"medium_photo_1635197464725_65e125b6589a_a885f9c9a9\",\"ext\":\".jpeg\",\"mime\":\"image/jpeg\",\"path\":null,\"width\":750,\"height\":500,\"size\":32.79,\"url\":\"/uploads/medium_photo_1635197464725_65e125b6589a_a885f9c9a9.jpeg\"},\"small\":{\"name\":\"small_photo-1635197464725-65e125b6589a.jpeg\",\"hash\":\"small_photo_1635197464725_65e125b6589a_a885f9c9a9\",\"ext\":\".jpeg\",\"mime\":\"image/jpeg\",\"path\":null,\"width\":500,\"height\":334,\"size\":18.26,\"url\":\"/uploads/small_photo_1635197464725_65e125b6589a_a885f9c9a9.jpeg\"}}', 'photo_1635197464725_65e125b6589a_a885f9c9a9', '.jpeg', 'image/jpeg', '48.88', '/uploads/photo_1635197464725_65e125b6589a_a885f9c9a9.jpeg', NULL, 'local', NULL, '/', '2023-01-21 12:31:29.097000', '2023-01-21 12:31:29.097000', 1, 1),
(166, 'premium_photo-1661274116093-89c0c3618b9b.jpeg', NULL, NULL, 1000, 667, '{\"thumbnail\":{\"name\":\"thumbnail_premium_photo-1661274116093-89c0c3618b9b.jpeg\",\"hash\":\"thumbnail_premium_photo_1661274116093_89c0c3618b9b_88de8b0139\",\"ext\":\".jpeg\",\"mime\":\"image/jpeg\",\"path\":null,\"width\":234,\"height\":156,\"size\":12.07,\"url\":\"/uploads/thumbnail_premium_photo_1661274116093_89c0c3618b9b_88de8b0139.jpeg\"},\"small\":{\"name\":\"small_premium_photo-1661274116093-89c0c3618b9b.jpeg\",\"hash\":\"small_premium_photo_1661274116093_89c0c3618b9b_88de8b0139\",\"ext\":\".jpeg\",\"mime\":\"image/jpeg\",\"path\":null,\"width\":500,\"height\":334,\"size\":47.52,\"url\":\"/uploads/small_premium_photo_1661274116093_89c0c3618b9b_88de8b0139.jpeg\"},\"medium\":{\"name\":\"medium_premium_photo-1661274116093-89c0c3618b9b.jpeg\",\"hash\":\"medium_premium_photo_1661274116093_89c0c3618b9b_88de8b0139\",\"ext\":\".jpeg\",\"mime\":\"image/jpeg\",\"path\":null,\"width\":750,\"height\":500,\"size\":103.92,\"url\":\"/uploads/medium_premium_photo_1661274116093_89c0c3618b9b_88de8b0139.jpeg\"}}', 'premium_photo_1661274116093_89c0c3618b9b_88de8b0139', '.jpeg', 'image/jpeg', '177.90', '/uploads/premium_photo_1661274116093_89c0c3618b9b_88de8b0139.jpeg', NULL, 'local', NULL, '/', '2023-01-21 12:31:29.202000', '2023-01-21 12:31:29.202000', 1, 1),
(167, 'photo-1626023772800-eadff10c0f9a.jpeg', NULL, NULL, 1000, 667, '{\"thumbnail\":{\"name\":\"thumbnail_photo-1626023772800-eadff10c0f9a.jpeg\",\"hash\":\"thumbnail_photo_1626023772800_eadff10c0f9a_7b1e894e86\",\"ext\":\".jpeg\",\"mime\":\"image/jpeg\",\"path\":null,\"width\":234,\"height\":156,\"size\":4.97,\"url\":\"/uploads/thumbnail_photo_1626023772800_eadff10c0f9a_7b1e894e86.jpeg\"},\"medium\":{\"name\":\"medium_photo-1626023772800-eadff10c0f9a.jpeg\",\"hash\":\"medium_photo_1626023772800_eadff10c0f9a_7b1e894e86\",\"ext\":\".jpeg\",\"mime\":\"image/jpeg\",\"path\":null,\"width\":750,\"height\":500,\"size\":26.34,\"url\":\"/uploads/medium_photo_1626023772800_eadff10c0f9a_7b1e894e86.jpeg\"},\"small\":{\"name\":\"small_photo-1626023772800-eadff10c0f9a.jpeg\",\"hash\":\"small_photo_1626023772800_eadff10c0f9a_7b1e894e86\",\"ext\":\".jpeg\",\"mime\":\"image/jpeg\",\"path\":null,\"width\":500,\"height\":334,\"size\":14.79,\"url\":\"/uploads/small_photo_1626023772800_eadff10c0f9a_7b1e894e86.jpeg\"}}', 'photo_1626023772800_eadff10c0f9a_7b1e894e86', '.jpeg', 'image/jpeg', '39.40', '/uploads/photo_1626023772800_eadff10c0f9a_7b1e894e86.jpeg', NULL, 'local', NULL, '/', '2023-01-21 12:31:29.268000', '2023-01-21 12:31:29.268000', 1, 1),
(168, 'premium_photo-1661448604365-4ef469471a6d.jpeg', NULL, NULL, 1000, 664, '{\"thumbnail\":{\"name\":\"thumbnail_premium_photo-1661448604365-4ef469471a6d.jpeg\",\"hash\":\"thumbnail_premium_photo_1661448604365_4ef469471a6d_2c69824ebb\",\"ext\":\".jpeg\",\"mime\":\"image/jpeg\",\"path\":null,\"width\":235,\"height\":156,\"size\":10.08,\"url\":\"/uploads/thumbnail_premium_photo_1661448604365_4ef469471a6d_2c69824ebb.jpeg\"},\"small\":{\"name\":\"small_premium_photo-1661448604365-4ef469471a6d.jpeg\",\"hash\":\"small_premium_photo_1661448604365_4ef469471a6d_2c69824ebb\",\"ext\":\".jpeg\",\"mime\":\"image/jpeg\",\"path\":null,\"width\":500,\"height\":332,\"size\":31.28,\"url\":\"/uploads/small_premium_photo_1661448604365_4ef469471a6d_2c69824ebb.jpeg\"},\"medium\":{\"name\":\"medium_premium_photo-1661448604365-4ef469471a6d.jpeg\",\"hash\":\"medium_premium_photo_1661448604365_4ef469471a6d_2c69824ebb\",\"ext\":\".jpeg\",\"mime\":\"image/jpeg\",\"path\":null,\"width\":750,\"height\":498,\"size\":57.97,\"url\":\"/uploads/medium_premium_photo_1661448604365_4ef469471a6d_2c69824ebb.jpeg\"}}', 'premium_photo_1661448604365_4ef469471a6d_2c69824ebb', '.jpeg', 'image/jpeg', '88.68', '/uploads/premium_photo_1661448604365_4ef469471a6d_2c69824ebb.jpeg', NULL, 'local', NULL, '/', '2023-01-21 12:31:29.274000', '2023-01-21 12:31:29.274000', 1, 1),
(169, 'premium_photo-1661573664676-c3cfc4d56511.jpeg', NULL, NULL, 1000, 667, '{\"thumbnail\":{\"name\":\"thumbnail_premium_photo-1661573664676-c3cfc4d56511.jpeg\",\"hash\":\"thumbnail_premium_photo_1661573664676_c3cfc4d56511_2dcf6f20fd\",\"ext\":\".jpeg\",\"mime\":\"image/jpeg\",\"path\":null,\"width\":234,\"height\":156,\"size\":6.14,\"url\":\"/uploads/thumbnail_premium_photo_1661573664676_c3cfc4d56511_2dcf6f20fd.jpeg\"},\"medium\":{\"name\":\"medium_premium_photo-1661573664676-c3cfc4d56511.jpeg\",\"hash\":\"medium_premium_photo_1661573664676_c3cfc4d56511_2dcf6f20fd\",\"ext\":\".jpeg\",\"mime\":\"image/jpeg\",\"path\":null,\"width\":750,\"height\":500,\"size\":32.13,\"url\":\"/uploads/medium_premium_photo_1661573664676_c3cfc4d56511_2dcf6f20fd.jpeg\"},\"small\":{\"name\":\"small_premium_photo-1661573664676-c3cfc4d56511.jpeg\",\"hash\":\"small_premium_photo_1661573664676_c3cfc4d56511_2dcf6f20fd\",\"ext\":\".jpeg\",\"mime\":\"image/jpeg\",\"path\":null,\"width\":500,\"height\":334,\"size\":17.86,\"url\":\"/uploads/small_premium_photo_1661573664676_c3cfc4d56511_2dcf6f20fd.jpeg\"}}', 'premium_photo_1661573664676_c3cfc4d56511_2dcf6f20fd', '.jpeg', 'image/jpeg', '47.45', '/uploads/premium_photo_1661573664676_c3cfc4d56511_2dcf6f20fd.jpeg', NULL, 'local', NULL, '/', '2023-01-21 12:31:29.450000', '2023-01-21 12:31:29.450000', 1, 1),
(170, 'photo-1619768470847-f7db55f5d72e.jpeg', NULL, NULL, 1000, 750, '{\"thumbnail\":{\"name\":\"thumbnail_photo-1619768470847-f7db55f5d72e.jpeg\",\"hash\":\"thumbnail_photo_1619768470847_f7db55f5d72e_91305c6a69\",\"ext\":\".jpeg\",\"mime\":\"image/jpeg\",\"path\":null,\"width\":208,\"height\":156,\"size\":16.51,\"url\":\"/uploads/thumbnail_photo_1619768470847_f7db55f5d72e_91305c6a69.jpeg\"},\"small\":{\"name\":\"small_photo-1619768470847-f7db55f5d72e.jpeg\",\"hash\":\"small_photo_1619768470847_f7db55f5d72e_91305c6a69\",\"ext\":\".jpeg\",\"mime\":\"image/jpeg\",\"path\":null,\"width\":500,\"height\":375,\"size\":73.37,\"url\":\"/uploads/small_photo_1619768470847_f7db55f5d72e_91305c6a69.jpeg\"},\"medium\":{\"name\":\"medium_photo-1619768470847-f7db55f5d72e.jpeg\",\"hash\":\"medium_photo_1619768470847_f7db55f5d72e_91305c6a69\",\"ext\":\".jpeg\",\"mime\":\"image/jpeg\",\"path\":null,\"width\":750,\"height\":563,\"size\":142.87,\"url\":\"/uploads/medium_photo_1619768470847_f7db55f5d72e_91305c6a69.jpeg\"}}', 'photo_1619768470847_f7db55f5d72e_91305c6a69', '.jpeg', 'image/jpeg', '222.73', '/uploads/photo_1619768470847_f7db55f5d72e_91305c6a69.jpeg', NULL, 'local', NULL, '/', '2023-01-21 12:31:29.469000', '2023-01-21 12:31:29.469000', 1, 1),
(171, 'photo-1621719456027-93da798ec181.jpeg', NULL, NULL, 1000, 625, '{\"thumbnail\":{\"name\":\"thumbnail_photo-1621719456027-93da798ec181.jpeg\",\"hash\":\"thumbnail_photo_1621719456027_93da798ec181_5639e7138f\",\"ext\":\".jpeg\",\"mime\":\"image/jpeg\",\"path\":null,\"width\":245,\"height\":153,\"size\":5.23,\"url\":\"/uploads/thumbnail_photo_1621719456027_93da798ec181_5639e7138f.jpeg\"},\"medium\":{\"name\":\"medium_photo-1621719456027-93da798ec181.jpeg\",\"hash\":\"medium_photo_1621719456027_93da798ec181_5639e7138f\",\"ext\":\".jpeg\",\"mime\":\"image/jpeg\",\"path\":null,\"width\":750,\"height\":469,\"size\":55.92,\"url\":\"/uploads/medium_photo_1621719456027_93da798ec181_5639e7138f.jpeg\"},\"small\":{\"name\":\"small_photo-1621719456027-93da798ec181.jpeg\",\"hash\":\"small_photo_1621719456027_93da798ec181_5639e7138f\",\"ext\":\".jpeg\",\"mime\":\"image/jpeg\",\"path\":null,\"width\":500,\"height\":313,\"size\":21.76,\"url\":\"/uploads/small_photo_1621719456027_93da798ec181_5639e7138f.jpeg\"}}', 'photo_1621719456027_93da798ec181_5639e7138f', '.jpeg', 'image/jpeg', '107.41', '/uploads/photo_1621719456027_93da798ec181_5639e7138f.jpeg', NULL, 'local', NULL, '/', '2023-01-21 12:31:29.608000', '2023-01-21 15:25:22.070000', 1, 1),
(172, 'premium_photo-1661573671022-0fdd46c50c8d.jpeg', NULL, NULL, 1000, 692, '{\"thumbnail\":{\"name\":\"thumbnail_premium_photo-1661573671022-0fdd46c50c8d.jpeg\",\"hash\":\"thumbnail_premium_photo_1661573671022_0fdd46c50c8d_f9c5a772b7\",\"ext\":\".jpeg\",\"mime\":\"image/jpeg\",\"path\":null,\"width\":225,\"height\":156,\"size\":6.43,\"url\":\"/uploads/thumbnail_premium_photo_1661573671022_0fdd46c50c8d_f9c5a772b7.jpeg\"},\"medium\":{\"name\":\"medium_premium_photo-1661573671022-0fdd46c50c8d.jpeg\",\"hash\":\"medium_premium_photo_1661573671022_0fdd46c50c8d_f9c5a772b7\",\"ext\":\".jpeg\",\"mime\":\"image/jpeg\",\"path\":null,\"width\":750,\"height\":519,\"size\":34.86,\"url\":\"/uploads/medium_premium_photo_1661573671022_0fdd46c50c8d_f9c5a772b7.jpeg\"},\"small\":{\"name\":\"small_premium_photo-1661573671022-0fdd46c50c8d.jpeg\",\"hash\":\"small_premium_photo_1661573671022_0fdd46c50c8d_f9c5a772b7\",\"ext\":\".jpeg\",\"mime\":\"image/jpeg\",\"path\":null,\"width\":500,\"height\":346,\"size\":19.76,\"url\":\"/uploads/small_premium_photo_1661573671022_0fdd46c50c8d_f9c5a772b7.jpeg\"}}', 'premium_photo_1661573671022_0fdd46c50c8d_f9c5a772b7', '.jpeg', 'image/jpeg', '52.52', '/uploads/premium_photo_1661573671022_0fdd46c50c8d_f9c5a772b7.jpeg', NULL, 'local', NULL, '/', '2023-01-21 12:31:29.732000', '2023-01-21 12:31:29.732000', 1, 1),
(173, 'premium_photo-1661573682428-63dbe04cf14f.jpeg', NULL, NULL, 1000, 619, '{\"thumbnail\":{\"name\":\"thumbnail_premium_photo-1661573682428-63dbe04cf14f.jpeg\",\"hash\":\"thumbnail_premium_photo_1661573682428_63dbe04cf14f_9a5f5b5ba0\",\"ext\":\".jpeg\",\"mime\":\"image/jpeg\",\"path\":null,\"width\":245,\"height\":151,\"size\":6.18,\"url\":\"/uploads/thumbnail_premium_photo_1661573682428_63dbe04cf14f_9a5f5b5ba0.jpeg\"},\"medium\":{\"name\":\"medium_premium_photo-1661573682428-63dbe04cf14f.jpeg\",\"hash\":\"medium_premium_photo_1661573682428_63dbe04cf14f_9a5f5b5ba0\",\"ext\":\".jpeg\",\"mime\":\"image/jpeg\",\"path\":null,\"width\":750,\"height\":464,\"size\":30.08,\"url\":\"/uploads/medium_premium_photo_1661573682428_63dbe04cf14f_9a5f5b5ba0.jpeg\"},\"small\":{\"name\":\"small_premium_photo-1661573682428-63dbe04cf14f.jpeg\",\"hash\":\"small_premium_photo_1661573682428_63dbe04cf14f_9a5f5b5ba0\",\"ext\":\".jpeg\",\"mime\":\"image/jpeg\",\"path\":null,\"width\":500,\"height\":310,\"size\":17.15,\"url\":\"/uploads/small_premium_photo_1661573682428_63dbe04cf14f_9a5f5b5ba0.jpeg\"}}', 'premium_photo_1661573682428_63dbe04cf14f_9a5f5b5ba0', '.jpeg', 'image/jpeg', '44.78', '/uploads/premium_photo_1661573682428_63dbe04cf14f_9a5f5b5ba0.jpeg', NULL, 'local', NULL, '/', '2023-01-21 12:31:29.739000', '2023-01-21 12:31:29.739000', 1, 1),
(174, 'premium_photo-1663047100303-231623d94d79.jpeg', NULL, NULL, 1000, 667, '{\"thumbnail\":{\"name\":\"thumbnail_premium_photo-1663047100303-231623d94d79.jpeg\",\"hash\":\"thumbnail_premium_photo_1663047100303_231623d94d79_d8ec9ded86\",\"ext\":\".jpeg\",\"mime\":\"image/jpeg\",\"path\":null,\"width\":234,\"height\":156,\"size\":6.89,\"url\":\"/uploads/thumbnail_premium_photo_1663047100303_231623d94d79_d8ec9ded86.jpeg\"},\"medium\":{\"name\":\"medium_premium_photo-1663047100303-231623d94d79.jpeg\",\"hash\":\"medium_premium_photo_1663047100303_231623d94d79_d8ec9ded86\",\"ext\":\".jpeg\",\"mime\":\"image/jpeg\",\"path\":null,\"width\":750,\"height\":500,\"size\":44.13,\"url\":\"/uploads/medium_premium_photo_1663047100303_231623d94d79_d8ec9ded86.jpeg\"},\"small\":{\"name\":\"small_premium_photo-1663047100303-231623d94d79.jpeg\",\"hash\":\"small_premium_photo_1663047100303_231623d94d79_d8ec9ded86\",\"ext\":\".jpeg\",\"mime\":\"image/jpeg\",\"path\":null,\"width\":500,\"height\":334,\"size\":23,\"url\":\"/uploads/small_premium_photo_1663047100303_231623d94d79_d8ec9ded86.jpeg\"}}', 'premium_photo_1663047100303_231623d94d79_d8ec9ded86', '.jpeg', 'image/jpeg', '69.02', '/uploads/premium_photo_1663047100303_231623d94d79_d8ec9ded86.jpeg', NULL, 'local', NULL, '/', '2023-01-21 12:31:29.797000', '2023-01-21 12:31:29.797000', 1, 1),
(175, 'premium_photo-1663051165203-787faff0d10f.jpeg', NULL, NULL, 1000, 563, '{\"thumbnail\":{\"name\":\"thumbnail_premium_photo-1663051165203-787faff0d10f.jpeg\",\"hash\":\"thumbnail_premium_photo_1663051165203_787faff0d10f_f318a27a16\",\"ext\":\".jpeg\",\"mime\":\"image/jpeg\",\"path\":null,\"width\":245,\"height\":138,\"size\":9.8,\"url\":\"/uploads/thumbnail_premium_photo_1663051165203_787faff0d10f_f318a27a16.jpeg\"},\"small\":{\"name\":\"small_premium_photo-1663051165203-787faff0d10f.jpeg\",\"hash\":\"small_premium_photo_1663051165203_787faff0d10f_f318a27a16\",\"ext\":\".jpeg\",\"mime\":\"image/jpeg\",\"path\":null,\"width\":500,\"height\":282,\"size\":30.05,\"url\":\"/uploads/small_premium_photo_1663051165203_787faff0d10f_f318a27a16.jpeg\"},\"medium\":{\"name\":\"medium_premium_photo-1663051165203-787faff0d10f.jpeg\",\"hash\":\"medium_premium_photo_1663051165203_787faff0d10f_f318a27a16\",\"ext\":\".jpeg\",\"mime\":\"image/jpeg\",\"path\":null,\"width\":750,\"height\":422,\"size\":58.31,\"url\":\"/uploads/medium_premium_photo_1663051165203_787faff0d10f_f318a27a16.jpeg\"}}', 'premium_photo_1663051165203_787faff0d10f_f318a27a16', '.jpeg', 'image/jpeg', '91.85', '/uploads/premium_photo_1663051165203_787faff0d10f_f318a27a16.jpeg', NULL, 'local', NULL, '/', '2023-01-21 12:31:29.931000', '2023-01-21 12:31:29.931000', 1, 1),
(176, 'premium_photo-1665296634984-ac3ba09e036e.jpeg', NULL, NULL, 1000, 668, '{\"thumbnail\":{\"name\":\"thumbnail_premium_photo-1665296634984-ac3ba09e036e.jpeg\",\"hash\":\"thumbnail_premium_photo_1665296634984_ac3ba09e036e_c63a1877a9\",\"ext\":\".jpeg\",\"mime\":\"image/jpeg\",\"path\":null,\"width\":234,\"height\":156,\"size\":7.89,\"url\":\"/uploads/thumbnail_premium_photo_1665296634984_ac3ba09e036e_c63a1877a9.jpeg\"},\"small\":{\"name\":\"small_premium_photo-1665296634984-ac3ba09e036e.jpeg\",\"hash\":\"small_premium_photo_1665296634984_ac3ba09e036e_c63a1877a9\",\"ext\":\".jpeg\",\"mime\":\"image/jpeg\",\"path\":null,\"width\":500,\"height\":334,\"size\":26.7,\"url\":\"/uploads/small_premium_photo_1665296634984_ac3ba09e036e_c63a1877a9.jpeg\"},\"medium\":{\"name\":\"medium_premium_photo-1665296634984-ac3ba09e036e.jpeg\",\"hash\":\"medium_premium_photo_1665296634984_ac3ba09e036e_c63a1877a9\",\"ext\":\".jpeg\",\"mime\":\"image/jpeg\",\"path\":null,\"width\":750,\"height\":501,\"size\":50.69,\"url\":\"/uploads/medium_premium_photo_1665296634984_ac3ba09e036e_c63a1877a9.jpeg\"}}', 'premium_photo_1665296634984_ac3ba09e036e_c63a1877a9', '.jpeg', 'image/jpeg', '77.61', '/uploads/premium_photo_1665296634984_ac3ba09e036e_c63a1877a9.jpeg', NULL, 'local', NULL, '/', '2023-01-21 12:31:30.027000', '2023-01-21 12:31:30.027000', 1, 1),
(177, 'premium_photo-1665296634797-5b0561894080.jpeg', NULL, NULL, 1000, 668, '{\"thumbnail\":{\"name\":\"thumbnail_premium_photo-1665296634797-5b0561894080.jpeg\",\"hash\":\"thumbnail_premium_photo_1665296634797_5b0561894080_efc950f76e\",\"ext\":\".jpeg\",\"mime\":\"image/jpeg\",\"path\":null,\"width\":234,\"height\":156,\"size\":7.94,\"url\":\"/uploads/thumbnail_premium_photo_1665296634797_5b0561894080_efc950f76e.jpeg\"},\"medium\":{\"name\":\"medium_premium_photo-1665296634797-5b0561894080.jpeg\",\"hash\":\"medium_premium_photo_1665296634797_5b0561894080_efc950f76e\",\"ext\":\".jpeg\",\"mime\":\"image/jpeg\",\"path\":null,\"width\":750,\"height\":501,\"size\":53.36,\"url\":\"/uploads/medium_premium_photo_1665296634797_5b0561894080_efc950f76e.jpeg\"},\"small\":{\"name\":\"small_premium_photo-1665296634797-5b0561894080.jpeg\",\"hash\":\"small_premium_photo_1665296634797_5b0561894080_efc950f76e\",\"ext\":\".jpeg\",\"mime\":\"image/jpeg\",\"path\":null,\"width\":500,\"height\":334,\"size\":27.24,\"url\":\"/uploads/small_premium_photo_1665296634797_5b0561894080_efc950f76e.jpeg\"}}', 'premium_photo_1665296634797_5b0561894080_efc950f76e', '.jpeg', 'image/jpeg', '83.94', '/uploads/premium_photo_1665296634797_5b0561894080_efc950f76e.jpeg', NULL, 'local', NULL, '/', '2023-01-21 12:31:30.096000', '2023-01-21 12:31:30.096000', 1, 1),
(178, 'premium_photo-1664110691125-e89512988baf.jpeg', NULL, NULL, 1000, 667, '{\"thumbnail\":{\"name\":\"thumbnail_premium_photo-1664110691125-e89512988baf.jpeg\",\"hash\":\"thumbnail_premium_photo_1664110691125_e89512988baf_540d8875c1\",\"ext\":\".jpeg\",\"mime\":\"image/jpeg\",\"path\":null,\"width\":234,\"height\":156,\"size\":6.7,\"url\":\"/uploads/thumbnail_premium_photo_1664110691125_e89512988baf_540d8875c1.jpeg\"},\"medium\":{\"name\":\"medium_premium_photo-1664110691125-e89512988baf.jpeg\",\"hash\":\"medium_premium_photo_1664110691125_e89512988baf_540d8875c1\",\"ext\":\".jpeg\",\"mime\":\"image/jpeg\",\"path\":null,\"width\":750,\"height\":500,\"size\":35.68,\"url\":\"/uploads/medium_premium_photo_1664110691125_e89512988baf_540d8875c1.jpeg\"},\"small\":{\"name\":\"small_premium_photo-1664110691125-e89512988baf.jpeg\",\"hash\":\"small_premium_photo_1664110691125_e89512988baf_540d8875c1\",\"ext\":\".jpeg\",\"mime\":\"image/jpeg\",\"path\":null,\"width\":500,\"height\":334,\"size\":19.63,\"url\":\"/uploads/small_premium_photo_1664110691125_e89512988baf_540d8875c1.jpeg\"}}', 'premium_photo_1664110691125_e89512988baf_540d8875c1', '.jpeg', 'image/jpeg', '53.73', '/uploads/premium_photo_1664110691125_e89512988baf_540d8875c1.jpeg', NULL, 'local', NULL, '/', '2023-01-21 12:31:30.213000', '2023-01-21 12:31:30.213000', 1, 1),
(179, 'premium_photo-1669762659699-295221bc6a89.jpeg', NULL, NULL, 1000, 667, '{\"thumbnail\":{\"name\":\"thumbnail_premium_photo-1669762659699-295221bc6a89.jpeg\",\"hash\":\"thumbnail_premium_photo_1669762659699_295221bc6a89_633d6c13e7\",\"ext\":\".jpeg\",\"mime\":\"image/jpeg\",\"path\":null,\"width\":234,\"height\":156,\"size\":6.42,\"url\":\"/uploads/thumbnail_premium_photo_1669762659699_295221bc6a89_633d6c13e7.jpeg\"},\"medium\":{\"name\":\"medium_premium_photo-1669762659699-295221bc6a89.jpeg\",\"hash\":\"medium_premium_photo_1669762659699_295221bc6a89_633d6c13e7\",\"ext\":\".jpeg\",\"mime\":\"image/jpeg\",\"path\":null,\"width\":750,\"height\":500,\"size\":35.05,\"url\":\"/uploads/medium_premium_photo_1669762659699_295221bc6a89_633d6c13e7.jpeg\"},\"small\":{\"name\":\"small_premium_photo-1669762659699-295221bc6a89.jpeg\",\"hash\":\"small_premium_photo_1669762659699_295221bc6a89_633d6c13e7\",\"ext\":\".jpeg\",\"mime\":\"image/jpeg\",\"path\":null,\"width\":500,\"height\":334,\"size\":19.01,\"url\":\"/uploads/small_premium_photo_1669762659699_295221bc6a89_633d6c13e7.jpeg\"}}', 'premium_photo_1669762659699_295221bc6a89_633d6c13e7', '.jpeg', 'image/jpeg', '53.38', '/uploads/premium_photo_1669762659699_295221bc6a89_633d6c13e7.jpeg', NULL, 'local', NULL, '/', '2023-01-21 12:31:30.274000', '2023-01-21 12:31:30.274000', 1, 1),
(180, 'premium_photo-1665296634747-aba82936c5ef.jpeg', NULL, NULL, 1000, 684, '{\"thumbnail\":{\"name\":\"thumbnail_premium_photo-1665296634747-aba82936c5ef.jpeg\",\"hash\":\"thumbnail_premium_photo_1665296634747_aba82936c5ef_9424e30db9\",\"ext\":\".jpeg\",\"mime\":\"image/jpeg\",\"path\":null,\"width\":228,\"height\":156,\"size\":8.37,\"url\":\"/uploads/thumbnail_premium_photo_1665296634747_aba82936c5ef_9424e30db9.jpeg\"},\"small\":{\"name\":\"small_premium_photo-1665296634747-aba82936c5ef.jpeg\",\"hash\":\"small_premium_photo_1665296634747_aba82936c5ef_9424e30db9\",\"ext\":\".jpeg\",\"mime\":\"image/jpeg\",\"path\":null,\"width\":500,\"height\":342,\"size\":29.97,\"url\":\"/uploads/small_premium_photo_1665296634747_aba82936c5ef_9424e30db9.jpeg\"},\"medium\":{\"name\":\"medium_premium_photo-1665296634747-aba82936c5ef.jpeg\",\"hash\":\"medium_premium_photo_1665296634747_aba82936c5ef_9424e30db9\",\"ext\":\".jpeg\",\"mime\":\"image/jpeg\",\"path\":null,\"width\":750,\"height\":513,\"size\":56.88,\"url\":\"/uploads/medium_premium_photo_1665296634747_aba82936c5ef_9424e30db9.jpeg\"}}', 'premium_photo_1665296634747_aba82936c5ef_9424e30db9', '.jpeg', 'image/jpeg', '86.57', '/uploads/premium_photo_1665296634747_aba82936c5ef_9424e30db9.jpeg', NULL, 'local', NULL, '/', '2023-01-21 12:31:30.309000', '2023-01-21 12:31:30.309000', 1, 1),
(181, 'premium_photo-1665296634817-f89856055566.jpeg', NULL, NULL, 1000, 684, '{\"thumbnail\":{\"name\":\"thumbnail_premium_photo-1665296634817-f89856055566.jpeg\",\"hash\":\"thumbnail_premium_photo_1665296634817_f89856055566_fe9e4478b5\",\"ext\":\".jpeg\",\"mime\":\"image/jpeg\",\"path\":null,\"width\":228,\"height\":156,\"size\":8.3,\"url\":\"/uploads/thumbnail_premium_photo_1665296634817_f89856055566_fe9e4478b5.jpeg\"},\"small\":{\"name\":\"small_premium_photo-1665296634817-f89856055566.jpeg\",\"hash\":\"small_premium_photo_1665296634817_f89856055566_fe9e4478b5\",\"ext\":\".jpeg\",\"mime\":\"image/jpeg\",\"path\":null,\"width\":500,\"height\":342,\"size\":30.5,\"url\":\"/uploads/small_premium_photo_1665296634817_f89856055566_fe9e4478b5.jpeg\"},\"medium\":{\"name\":\"medium_premium_photo-1665296634817-f89856055566.jpeg\",\"hash\":\"medium_premium_photo_1665296634817_f89856055566_fe9e4478b5\",\"ext\":\".jpeg\",\"mime\":\"image/jpeg\",\"path\":null,\"width\":750,\"height\":513,\"size\":59.77,\"url\":\"/uploads/medium_premium_photo_1665296634817_f89856055566_fe9e4478b5.jpeg\"}}', 'premium_photo_1665296634817_f89856055566_fe9e4478b5', '.jpeg', 'image/jpeg', '93.43', '/uploads/premium_photo_1665296634817_f89856055566_fe9e4478b5.jpeg', NULL, 'local', NULL, '/', '2023-01-21 12:31:30.487000', '2023-01-21 12:31:30.487000', 1, 1),
(182, 'premium_photo-1668918112517-8ebe0f3eb1f4.jpeg', NULL, NULL, 1000, 668, '{\"thumbnail\":{\"name\":\"thumbnail_premium_photo-1668918112517-8ebe0f3eb1f4.jpeg\",\"hash\":\"thumbnail_premium_photo_1668918112517_8ebe0f3eb1f4_2bf95dbbe1\",\"ext\":\".jpeg\",\"mime\":\"image/jpeg\",\"path\":null,\"width\":234,\"height\":156,\"size\":8.95,\"url\":\"/uploads/thumbnail_premium_photo_1668918112517_8ebe0f3eb1f4_2bf95dbbe1.jpeg\"},\"small\":{\"name\":\"small_premium_photo-1668918112517-8ebe0f3eb1f4.jpeg\",\"hash\":\"small_premium_photo_1668918112517_8ebe0f3eb1f4_2bf95dbbe1\",\"ext\":\".jpeg\",\"mime\":\"image/jpeg\",\"path\":null,\"width\":500,\"height\":334,\"size\":28.16,\"url\":\"/uploads/small_premium_photo_1668918112517_8ebe0f3eb1f4_2bf95dbbe1.jpeg\"},\"medium\":{\"name\":\"medium_premium_photo-1668918112517-8ebe0f3eb1f4.jpeg\",\"hash\":\"medium_premium_photo_1668918112517_8ebe0f3eb1f4_2bf95dbbe1\",\"ext\":\".jpeg\",\"mime\":\"image/jpeg\",\"path\":null,\"width\":750,\"height\":501,\"size\":52.02,\"url\":\"/uploads/medium_premium_photo_1668918112517_8ebe0f3eb1f4_2bf95dbbe1.jpeg\"}}', 'premium_photo_1668918112517_8ebe0f3eb1f4_2bf95dbbe1', '.jpeg', 'image/jpeg', '78.78', '/uploads/premium_photo_1668918112517_8ebe0f3eb1f4_2bf95dbbe1.jpeg', NULL, 'local', NULL, '/', '2023-01-21 12:31:30.562000', '2023-01-21 12:31:30.562000', 1, 1),
(183, 'premium_photo-1672954170389-d0af54ba261e.jpeg', NULL, NULL, 1000, 667, '{\"thumbnail\":{\"name\":\"thumbnail_premium_photo-1672954170389-d0af54ba261e.jpeg\",\"hash\":\"thumbnail_premium_photo_1672954170389_d0af54ba261e_98339890f6\",\"ext\":\".jpeg\",\"mime\":\"image/jpeg\",\"path\":null,\"width\":234,\"height\":156,\"size\":8.79,\"url\":\"/uploads/thumbnail_premium_photo_1672954170389_d0af54ba261e_98339890f6.jpeg\"},\"medium\":{\"name\":\"medium_premium_photo-1672954170389-d0af54ba261e.jpeg\",\"hash\":\"medium_premium_photo_1672954170389_d0af54ba261e_98339890f6\",\"ext\":\".jpeg\",\"mime\":\"image/jpeg\",\"path\":null,\"width\":750,\"height\":500,\"size\":60.57,\"url\":\"/uploads/medium_premium_photo_1672954170389_d0af54ba261e_98339890f6.jpeg\"},\"small\":{\"name\":\"small_premium_photo-1672954170389-d0af54ba261e.jpeg\",\"hash\":\"small_premium_photo_1672954170389_d0af54ba261e_98339890f6\",\"ext\":\".jpeg\",\"mime\":\"image/jpeg\",\"path\":null,\"width\":500,\"height\":334,\"size\":30.2,\"url\":\"/uploads/small_premium_photo_1672954170389_d0af54ba261e_98339890f6.jpeg\"}}', 'premium_photo_1672954170389_d0af54ba261e_98339890f6', '.jpeg', 'image/jpeg', '97.04', '/uploads/premium_photo_1672954170389_d0af54ba261e_98339890f6.jpeg', NULL, 'local', NULL, '/', '2023-01-21 12:31:30.603000', '2023-01-21 12:31:30.603000', 1, 1),
(184, 'premium_photo-1672954170011-a9ae62aa2a40.jpeg', NULL, NULL, 1000, 667, '{\"thumbnail\":{\"name\":\"thumbnail_premium_photo-1672954170011-a9ae62aa2a40.jpeg\",\"hash\":\"thumbnail_premium_photo_1672954170011_a9ae62aa2a40_0b70fd78e3\",\"ext\":\".jpeg\",\"mime\":\"image/jpeg\",\"path\":null,\"width\":234,\"height\":156,\"size\":8.79,\"url\":\"/uploads/thumbnail_premium_photo_1672954170011_a9ae62aa2a40_0b70fd78e3.jpeg\"},\"small\":{\"name\":\"small_premium_photo-1672954170011-a9ae62aa2a40.jpeg\",\"hash\":\"small_premium_photo_1672954170011_a9ae62aa2a40_0b70fd78e3\",\"ext\":\".jpeg\",\"mime\":\"image/jpeg\",\"path\":null,\"width\":500,\"height\":334,\"size\":30.14,\"url\":\"/uploads/small_premium_photo_1672954170011_a9ae62aa2a40_0b70fd78e3.jpeg\"},\"medium\":{\"name\":\"medium_premium_photo-1672954170011-a9ae62aa2a40.jpeg\",\"hash\":\"medium_premium_photo_1672954170011_a9ae62aa2a40_0b70fd78e3\",\"ext\":\".jpeg\",\"mime\":\"image/jpeg\",\"path\":null,\"width\":750,\"height\":500,\"size\":57.8,\"url\":\"/uploads/medium_premium_photo_1672954170011_a9ae62aa2a40_0b70fd78e3.jpeg\"}}', 'premium_photo_1672954170011_a9ae62aa2a40_0b70fd78e3', '.jpeg', 'image/jpeg', '89.06', '/uploads/premium_photo_1672954170011_a9ae62aa2a40_0b70fd78e3.jpeg', NULL, 'local', NULL, '/', '2023-01-21 12:31:30.770000', '2023-01-21 12:31:30.770000', 1, 1),
(185, 'premium_photo-1672446464381-91df785dcfd7.jpeg', NULL, NULL, 1000, 667, '{\"thumbnail\":{\"name\":\"thumbnail_premium_photo-1672446464381-91df785dcfd7.jpeg\",\"hash\":\"thumbnail_premium_photo_1672446464381_91df785dcfd7_89f032ebab\",\"ext\":\".jpeg\",\"mime\":\"image/jpeg\",\"path\":null,\"width\":234,\"height\":156,\"size\":6.68,\"url\":\"/uploads/thumbnail_premium_photo_1672446464381_91df785dcfd7_89f032ebab.jpeg\"},\"medium\":{\"name\":\"medium_premium_photo-1672446464381-91df785dcfd7.jpeg\",\"hash\":\"medium_premium_photo_1672446464381_91df785dcfd7_89f032ebab\",\"ext\":\".jpeg\",\"mime\":\"image/jpeg\",\"path\":null,\"width\":750,\"height\":500,\"size\":42.35,\"url\":\"/uploads/medium_premium_photo_1672446464381_91df785dcfd7_89f032ebab.jpeg\"},\"small\":{\"name\":\"small_premium_photo-1672446464381-91df785dcfd7.jpeg\",\"hash\":\"small_premium_photo_1672446464381_91df785dcfd7_89f032ebab\",\"ext\":\".jpeg\",\"mime\":\"image/jpeg\",\"path\":null,\"width\":500,\"height\":334,\"size\":22.27,\"url\":\"/uploads/small_premium_photo_1672446464381_91df785dcfd7_89f032ebab.jpeg\"}}', 'premium_photo_1672446464381_91df785dcfd7_89f032ebab', '.jpeg', 'image/jpeg', '65.65', '/uploads/premium_photo_1672446464381_91df785dcfd7_89f032ebab.jpeg', NULL, 'local', NULL, '/', '2023-01-21 12:31:30.778000', '2023-01-21 12:31:30.778000', 1, 1),
(186, 'premium_photo-1663956102270-060b19a7daef.jpeg', NULL, NULL, 1000, 667, '{\"thumbnail\":{\"name\":\"thumbnail_premium_photo-1663956102270-060b19a7daef.jpeg\",\"hash\":\"thumbnail_premium_photo_1663956102270_060b19a7daef_5d4d255648\",\"ext\":\".jpeg\",\"mime\":\"image/jpeg\",\"path\":null,\"width\":234,\"height\":156,\"size\":12.6,\"url\":\"/uploads/thumbnail_premium_photo_1663956102270_060b19a7daef_5d4d255648.jpeg\"},\"small\":{\"name\":\"small_premium_photo-1663956102270-060b19a7daef.jpeg\",\"hash\":\"small_premium_photo_1663956102270_060b19a7daef_5d4d255648\",\"ext\":\".jpeg\",\"mime\":\"image/jpeg\",\"path\":null,\"width\":500,\"height\":334,\"size\":44.05,\"url\":\"/uploads/small_premium_photo_1663956102270_060b19a7daef_5d4d255648.jpeg\"},\"medium\":{\"name\":\"medium_premium_photo-1663956102270-060b19a7daef.jpeg\",\"hash\":\"medium_premium_photo_1663956102270_060b19a7daef_5d4d255648\",\"ext\":\".jpeg\",\"mime\":\"image/jpeg\",\"path\":null,\"width\":750,\"height\":500,\"size\":85.24,\"url\":\"/uploads/medium_premium_photo_1663956102270_060b19a7daef_5d4d255648.jpeg\"}}', 'premium_photo_1663956102270_060b19a7daef_5d4d255648', '.jpeg', 'image/jpeg', '131.45', '/uploads/premium_photo_1663956102270_060b19a7daef_5d4d255648.jpeg', NULL, 'local', NULL, '/', '2023-01-21 12:31:30.834000', '2023-01-21 12:37:18.371000', 1, 1),
(187, 'premium_photo-1664453892283-14ca3e14653d.jpeg', NULL, NULL, 1000, 665, '{\"thumbnail\":{\"name\":\"thumbnail_premium_photo-1664453892283-14ca3e14653d.jpeg\",\"hash\":\"thumbnail_premium_photo_1664453892283_14ca3e14653d_fe53d1a158\",\"ext\":\".jpeg\",\"mime\":\"image/jpeg\",\"path\":null,\"width\":235,\"height\":156,\"size\":6.84,\"url\":\"/uploads/thumbnail_premium_photo_1664453892283_14ca3e14653d_fe53d1a158.jpeg\"},\"small\":{\"name\":\"small_premium_photo-1664453892283-14ca3e14653d.jpeg\",\"hash\":\"small_premium_photo_1664453892283_14ca3e14653d_fe53d1a158\",\"ext\":\".jpeg\",\"mime\":\"image/jpeg\",\"path\":null,\"width\":500,\"height\":333,\"size\":25.66,\"url\":\"/uploads/small_premium_photo_1664453892283_14ca3e14653d_fe53d1a158.jpeg\"},\"medium\":{\"name\":\"medium_premium_photo-1664453892283-14ca3e14653d.jpeg\",\"hash\":\"medium_premium_photo_1664453892283_14ca3e14653d_fe53d1a158\",\"ext\":\".jpeg\",\"mime\":\"image/jpeg\",\"path\":null,\"width\":750,\"height\":499,\"size\":54.98,\"url\":\"/uploads/medium_premium_photo_1664453892283_14ca3e14653d_fe53d1a158.jpeg\"}}', 'premium_photo_1664453892283_14ca3e14653d_fe53d1a158', '.jpeg', 'image/jpeg', '91.46', '/uploads/premium_photo_1664453892283_14ca3e14653d_fe53d1a158.jpeg', NULL, 'local', NULL, '/', '2023-01-21 12:31:30.878000', '2023-01-21 12:31:30.878000', 1, 1),
(188, 'andreea-chidu-FPV2_FbNHoE-unsplash.jpeg', NULL, NULL, 640, 960, '{\"thumbnail\":{\"name\":\"thumbnail_andreea-chidu-FPV2_FbNHoE-unsplash.jpeg\",\"hash\":\"thumbnail_andreea_chidu_FPV_2_Fb_N_Ho_E_unsplash_f1f36b0d9a\",\"ext\":\".jpeg\",\"mime\":\"image/jpeg\",\"path\":null,\"width\":104,\"height\":156,\"size\":2.18,\"url\":\"/uploads/thumbnail_andreea_chidu_FPV_2_Fb_N_Ho_E_unsplash_f1f36b0d9a.jpeg\"},\"medium\":{\"name\":\"medium_andreea-chidu-FPV2_FbNHoE-unsplash.jpeg\",\"hash\":\"medium_andreea_chidu_FPV_2_Fb_N_Ho_E_unsplash_f1f36b0d9a\",\"ext\":\".jpeg\",\"mime\":\"image/jpeg\",\"path\":null,\"width\":500,\"height\":750,\"size\":23.37,\"url\":\"/uploads/medium_andreea_chidu_FPV_2_Fb_N_Ho_E_unsplash_f1f36b0d9a.jpeg\"},\"small\":{\"name\":\"small_andreea-chidu-FPV2_FbNHoE-unsplash.jpeg\",\"hash\":\"small_andreea_chidu_FPV_2_Fb_N_Ho_E_unsplash_f1f36b0d9a\",\"ext\":\".jpeg\",\"mime\":\"image/jpeg\",\"path\":null,\"width\":333,\"height\":500,\"size\":11.49,\"url\":\"/uploads/small_andreea_chidu_FPV_2_Fb_N_Ho_E_unsplash_f1f36b0d9a.jpeg\"}}', 'andreea_chidu_FPV_2_Fb_N_Ho_E_unsplash_f1f36b0d9a', '.jpeg', 'image/jpeg', '36.14', '/uploads/andreea_chidu_FPV_2_Fb_N_Ho_E_unsplash_f1f36b0d9a.jpeg', NULL, 'local', NULL, '/', '2023-01-21 15:04:11.262000', '2023-01-21 15:04:11.262000', 1, 1),
(189, 'diego-vedita-PW1EOs9R-Xw-unsplash.jpeg', NULL, NULL, 640, 960, '{\"thumbnail\":{\"name\":\"thumbnail_diego-vedita-PW1EOs9R-Xw-unsplash.jpeg\",\"hash\":\"thumbnail_diego_vedita_PW_1_E_Os9_R_Xw_unsplash_b6fc699f29\",\"ext\":\".jpeg\",\"mime\":\"image/jpeg\",\"path\":null,\"width\":104,\"height\":156,\"size\":3.92,\"url\":\"/uploads/thumbnail_diego_vedita_PW_1_E_Os9_R_Xw_unsplash_b6fc699f29.jpeg\"},\"medium\":{\"name\":\"medium_diego-vedita-PW1EOs9R-Xw-unsplash.jpeg\",\"hash\":\"medium_diego_vedita_PW_1_E_Os9_R_Xw_unsplash_b6fc699f29\",\"ext\":\".jpeg\",\"mime\":\"image/jpeg\",\"path\":null,\"width\":500,\"height\":750,\"size\":43.22,\"url\":\"/uploads/medium_diego_vedita_PW_1_E_Os9_R_Xw_unsplash_b6fc699f29.jpeg\"},\"small\":{\"name\":\"small_diego-vedita-PW1EOs9R-Xw-unsplash.jpeg\",\"hash\":\"small_diego_vedita_PW_1_E_Os9_R_Xw_unsplash_b6fc699f29\",\"ext\":\".jpeg\",\"mime\":\"image/jpeg\",\"path\":null,\"width\":333,\"height\":500,\"size\":22.65,\"url\":\"/uploads/small_diego_vedita_PW_1_E_Os9_R_Xw_unsplash_b6fc699f29.jpeg\"}}', 'diego_vedita_PW_1_E_Os9_R_Xw_unsplash_b6fc699f29', '.jpeg', 'image/jpeg', '62.98', '/uploads/diego_vedita_PW_1_E_Os9_R_Xw_unsplash_b6fc699f29.jpeg', NULL, 'local', NULL, '/', '2023-01-21 15:04:11.264000', '2023-01-21 15:04:11.264000', 1, 1),
(190, 'christian-bolt-VW5VjskNXZ8-unsplash.jpeg', NULL, NULL, 640, 960, '{\"thumbnail\":{\"name\":\"thumbnail_christian-bolt-VW5VjskNXZ8-unsplash.jpeg\",\"hash\":\"thumbnail_christian_bolt_VW_5_Vjsk_NXZ_8_unsplash_96b839cc13\",\"ext\":\".jpeg\",\"mime\":\"image/jpeg\",\"path\":null,\"width\":104,\"height\":156,\"size\":2.96,\"url\":\"/uploads/thumbnail_christian_bolt_VW_5_Vjsk_NXZ_8_unsplash_96b839cc13.jpeg\"},\"medium\":{\"name\":\"medium_christian-bolt-VW5VjskNXZ8-unsplash.jpeg\",\"hash\":\"medium_christian_bolt_VW_5_Vjsk_NXZ_8_unsplash_96b839cc13\",\"ext\":\".jpeg\",\"mime\":\"image/jpeg\",\"path\":null,\"width\":500,\"height\":750,\"size\":32.01,\"url\":\"/uploads/medium_christian_bolt_VW_5_Vjsk_NXZ_8_unsplash_96b839cc13.jpeg\"},\"small\":{\"name\":\"small_christian-bolt-VW5VjskNXZ8-unsplash.jpeg\",\"hash\":\"small_christian_bolt_VW_5_Vjsk_NXZ_8_unsplash_96b839cc13\",\"ext\":\".jpeg\",\"mime\":\"image/jpeg\",\"path\":null,\"width\":333,\"height\":500,\"size\":16.7,\"url\":\"/uploads/small_christian_bolt_VW_5_Vjsk_NXZ_8_unsplash_96b839cc13.jpeg\"}}', 'christian_bolt_VW_5_Vjsk_NXZ_8_unsplash_96b839cc13', '.jpeg', 'image/jpeg', '46.59', '/uploads/christian_bolt_VW_5_Vjsk_NXZ_8_unsplash_96b839cc13.jpeg', NULL, 'local', NULL, '/', '2023-01-21 15:04:11.288000', '2023-01-21 15:04:11.288000', 1, 1),
(191, 'alex-hddife-6wWiZlA2n0Q-unsplash.jpeg', NULL, NULL, 1920, 2889, '{\"thumbnail\":{\"name\":\"thumbnail_alex-hddife-6wWiZlA2n0Q-unsplash.jpeg\",\"hash\":\"thumbnail_alex_hddife_6w_Wi_Zl_A2n0_Q_unsplash_1aedc06958\",\"ext\":\".jpeg\",\"mime\":\"image/jpeg\",\"path\":null,\"width\":104,\"height\":156,\"size\":2.34,\"url\":\"/uploads/thumbnail_alex_hddife_6w_Wi_Zl_A2n0_Q_unsplash_1aedc06958.jpeg\"},\"large\":{\"name\":\"large_alex-hddife-6wWiZlA2n0Q-unsplash.jpeg\",\"hash\":\"large_alex_hddife_6w_Wi_Zl_A2n0_Q_unsplash_1aedc06958\",\"ext\":\".jpeg\",\"mime\":\"image/jpeg\",\"path\":null,\"width\":665,\"height\":1000,\"size\":43.15,\"url\":\"/uploads/large_alex_hddife_6w_Wi_Zl_A2n0_Q_unsplash_1aedc06958.jpeg\"},\"small\":{\"name\":\"small_alex-hddife-6wWiZlA2n0Q-unsplash.jpeg\",\"hash\":\"small_alex_hddife_6w_Wi_Zl_A2n0_Q_unsplash_1aedc06958\",\"ext\":\".jpeg\",\"mime\":\"image/jpeg\",\"path\":null,\"width\":332,\"height\":500,\"size\":14.5,\"url\":\"/uploads/small_alex_hddife_6w_Wi_Zl_A2n0_Q_unsplash_1aedc06958.jpeg\"},\"medium\":{\"name\":\"medium_alex-hddife-6wWiZlA2n0Q-unsplash.jpeg\",\"hash\":\"medium_alex_hddife_6w_Wi_Zl_A2n0_Q_unsplash_1aedc06958\",\"ext\":\".jpeg\",\"mime\":\"image/jpeg\",\"path\":null,\"width\":499,\"height\":750,\"size\":27.68,\"url\":\"/uploads/medium_alex_hddife_6w_Wi_Zl_A2n0_Q_unsplash_1aedc06958.jpeg\"}}', 'alex_hddife_6w_Wi_Zl_A2n0_Q_unsplash_1aedc06958', '.jpeg', 'image/jpeg', '201.94', '/uploads/alex_hddife_6w_Wi_Zl_A2n0_Q_unsplash_1aedc06958.jpeg', NULL, 'local', NULL, '/', '2023-01-21 15:04:11.594000', '2023-01-22 11:29:44.802000', 1, 1),
(192, 'christian-bolt-WhnbNX5yeJo-unsplash.jpeg', NULL, NULL, 640, 960, '{\"thumbnail\":{\"name\":\"thumbnail_christian-bolt-WhnbNX5yeJo-unsplash.jpeg\",\"hash\":\"thumbnail_christian_bolt_Whnb_NX_5ye_Jo_unsplash_1c0914fd5f\",\"ext\":\".jpeg\",\"mime\":\"image/jpeg\",\"path\":null,\"width\":104,\"height\":156,\"size\":2.91,\"url\":\"/uploads/thumbnail_christian_bolt_Whnb_NX_5ye_Jo_unsplash_1c0914fd5f.jpeg\"},\"medium\":{\"name\":\"medium_christian-bolt-WhnbNX5yeJo-unsplash.jpeg\",\"hash\":\"medium_christian_bolt_Whnb_NX_5ye_Jo_unsplash_1c0914fd5f\",\"ext\":\".jpeg\",\"mime\":\"image/jpeg\",\"path\":null,\"width\":500,\"height\":750,\"size\":31.68,\"url\":\"/uploads/medium_christian_bolt_Whnb_NX_5ye_Jo_unsplash_1c0914fd5f.jpeg\"},\"small\":{\"name\":\"small_christian-bolt-WhnbNX5yeJo-unsplash.jpeg\",\"hash\":\"small_christian_bolt_Whnb_NX_5ye_Jo_unsplash_1c0914fd5f\",\"ext\":\".jpeg\",\"mime\":\"image/jpeg\",\"path\":null,\"width\":333,\"height\":500,\"size\":16.11,\"url\":\"/uploads/small_christian_bolt_Whnb_NX_5ye_Jo_unsplash_1c0914fd5f.jpeg\"}}', 'christian_bolt_Whnb_NX_5ye_Jo_unsplash_1c0914fd5f', '.jpeg', 'image/jpeg', '47.97', '/uploads/christian_bolt_Whnb_NX_5ye_Jo_unsplash_1c0914fd5f.jpeg', NULL, 'local', NULL, '/', '2023-01-21 15:04:11.782000', '2023-01-21 15:04:11.782000', 1, 1),
(193, 'engin-akyurt-jaZoffxg1yc-unsplash.jpeg', NULL, NULL, 640, 960, '{\"thumbnail\":{\"name\":\"thumbnail_engin-akyurt-jaZoffxg1yc-unsplash.jpeg\",\"hash\":\"thumbnail_engin_akyurt_ja_Zoffxg1yc_unsplash_28b450a125\",\"ext\":\".jpeg\",\"mime\":\"image/jpeg\",\"path\":null,\"width\":104,\"height\":156,\"size\":3.37,\"url\":\"/uploads/thumbnail_engin_akyurt_ja_Zoffxg1yc_unsplash_28b450a125.jpeg\"},\"medium\":{\"name\":\"medium_engin-akyurt-jaZoffxg1yc-unsplash.jpeg\",\"hash\":\"medium_engin_akyurt_ja_Zoffxg1yc_unsplash_28b450a125\",\"ext\":\".jpeg\",\"mime\":\"image/jpeg\",\"path\":null,\"width\":500,\"height\":750,\"size\":36.29,\"url\":\"/uploads/medium_engin_akyurt_ja_Zoffxg1yc_unsplash_28b450a125.jpeg\"},\"small\":{\"name\":\"small_engin-akyurt-jaZoffxg1yc-unsplash.jpeg\",\"hash\":\"small_engin_akyurt_ja_Zoffxg1yc_unsplash_28b450a125\",\"ext\":\".jpeg\",\"mime\":\"image/jpeg\",\"path\":null,\"width\":333,\"height\":500,\"size\":19.28,\"url\":\"/uploads/small_engin_akyurt_ja_Zoffxg1yc_unsplash_28b450a125.jpeg\"}}', 'engin_akyurt_ja_Zoffxg1yc_unsplash_28b450a125', '.jpeg', 'image/jpeg', '52.34', '/uploads/engin_akyurt_ja_Zoffxg1yc_unsplash_28b450a125.jpeg', NULL, 'local', NULL, '/', '2023-01-21 15:04:11.784000', '2023-01-21 15:04:11.784000', 1, 1),
(194, 'faith-yarn-jX2cntCbrAo-unsplash.jpeg', NULL, NULL, 1920, 2880, '{\"thumbnail\":{\"name\":\"thumbnail_faith-yarn-jX2cntCbrAo-unsplash.jpeg\",\"hash\":\"thumbnail_faith_yarn_j_X2cnt_Cbr_Ao_unsplash_fc5ec497a6\",\"ext\":\".jpeg\",\"mime\":\"image/jpeg\",\"path\":null,\"width\":104,\"height\":156,\"size\":2.96,\"url\":\"/uploads/thumbnail_faith_yarn_j_X2cnt_Cbr_Ao_unsplash_fc5ec497a6.jpeg\"},\"large\":{\"name\":\"large_faith-yarn-jX2cntCbrAo-unsplash.jpeg\",\"hash\":\"large_faith_yarn_j_X2cnt_Cbr_Ao_unsplash_fc5ec497a6\",\"ext\":\".jpeg\",\"mime\":\"image/jpeg\",\"path\":null,\"width\":667,\"height\":1000,\"size\":52.63,\"url\":\"/uploads/large_faith_yarn_j_X2cnt_Cbr_Ao_unsplash_fc5ec497a6.jpeg\"},\"medium\":{\"name\":\"medium_faith-yarn-jX2cntCbrAo-unsplash.jpeg\",\"hash\":\"medium_faith_yarn_j_X2cnt_Cbr_Ao_unsplash_fc5ec497a6\",\"ext\":\".jpeg\",\"mime\":\"image/jpeg\",\"path\":null,\"width\":500,\"height\":750,\"size\":31.46,\"url\":\"/uploads/medium_faith_yarn_j_X2cnt_Cbr_Ao_unsplash_fc5ec497a6.jpeg\"},\"small\":{\"name\":\"small_faith-yarn-jX2cntCbrAo-unsplash.jpeg\",\"hash\":\"small_faith_yarn_j_X2cnt_Cbr_Ao_unsplash_fc5ec497a6\",\"ext\":\".jpeg\",\"mime\":\"image/jpeg\",\"path\":null,\"width\":333,\"height\":500,\"size\":15.91,\"url\":\"/uploads/small_faith_yarn_j_X2cnt_Cbr_Ao_unsplash_fc5ec497a6.jpeg\"}}', 'faith_yarn_j_X2cnt_Cbr_Ao_unsplash_fc5ec497a6', '.jpeg', 'image/jpeg', '373.65', '/uploads/faith_yarn_j_X2cnt_Cbr_Ao_unsplash_fc5ec497a6.jpeg', NULL, 'local', NULL, '/', '2023-01-21 15:04:11.831000', '2023-01-21 15:04:11.831000', 1, 1),
(195, 'florencia-simonini-PDZAMYvduVk-unsplash.jpeg', NULL, NULL, 640, 960, '{\"thumbnail\":{\"name\":\"thumbnail_florencia-simonini-PDZAMYvduVk-unsplash.jpeg\",\"hash\":\"thumbnail_florencia_simonini_PDZAM_Yvdu_Vk_unsplash_c82782977d\",\"ext\":\".jpeg\",\"mime\":\"image/jpeg\",\"path\":null,\"width\":104,\"height\":156,\"size\":3.16,\"url\":\"/uploads/thumbnail_florencia_simonini_PDZAM_Yvdu_Vk_unsplash_c82782977d.jpeg\"},\"small\":{\"name\":\"small_florencia-simonini-PDZAMYvduVk-unsplash.jpeg\",\"hash\":\"small_florencia_simonini_PDZAM_Yvdu_Vk_unsplash_c82782977d\",\"ext\":\".jpeg\",\"mime\":\"image/jpeg\",\"path\":null,\"width\":333,\"height\":500,\"size\":18.43,\"url\":\"/uploads/small_florencia_simonini_PDZAM_Yvdu_Vk_unsplash_c82782977d.jpeg\"},\"medium\":{\"name\":\"medium_florencia-simonini-PDZAMYvduVk-unsplash.jpeg\",\"hash\":\"medium_florencia_simonini_PDZAM_Yvdu_Vk_unsplash_c82782977d\",\"ext\":\".jpeg\",\"mime\":\"image/jpeg\",\"path\":null,\"width\":500,\"height\":750,\"size\":36.51,\"url\":\"/uploads/medium_florencia_simonini_PDZAM_Yvdu_Vk_unsplash_c82782977d.jpeg\"}}', 'florencia_simonini_PDZAM_Yvdu_Vk_unsplash_c82782977d', '.jpeg', 'image/jpeg', '54.39', '/uploads/florencia_simonini_PDZAM_Yvdu_Vk_unsplash_c82782977d.jpeg', NULL, 'local', NULL, '/', '2023-01-21 15:04:11.914000', '2023-01-21 15:04:11.914000', 1, 1),
(196, 'laura-chouette-LXHyNufB8Ds-unsplash.jpeg', NULL, NULL, 640, 853, '{\"thumbnail\":{\"name\":\"thumbnail_laura-chouette-LXHyNufB8Ds-unsplash.jpeg\",\"hash\":\"thumbnail_laura_chouette_LX_Hy_Nuf_B8_Ds_unsplash_eead805b05\",\"ext\":\".jpeg\",\"mime\":\"image/jpeg\",\"path\":null,\"width\":117,\"height\":156,\"size\":2.74,\"url\":\"/uploads/thumbnail_laura_chouette_LX_Hy_Nuf_B8_Ds_unsplash_eead805b05.jpeg\"},\"small\":{\"name\":\"small_laura-chouette-LXHyNufB8Ds-unsplash.jpeg\",\"hash\":\"small_laura_chouette_LX_Hy_Nuf_B8_Ds_unsplash_eead805b05\",\"ext\":\".jpeg\",\"mime\":\"image/jpeg\",\"path\":null,\"width\":375,\"height\":500,\"size\":16.94,\"url\":\"/uploads/small_laura_chouette_LX_Hy_Nuf_B8_Ds_unsplash_eead805b05.jpeg\"},\"medium\":{\"name\":\"medium_laura-chouette-LXHyNufB8Ds-unsplash.jpeg\",\"hash\":\"medium_laura_chouette_LX_Hy_Nuf_B8_Ds_unsplash_eead805b05\",\"ext\":\".jpeg\",\"mime\":\"image/jpeg\",\"path\":null,\"width\":563,\"height\":750,\"size\":37.46,\"url\":\"/uploads/medium_laura_chouette_LX_Hy_Nuf_B8_Ds_unsplash_eead805b05.jpeg\"}}', 'laura_chouette_LX_Hy_Nuf_B8_Ds_unsplash_eead805b05', '.jpeg', 'image/jpeg', '47.66', '/uploads/laura_chouette_LX_Hy_Nuf_B8_Ds_unsplash_eead805b05.jpeg', NULL, 'local', NULL, '/', '2023-01-21 15:04:12.219000', '2023-01-21 15:04:12.219000', 1, 1),
(197, 'mohamad-javad-barakouhi-rJvs1om1G0o-unsplash.jpeg', NULL, NULL, 640, 822, '{\"thumbnail\":{\"name\":\"thumbnail_mohamad-javad-barakouhi-rJvs1om1G0o-unsplash.jpeg\",\"hash\":\"thumbnail_mohamad_javad_barakouhi_r_Jvs1om1_G0o_unsplash_6b7c1fcdd7\",\"ext\":\".jpeg\",\"mime\":\"image/jpeg\",\"path\":null,\"width\":122,\"height\":156,\"size\":3.57,\"url\":\"/uploads/thumbnail_mohamad_javad_barakouhi_r_Jvs1om1_G0o_unsplash_6b7c1fcdd7.jpeg\"},\"medium\":{\"name\":\"medium_mohamad-javad-barakouhi-rJvs1om1G0o-unsplash.jpeg\",\"hash\":\"medium_mohamad_javad_barakouhi_r_Jvs1om1_G0o_unsplash_6b7c1fcdd7\",\"ext\":\".jpeg\",\"mime\":\"image/jpeg\",\"path\":null,\"width\":584,\"height\":750,\"size\":43.82,\"url\":\"/uploads/medium_mohamad_javad_barakouhi_r_Jvs1om1_G0o_unsplash_6b7c1fcdd7.jpeg\"},\"small\":{\"name\":\"small_mohamad-javad-barakouhi-rJvs1om1G0o-unsplash.jpeg\",\"hash\":\"small_mohamad_javad_barakouhi_r_Jvs1om1_G0o_unsplash_6b7c1fcdd7\",\"ext\":\".jpeg\",\"mime\":\"image/jpeg\",\"path\":null,\"width\":389,\"height\":500,\"size\":22.82,\"url\":\"/uploads/small_mohamad_javad_barakouhi_r_Jvs1om1_G0o_unsplash_6b7c1fcdd7.jpeg\"}}', 'mohamad_javad_barakouhi_r_Jvs1om1_G0o_unsplash_6b7c1fcdd7', '.jpeg', 'image/jpeg', '50.70', '/uploads/mohamad_javad_barakouhi_r_Jvs1om1_G0o_unsplash_6b7c1fcdd7.jpeg', NULL, 'local', NULL, '/', '2023-01-21 15:04:12.341000', '2023-01-21 15:04:12.341000', 1, 1);
INSERT INTO `files` (`id`, `name`, `alternative_text`, `caption`, `width`, `height`, `formats`, `hash`, `ext`, `mime`, `size`, `url`, `preview_url`, `provider`, `provider_metadata`, `folder_path`, `created_at`, `updated_at`, `created_by_id`, `updated_by_id`) VALUES
(198, 'laura-chouette-q4Wrsho-t2E-unsplash.jpeg', NULL, NULL, 640, 853, '{\"thumbnail\":{\"name\":\"thumbnail_laura-chouette-q4Wrsho-t2E-unsplash.jpeg\",\"hash\":\"thumbnail_laura_chouette_q4_Wrsho_t2_E_unsplash_fd26d28df5\",\"ext\":\".jpeg\",\"mime\":\"image/jpeg\",\"path\":null,\"width\":117,\"height\":156,\"size\":2.95,\"url\":\"/uploads/thumbnail_laura_chouette_q4_Wrsho_t2_E_unsplash_fd26d28df5.jpeg\"},\"small\":{\"name\":\"small_laura-chouette-q4Wrsho-t2E-unsplash.jpeg\",\"hash\":\"small_laura_chouette_q4_Wrsho_t2_E_unsplash_fd26d28df5\",\"ext\":\".jpeg\",\"mime\":\"image/jpeg\",\"path\":null,\"width\":375,\"height\":500,\"size\":15.51,\"url\":\"/uploads/small_laura_chouette_q4_Wrsho_t2_E_unsplash_fd26d28df5.jpeg\"},\"medium\":{\"name\":\"medium_laura-chouette-q4Wrsho-t2E-unsplash.jpeg\",\"hash\":\"medium_laura_chouette_q4_Wrsho_t2_E_unsplash_fd26d28df5\",\"ext\":\".jpeg\",\"mime\":\"image/jpeg\",\"path\":null,\"width\":563,\"height\":750,\"size\":28.82,\"url\":\"/uploads/medium_laura_chouette_q4_Wrsho_t2_E_unsplash_fd26d28df5.jpeg\"}}', 'laura_chouette_q4_Wrsho_t2_E_unsplash_fd26d28df5', '.jpeg', 'image/jpeg', '34.42', '/uploads/laura_chouette_q4_Wrsho_t2_E_unsplash_fd26d28df5.jpeg', NULL, 'local', NULL, '/', '2023-01-21 15:04:12.388000', '2023-01-21 15:04:12.388000', 1, 1),
(199, 'kai-gabriel-2s3GhhJz2uY-unsplash.jpeg', NULL, NULL, 1920, 2880, '{\"thumbnail\":{\"name\":\"thumbnail_kai-gabriel-2s3GhhJz2uY-unsplash.jpeg\",\"hash\":\"thumbnail_kai_gabriel_2s3_Ghh_Jz2u_Y_unsplash_440d6b508d\",\"ext\":\".jpeg\",\"mime\":\"image/jpeg\",\"path\":null,\"width\":104,\"height\":156,\"size\":3.52,\"url\":\"/uploads/thumbnail_kai_gabriel_2s3_Ghh_Jz2u_Y_unsplash_440d6b508d.jpeg\"},\"large\":{\"name\":\"large_kai-gabriel-2s3GhhJz2uY-unsplash.jpeg\",\"hash\":\"large_kai_gabriel_2s3_Ghh_Jz2u_Y_unsplash_440d6b508d\",\"ext\":\".jpeg\",\"mime\":\"image/jpeg\",\"path\":null,\"width\":667,\"height\":1000,\"size\":53.79,\"url\":\"/uploads/large_kai_gabriel_2s3_Ghh_Jz2u_Y_unsplash_440d6b508d.jpeg\"},\"medium\":{\"name\":\"medium_kai-gabriel-2s3GhhJz2uY-unsplash.jpeg\",\"hash\":\"medium_kai_gabriel_2s3_Ghh_Jz2u_Y_unsplash_440d6b508d\",\"ext\":\".jpeg\",\"mime\":\"image/jpeg\",\"path\":null,\"width\":500,\"height\":750,\"size\":33.94,\"url\":\"/uploads/medium_kai_gabriel_2s3_Ghh_Jz2u_Y_unsplash_440d6b508d.jpeg\"},\"small\":{\"name\":\"small_kai-gabriel-2s3GhhJz2uY-unsplash.jpeg\",\"hash\":\"small_kai_gabriel_2s3_Ghh_Jz2u_Y_unsplash_440d6b508d\",\"ext\":\".jpeg\",\"mime\":\"image/jpeg\",\"path\":null,\"width\":333,\"height\":500,\"size\":18.05,\"url\":\"/uploads/small_kai_gabriel_2s3_Ghh_Jz2u_Y_unsplash_440d6b508d.jpeg\"}}', 'kai_gabriel_2s3_Ghh_Jz2u_Y_unsplash_440d6b508d', '.jpeg', 'image/jpeg', '323.58', '/uploads/kai_gabriel_2s3_Ghh_Jz2u_Y_unsplash_440d6b508d.jpeg', NULL, 'local', NULL, '/', '2023-01-21 15:04:12.627000', '2023-01-21 15:04:12.627000', 1, 1),
(200, 'raoul-croes-q3NX2NbbYmI-unsplash.jpeg', NULL, NULL, 640, 960, '{\"thumbnail\":{\"name\":\"thumbnail_raoul-croes-q3NX2NbbYmI-unsplash.jpeg\",\"hash\":\"thumbnail_raoul_croes_q3_NX_2_Nbb_Ym_I_unsplash_3218bdf158\",\"ext\":\".jpeg\",\"mime\":\"image/jpeg\",\"path\":null,\"width\":104,\"height\":156,\"size\":2.58,\"url\":\"/uploads/thumbnail_raoul_croes_q3_NX_2_Nbb_Ym_I_unsplash_3218bdf158.jpeg\"},\"medium\":{\"name\":\"medium_raoul-croes-q3NX2NbbYmI-unsplash.jpeg\",\"hash\":\"medium_raoul_croes_q3_NX_2_Nbb_Ym_I_unsplash_3218bdf158\",\"ext\":\".jpeg\",\"mime\":\"image/jpeg\",\"path\":null,\"width\":500,\"height\":750,\"size\":24.07,\"url\":\"/uploads/medium_raoul_croes_q3_NX_2_Nbb_Ym_I_unsplash_3218bdf158.jpeg\"},\"small\":{\"name\":\"small_raoul-croes-q3NX2NbbYmI-unsplash.jpeg\",\"hash\":\"small_raoul_croes_q3_NX_2_Nbb_Ym_I_unsplash_3218bdf158\",\"ext\":\".jpeg\",\"mime\":\"image/jpeg\",\"path\":null,\"width\":333,\"height\":500,\"size\":13.47,\"url\":\"/uploads/small_raoul_croes_q3_NX_2_Nbb_Ym_I_unsplash_3218bdf158.jpeg\"}}', 'raoul_croes_q3_NX_2_Nbb_Ym_I_unsplash_3218bdf158', '.jpeg', 'image/jpeg', '33.54', '/uploads/raoul_croes_q3_NX_2_Nbb_Ym_I_unsplash_3218bdf158.jpeg', NULL, 'local', NULL, '/', '2023-01-21 15:04:12.644000', '2023-01-21 15:04:12.644000', 1, 1),
(201, 'brian-lawson-jRztw-pVdyk-unsplash.jpeg', NULL, NULL, 2624, 3936, '{\"thumbnail\":{\"name\":\"thumbnail_brian-lawson-jRztw-pVdyk-unsplash.jpeg\",\"hash\":\"thumbnail_brian_lawson_j_Rztw_p_Vdyk_unsplash_ee719c57de\",\"ext\":\".jpeg\",\"mime\":\"image/jpeg\",\"path\":null,\"width\":104,\"height\":156,\"size\":4.44,\"url\":\"/uploads/thumbnail_brian_lawson_j_Rztw_p_Vdyk_unsplash_ee719c57de.jpeg\"},\"medium\":{\"name\":\"medium_brian-lawson-jRztw-pVdyk-unsplash.jpeg\",\"hash\":\"medium_brian_lawson_j_Rztw_p_Vdyk_unsplash_ee719c57de\",\"ext\":\".jpeg\",\"mime\":\"image/jpeg\",\"path\":null,\"width\":500,\"height\":750,\"size\":56.96,\"url\":\"/uploads/medium_brian_lawson_j_Rztw_p_Vdyk_unsplash_ee719c57de.jpeg\"},\"small\":{\"name\":\"small_brian-lawson-jRztw-pVdyk-unsplash.jpeg\",\"hash\":\"small_brian_lawson_j_Rztw_p_Vdyk_unsplash_ee719c57de\",\"ext\":\".jpeg\",\"mime\":\"image/jpeg\",\"path\":null,\"width\":333,\"height\":500,\"size\":28.8,\"url\":\"/uploads/small_brian_lawson_j_Rztw_p_Vdyk_unsplash_ee719c57de.jpeg\"},\"large\":{\"name\":\"large_brian-lawson-jRztw-pVdyk-unsplash.jpeg\",\"hash\":\"large_brian_lawson_j_Rztw_p_Vdyk_unsplash_ee719c57de\",\"ext\":\".jpeg\",\"mime\":\"image/jpeg\",\"path\":null,\"width\":667,\"height\":1000,\"size\":97.14,\"url\":\"/uploads/large_brian_lawson_j_Rztw_p_Vdyk_unsplash_ee719c57de.jpeg\"}}', 'brian_lawson_j_Rztw_p_Vdyk_unsplash_ee719c57de', '.jpeg', 'image/jpeg', '1423.74', '/uploads/brian_lawson_j_Rztw_p_Vdyk_unsplash_ee719c57de.jpeg', NULL, 'local', NULL, '/', '2023-01-21 15:04:12.646000', '2023-01-22 11:38:29.301000', 1, 1),
(202, 'kevin-gil-musngi-eCikWiyY6IY-unsplash.jpeg', NULL, NULL, 1920, 2880, '{\"thumbnail\":{\"name\":\"thumbnail_kevin-gil-musngi-eCikWiyY6IY-unsplash.jpeg\",\"hash\":\"thumbnail_kevin_gil_musngi_e_Cik_Wiy_Y6_IY_unsplash_f90f536ec4\",\"ext\":\".jpeg\",\"mime\":\"image/jpeg\",\"path\":null,\"width\":104,\"height\":156,\"size\":5.35,\"url\":\"/uploads/thumbnail_kevin_gil_musngi_e_Cik_Wiy_Y6_IY_unsplash_f90f536ec4.jpeg\"},\"medium\":{\"name\":\"medium_kevin-gil-musngi-eCikWiyY6IY-unsplash.jpeg\",\"hash\":\"medium_kevin_gil_musngi_e_Cik_Wiy_Y6_IY_unsplash_f90f536ec4\",\"ext\":\".jpeg\",\"mime\":\"image/jpeg\",\"path\":null,\"width\":500,\"height\":750,\"size\":60.39,\"url\":\"/uploads/medium_kevin_gil_musngi_e_Cik_Wiy_Y6_IY_unsplash_f90f536ec4.jpeg\"},\"small\":{\"name\":\"small_kevin-gil-musngi-eCikWiyY6IY-unsplash.jpeg\",\"hash\":\"small_kevin_gil_musngi_e_Cik_Wiy_Y6_IY_unsplash_f90f536ec4\",\"ext\":\".jpeg\",\"mime\":\"image/jpeg\",\"path\":null,\"width\":333,\"height\":500,\"size\":32.54,\"url\":\"/uploads/small_kevin_gil_musngi_e_Cik_Wiy_Y6_IY_unsplash_f90f536ec4.jpeg\"},\"large\":{\"name\":\"large_kevin-gil-musngi-eCikWiyY6IY-unsplash.jpeg\",\"hash\":\"large_kevin_gil_musngi_e_Cik_Wiy_Y6_IY_unsplash_f90f536ec4\",\"ext\":\".jpeg\",\"mime\":\"image/jpeg\",\"path\":null,\"width\":667,\"height\":1000,\"size\":94.37,\"url\":\"/uploads/large_kevin_gil_musngi_e_Cik_Wiy_Y6_IY_unsplash_f90f536ec4.jpeg\"}}', 'kevin_gil_musngi_e_Cik_Wiy_Y6_IY_unsplash_f90f536ec4', '.jpeg', 'image/jpeg', '585.48', '/uploads/kevin_gil_musngi_e_Cik_Wiy_Y6_IY_unsplash_f90f536ec4.jpeg', NULL, 'local', NULL, '/', '2023-01-21 15:04:12.785000', '2023-01-21 15:04:12.785000', 1, 1),
(203, 'suhendro-purnomo-f0oLkvrnVOo-unsplash.jpeg', NULL, NULL, 640, 960, '{\"thumbnail\":{\"name\":\"thumbnail_suhendro-purnomo-f0oLkvrnVOo-unsplash.jpeg\",\"hash\":\"thumbnail_suhendro_purnomo_f0o_Lkvrn_V_Oo_unsplash_9ce1ddf99d\",\"ext\":\".jpeg\",\"mime\":\"image/jpeg\",\"path\":null,\"width\":104,\"height\":156,\"size\":3.99,\"url\":\"/uploads/thumbnail_suhendro_purnomo_f0o_Lkvrn_V_Oo_unsplash_9ce1ddf99d.jpeg\"},\"small\":{\"name\":\"small_suhendro-purnomo-f0oLkvrnVOo-unsplash.jpeg\",\"hash\":\"small_suhendro_purnomo_f0o_Lkvrn_V_Oo_unsplash_9ce1ddf99d\",\"ext\":\".jpeg\",\"mime\":\"image/jpeg\",\"path\":null,\"width\":333,\"height\":500,\"size\":22.72,\"url\":\"/uploads/small_suhendro_purnomo_f0o_Lkvrn_V_Oo_unsplash_9ce1ddf99d.jpeg\"},\"medium\":{\"name\":\"medium_suhendro-purnomo-f0oLkvrnVOo-unsplash.jpeg\",\"hash\":\"medium_suhendro_purnomo_f0o_Lkvrn_V_Oo_unsplash_9ce1ddf99d\",\"ext\":\".jpeg\",\"mime\":\"image/jpeg\",\"path\":null,\"width\":500,\"height\":750,\"size\":41.15,\"url\":\"/uploads/medium_suhendro_purnomo_f0o_Lkvrn_V_Oo_unsplash_9ce1ddf99d.jpeg\"}}', 'suhendro_purnomo_f0o_Lkvrn_V_Oo_unsplash_9ce1ddf99d', '.jpeg', 'image/jpeg', '57.46', '/uploads/suhendro_purnomo_f0o_Lkvrn_V_Oo_unsplash_9ce1ddf99d.jpeg', NULL, 'local', NULL, '/', '2023-01-21 15:04:12.795000', '2023-01-21 15:04:12.795000', 1, 1),
(204, 'taylor-dG4Eb_oC5iM-unsplash.jpeg', NULL, NULL, 640, 800, '{\"thumbnail\":{\"name\":\"thumbnail_taylor-dG4Eb_oC5iM-unsplash.jpeg\",\"hash\":\"thumbnail_taylor_d_G4_Eb_o_C5i_M_unsplash_fbb2a719fb\",\"ext\":\".jpeg\",\"mime\":\"image/jpeg\",\"path\":null,\"width\":125,\"height\":156,\"size\":4.62,\"url\":\"/uploads/thumbnail_taylor_d_G4_Eb_o_C5i_M_unsplash_fbb2a719fb.jpeg\"},\"small\":{\"name\":\"small_taylor-dG4Eb_oC5iM-unsplash.jpeg\",\"hash\":\"small_taylor_d_G4_Eb_o_C5i_M_unsplash_fbb2a719fb\",\"ext\":\".jpeg\",\"mime\":\"image/jpeg\",\"path\":null,\"width\":400,\"height\":500,\"size\":35.66,\"url\":\"/uploads/small_taylor_d_G4_Eb_o_C5i_M_unsplash_fbb2a719fb.jpeg\"},\"medium\":{\"name\":\"medium_taylor-dG4Eb_oC5iM-unsplash.jpeg\",\"hash\":\"medium_taylor_d_G4_Eb_o_C5i_M_unsplash_fbb2a719fb\",\"ext\":\".jpeg\",\"mime\":\"image/jpeg\",\"path\":null,\"width\":600,\"height\":750,\"size\":76.08,\"url\":\"/uploads/medium_taylor_d_G4_Eb_o_C5i_M_unsplash_fbb2a719fb.jpeg\"}}', 'taylor_d_G4_Eb_o_C5i_M_unsplash_fbb2a719fb', '.jpeg', 'image/jpeg', '86.00', '/uploads/taylor_d_G4_Eb_o_C5i_M_unsplash_fbb2a719fb.jpeg', NULL, 'local', NULL, '/', '2023-01-21 15:04:12.900000', '2023-01-21 15:04:12.900000', 1, 1),
(205, 'patrik-velich-v9eKhg8YaOA-unsplash.jpeg', NULL, NULL, 640, 960, '{\"thumbnail\":{\"name\":\"thumbnail_patrik-velich-v9eKhg8YaOA-unsplash.jpeg\",\"hash\":\"thumbnail_patrik_velich_v9e_Khg8_Ya_OA_unsplash_e96526d4b1\",\"ext\":\".jpeg\",\"mime\":\"image/jpeg\",\"path\":null,\"width\":104,\"height\":156,\"size\":4.07,\"url\":\"/uploads/thumbnail_patrik_velich_v9e_Khg8_Ya_OA_unsplash_e96526d4b1.jpeg\"},\"small\":{\"name\":\"small_patrik-velich-v9eKhg8YaOA-unsplash.jpeg\",\"hash\":\"small_patrik_velich_v9e_Khg8_Ya_OA_unsplash_e96526d4b1\",\"ext\":\".jpeg\",\"mime\":\"image/jpeg\",\"path\":null,\"width\":333,\"height\":500,\"size\":22.08,\"url\":\"/uploads/small_patrik_velich_v9e_Khg8_Ya_OA_unsplash_e96526d4b1.jpeg\"},\"medium\":{\"name\":\"medium_patrik-velich-v9eKhg8YaOA-unsplash.jpeg\",\"hash\":\"medium_patrik_velich_v9e_Khg8_Ya_OA_unsplash_e96526d4b1\",\"ext\":\".jpeg\",\"mime\":\"image/jpeg\",\"path\":null,\"width\":500,\"height\":750,\"size\":40.16,\"url\":\"/uploads/medium_patrik_velich_v9e_Khg8_Ya_OA_unsplash_e96526d4b1.jpeg\"}}', 'patrik_velich_v9e_Khg8_Ya_OA_unsplash_e96526d4b1', '.jpeg', 'image/jpeg', '56.12', '/uploads/patrik_velich_v9e_Khg8_Ya_OA_unsplash_e96526d4b1.jpeg', NULL, 'local', NULL, '/', '2023-01-21 15:04:13.009000', '2023-01-21 15:04:13.009000', 1, 1),
(206, 'uji-kanggo-gumilang-sMn0sxR8v2E-unsplash.jpeg', NULL, NULL, 1920, 2880, '{\"thumbnail\":{\"name\":\"thumbnail_uji-kanggo-gumilang-sMn0sxR8v2E-unsplash.jpeg\",\"hash\":\"thumbnail_uji_kanggo_gumilang_s_Mn0sx_R8v2_E_unsplash_48e62aa14e\",\"ext\":\".jpeg\",\"mime\":\"image/jpeg\",\"path\":null,\"width\":104,\"height\":156,\"size\":3.7,\"url\":\"/uploads/thumbnail_uji_kanggo_gumilang_s_Mn0sx_R8v2_E_unsplash_48e62aa14e.jpeg\"},\"small\":{\"name\":\"small_uji-kanggo-gumilang-sMn0sxR8v2E-unsplash.jpeg\",\"hash\":\"small_uji_kanggo_gumilang_s_Mn0sx_R8v2_E_unsplash_48e62aa14e\",\"ext\":\".jpeg\",\"mime\":\"image/jpeg\",\"path\":null,\"width\":333,\"height\":500,\"size\":22.56,\"url\":\"/uploads/small_uji_kanggo_gumilang_s_Mn0sx_R8v2_E_unsplash_48e62aa14e.jpeg\"},\"medium\":{\"name\":\"medium_uji-kanggo-gumilang-sMn0sxR8v2E-unsplash.jpeg\",\"hash\":\"medium_uji_kanggo_gumilang_s_Mn0sx_R8v2_E_unsplash_48e62aa14e\",\"ext\":\".jpeg\",\"mime\":\"image/jpeg\",\"path\":null,\"width\":500,\"height\":750,\"size\":43.65,\"url\":\"/uploads/medium_uji_kanggo_gumilang_s_Mn0sx_R8v2_E_unsplash_48e62aa14e.jpeg\"},\"large\":{\"name\":\"large_uji-kanggo-gumilang-sMn0sxR8v2E-unsplash.jpeg\",\"hash\":\"large_uji_kanggo_gumilang_s_Mn0sx_R8v2_E_unsplash_48e62aa14e\",\"ext\":\".jpeg\",\"mime\":\"image/jpeg\",\"path\":null,\"width\":667,\"height\":1000,\"size\":69.79,\"url\":\"/uploads/large_uji_kanggo_gumilang_s_Mn0sx_R8v2_E_unsplash_48e62aa14e.jpeg\"}}', 'uji_kanggo_gumilang_s_Mn0sx_R8v2_E_unsplash_48e62aa14e', '.jpeg', 'image/jpeg', '363.01', '/uploads/uji_kanggo_gumilang_s_Mn0sx_R8v2_E_unsplash_48e62aa14e.jpeg', NULL, 'local', NULL, '/', '2023-01-21 15:04:13.386000', '2023-01-22 11:18:39.147000', 1, 1),
(207, 'mohammad-faruque-0ZYPu-nLOwU-unsplash.jpeg', NULL, NULL, 1920, 2880, '{\"thumbnail\":{\"name\":\"thumbnail_mohammad-faruque-0ZYPu-nLOwU-unsplash.jpeg\",\"hash\":\"thumbnail_mohammad_faruque_0_ZY_Pu_n_L_Ow_U_unsplash_b9dad54945\",\"ext\":\".jpeg\",\"mime\":\"image/jpeg\",\"path\":null,\"width\":104,\"height\":156,\"size\":4.92,\"url\":\"/uploads/thumbnail_mohammad_faruque_0_ZY_Pu_n_L_Ow_U_unsplash_b9dad54945.jpeg\"},\"small\":{\"name\":\"small_mohammad-faruque-0ZYPu-nLOwU-unsplash.jpeg\",\"hash\":\"small_mohammad_faruque_0_ZY_Pu_n_L_Ow_U_unsplash_b9dad54945\",\"ext\":\".jpeg\",\"mime\":\"image/jpeg\",\"path\":null,\"width\":333,\"height\":500,\"size\":32.12,\"url\":\"/uploads/small_mohammad_faruque_0_ZY_Pu_n_L_Ow_U_unsplash_b9dad54945.jpeg\"},\"medium\":{\"name\":\"medium_mohammad-faruque-0ZYPu-nLOwU-unsplash.jpeg\",\"hash\":\"medium_mohammad_faruque_0_ZY_Pu_n_L_Ow_U_unsplash_b9dad54945\",\"ext\":\".jpeg\",\"mime\":\"image/jpeg\",\"path\":null,\"width\":500,\"height\":750,\"size\":62.65,\"url\":\"/uploads/medium_mohammad_faruque_0_ZY_Pu_n_L_Ow_U_unsplash_b9dad54945.jpeg\"},\"large\":{\"name\":\"large_mohammad-faruque-0ZYPu-nLOwU-unsplash.jpeg\",\"hash\":\"large_mohammad_faruque_0_ZY_Pu_n_L_Ow_U_unsplash_b9dad54945\",\"ext\":\".jpeg\",\"mime\":\"image/jpeg\",\"path\":null,\"width\":667,\"height\":1000,\"size\":101.76,\"url\":\"/uploads/large_mohammad_faruque_0_ZY_Pu_n_L_Ow_U_unsplash_b9dad54945.jpeg\"}}', 'mohammad_faruque_0_ZY_Pu_n_L_Ow_U_unsplash_b9dad54945', '.jpeg', 'image/jpeg', '770.74', '/uploads/mohammad_faruque_0_ZY_Pu_n_L_Ow_U_unsplash_b9dad54945.jpeg', NULL, 'local', NULL, '/', '2023-01-21 15:04:13.511000', '2023-01-21 15:04:13.511000', 1, 1);

-- --------------------------------------------------------

--
-- Table structure for table `files_folder_links`
--

CREATE TABLE `files_folder_links` (
  `id` int(10) UNSIGNED NOT NULL,
  `file_id` int(10) UNSIGNED DEFAULT NULL,
  `folder_id` int(10) UNSIGNED DEFAULT NULL,
  `file_order` int(10) UNSIGNED DEFAULT NULL
) ENGINE=InnoDB DEFAULT CHARSET=utf8mb4 COLLATE=utf8mb4_general_ci;

-- --------------------------------------------------------

--
-- Table structure for table `files_related_morphs`
--

CREATE TABLE `files_related_morphs` (
  `id` int(10) UNSIGNED NOT NULL,
  `file_id` int(10) UNSIGNED DEFAULT NULL,
  `related_id` int(10) UNSIGNED DEFAULT NULL,
  `related_type` varchar(255) DEFAULT NULL,
  `field` varchar(255) DEFAULT NULL,
  `order` int(10) UNSIGNED DEFAULT NULL
) ENGINE=InnoDB DEFAULT CHARSET=utf8mb4 COLLATE=utf8mb4_general_ci;

--
-- Dumping data for table `files_related_morphs`
--

INSERT INTO `files_related_morphs` (`id`, `file_id`, `related_id`, `related_type`, `field`, `order`) VALUES
(1, 184, 1, 'api::category.category', 'image', 1),
(2, 85, 2, 'api::category.category', 'image', 1),
(3, 186, 3, 'api::category.category', 'image', 1),
(32, 77, 3, 'api::product.product', 'productImage', 1),
(33, 76, 3, 'api::product.product', 'productImage', 2),
(34, 74, 3, 'api::product.product', 'productImage', 3),
(35, 59, 3, 'api::product.product', 'productImage', 4),
(40, 179, 4, 'api::category.category', 'image', 1),
(41, 131, 5, 'api::category.category', 'image', 1),
(54, 206, 7, 'api::product.product', 'productImage', 1),
(55, 57, 7, 'api::product.product', 'productImage', 2),
(56, 58, 7, 'api::product.product', 'productImage', 3),
(57, 54, 7, 'api::product.product', 'productImage', 4),
(71, 199, 10, 'api::product.product', 'productImage', 1),
(72, 202, 10, 'api::product.product', 'productImage', 2),
(73, 51, 10, 'api::product.product', 'productImage', 3),
(84, 69, 12, 'api::product.product', 'productImage', 1),
(85, 64, 12, 'api::product.product', 'productImage', 2),
(86, 60, 12, 'api::product.product', 'productImage', 3),
(87, 62, 12, 'api::product.product', 'productImage', 4),
(88, 202, 13, 'api::product.product', 'productImage', 1),
(89, 203, 13, 'api::product.product', 'productImage', 2),
(90, 205, 13, 'api::product.product', 'productImage', 3),
(91, 207, 13, 'api::product.product', 'productImage', 4),
(92, 200, 13, 'api::product.product', 'productImage', 5),
(93, 186, 2, 'api::product.product', 'productImage', 1),
(94, 185, 2, 'api::product.product', 'productImage', 2),
(95, 181, 2, 'api::product.product', 'productImage', 3),
(96, 180, 2, 'api::product.product', 'productImage', 4),
(97, 77, 1, 'api::product.product', 'productImage', 1),
(98, 76, 1, 'api::product.product', 'productImage', 2),
(99, 74, 1, 'api::product.product', 'productImage', 3),
(100, 59, 1, 'api::product.product', 'productImage', 4),
(101, 60, 8, 'api::product.product', 'productImage', 1),
(102, 61, 8, 'api::product.product', 'productImage', 2),
(103, 58, 8, 'api::product.product', 'productImage', 3),
(104, 54, 8, 'api::product.product', 'productImage', 4),
(105, 192, 11, 'api::product.product', 'productImage', 1),
(106, 184, 11, 'api::product.product', 'productImage', 2),
(107, 183, 11, 'api::product.product', 'productImage', 3),
(108, 176, 11, 'api::product.product', 'productImage', 4),
(109, 178, 11, 'api::product.product', 'productImage', 5),
(110, 173, 11, 'api::product.product', 'productImage', 6),
(111, 198, 9, 'api::product.product', 'productImage', 1),
(112, 199, 9, 'api::product.product', 'productImage', 2),
(113, 206, 9, 'api::product.product', 'productImage', 3),
(114, 108, 4, 'api::product.product', 'productImage', 1),
(115, 109, 4, 'api::product.product', 'productImage', 2),
(116, 112, 4, 'api::product.product', 'productImage', 3),
(117, 113, 4, 'api::product.product', 'productImage', 4),
(118, 198, 5, 'api::product.product', 'productImage', 1),
(119, 199, 5, 'api::product.product', 'productImage', 2),
(120, 200, 5, 'api::product.product', 'productImage', 3),
(121, 201, 5, 'api::product.product', 'productImage', 4),
(122, 62, 6, 'api::product.product', 'productImage', 1),
(123, 63, 6, 'api::product.product', 'productImage', 2),
(124, 64, 6, 'api::product.product', 'productImage', 3),
(125, 67, 6, 'api::product.product', 'productImage', 4);

-- --------------------------------------------------------

--
-- Table structure for table `i18n_locale`
--

CREATE TABLE `i18n_locale` (
  `id` int(10) UNSIGNED NOT NULL,
  `name` varchar(255) DEFAULT NULL,
  `code` varchar(255) DEFAULT NULL,
  `created_at` datetime(6) DEFAULT NULL,
  `updated_at` datetime(6) DEFAULT NULL,
  `created_by_id` int(10) UNSIGNED DEFAULT NULL,
  `updated_by_id` int(10) UNSIGNED DEFAULT NULL
) ENGINE=InnoDB DEFAULT CHARSET=utf8mb4 COLLATE=utf8mb4_general_ci;

--
-- Dumping data for table `i18n_locale`
--

INSERT INTO `i18n_locale` (`id`, `name`, `code`, `created_at`, `updated_at`, `created_by_id`, `updated_by_id`) VALUES
(1, 'English (en)', 'en', '2023-01-21 11:13:36.863000', '2023-01-21 11:13:36.863000', NULL, NULL);

-- --------------------------------------------------------

--
-- Table structure for table `orders`
--

CREATE TABLE `orders` (
  `id` int(10) UNSIGNED NOT NULL,
  `order_id` varchar(255) DEFAULT NULL,
  `created_at` datetime(6) DEFAULT NULL,
  `updated_at` datetime(6) DEFAULT NULL,
  `published_at` datetime(6) DEFAULT NULL,
  `created_by_id` int(10) UNSIGNED DEFAULT NULL,
  `updated_by_id` int(10) UNSIGNED DEFAULT NULL,
  `products` longtext CHARACTER SET utf8mb4 COLLATE utf8mb4_bin DEFAULT NULL CHECK (json_valid(`products`)),
  `user_name` varchar(255) DEFAULT NULL,
  `stripe_session_id` varchar(255) DEFAULT NULL
) ENGINE=InnoDB DEFAULT CHARSET=utf8mb4 COLLATE=utf8mb4_general_ci;

-- --------------------------------------------------------

--
-- Table structure for table `products`
--

CREATE TABLE `products` (
  `id` int(10) UNSIGNED NOT NULL,
  `title` varchar(255) DEFAULT NULL,
  `shortdesc` longtext DEFAULT NULL,
  `long_desc` longtext DEFAULT NULL,
  `color` varchar(255) DEFAULT NULL,
  `regular_price` decimal(10,2) DEFAULT NULL,
  `sale_price` decimal(10,2) DEFAULT NULL,
  `uid` varchar(255) DEFAULT NULL,
  `isfeatured` tinyint(1) DEFAULT NULL,
  `created_at` datetime(6) DEFAULT NULL,
  `updated_at` datetime(6) DEFAULT NULL,
  `published_at` datetime(6) DEFAULT NULL,
  `created_by_id` int(10) UNSIGNED DEFAULT NULL,
  `updated_by_id` int(10) UNSIGNED DEFAULT NULL,
  `is_sale` tinyint(1) DEFAULT NULL,
  `isstock` tinyint(1) DEFAULT NULL,
  `stock_count` bigint(20) DEFAULT NULL
) ENGINE=InnoDB DEFAULT CHARSET=utf8mb4 COLLATE=utf8mb4_general_ci;

--
-- Dumping data for table `products`
--

INSERT INTO `products` (`id`, `title`, `shortdesc`, `long_desc`, `color`, `regular_price`, `sale_price`, `uid`, `isfeatured`, `created_at`, `updated_at`, `published_at`, `created_by_id`, `updated_by_id`, `is_sale`, `isstock`, `stock_count`) VALUES
(1, 'Short hand T shirt One by one', 'Lorem Ipsum is simply dummy text of the printing and typesetting industry. Lorem Ipsum has been the industry\'s standard dummy text ever since the 1500s, when an unknown printer took a galley of type and scrambled it to make a type specimen book. It has survived not only five centuries, but also the leap into electronic typesetting, remaining essentially unchanged. It was popularised in the 1960s with the release of Letraset sheets containing Lorem Ipsum passages, and more recently with desktop publishing software like Aldus PageMaker including versions of Lorem Ipsum.', 'Lorem Ipsum is simply dummy text of the printing and typesetting industry. Lorem Ipsum has been the industry\'s standard dummy text ever since the 1500s, when an unknown printer took a galley of type and scrambled it to make a type specimen book. It has survived not only five centuries, but also the leap into electronic typesetting, remaining essentially unchanged. It was popularised in the 1960s with the release of Letraset sheets containing Lorem Ipsum passages, and more recently with desktop publishing software like Aldus PageMaker including versions of Lorem Ipsum.\nLorem Ipsum is simply dummy text of the printing and typesetting industry. Lorem Ipsum has been the industry\'s standard dummy text ever since the 1500s, when an unknown printer took a galley of type and scrambled it to make a type specimen book. It has survived not only five centuries, but also the leap into electronic typesetting, remaining essentially unchanged. It was popularised in the 1960s with the release of Letraset sheets containing Lorem Ipsum passages, and more recently with desktop publishing software like Aldus PageMaker including versions of Lorem Ipsum.Lorem Ipsum is simply dummy text of the printing and typesetting industry. Lorem Ipsum has been the industry\'s standard dummy text ever since the 1500s, when an unknown printer took a galley of type and scrambled it to make a type specimen book. It has survived not only five centuries, but also the leap into electronic typesetting, remaining essentially unchanged. It was popularised in the 1960s with the release of Letraset sheets containing Lorem Ipsum passages, and more recently with desktop publishing software like Aldus PageMaker including versions of Lorem Ipsum.Lorem Ipsum is simply dummy text of the printing and typesetting industry. Lorem Ipsum has been the industry\'s standard dummy text ever since the 1500s, when an unknown printer took a galley of type and scrambled it to make a type specimen book. It has survived not only five centuries, but also the leap into electronic typesetting, remaining essentially unchanged. It was popularised in the 1960s with the release of Letraset sheets containing Lorem Ipsum passages, and more recently with desktop publishing software like Aldus PageMaker including versions of Lorem Ipsum.Lorem Ipsum is simply dummy text of the printing and typesetting industry. Lorem Ipsum has been the industry\'s standard dummy text ever since the 1500s, when an unknown printer took a galley of type and scrambled it to make a type specimen book. It has survived not only five centuries, but also the leap into electronic typesetting, remaining essentially unchanged. It was popularised in the 1960s with the release of Letraset sheets containing Lorem Ipsum passages, and more recently with desktop publishing software like Aldus PageMaker including versions of Lorem Ipsum.Lorem Ipsum is simply dummy text of the printing and typesetting industry. Lorem Ipsum has been the industry\'s standard dummy text ever since the 1500s, when an unknown printer took a galley of type and scrambled it to make a type specimen book. It has survived not only five centuries, but also the leap into electronic typesetting, remaining essentially unchanged. It was popularised in the 1960s with the release of Letraset sheets containing Lorem Ipsum passages, and more recently with desktop publishing software like Aldus PageMaker including versions of Lorem Ipsum.', 'black', '253.54', '124.33', 'product_00214', 1, '2023-01-21 12:39:57.401000', '2023-01-26 12:03:39.945000', '2023-01-21 12:39:58.949000', 1, 1, 1, 0, NULL),
(2, 'baby Firl Playing in Mattress Having Cool', 'Lorem Ipsum is simply dummy text of the printing and typesetting industry. Lorem Ipsum has been the industry\'s standard dummy text ever since the 1500s, when an unknown printer took a galley of type and scrambled it to make a type specimen book. It has survived not only five centuries, but also the leap into electronic typesetting, remaining essentially unchanged. It was popularised in the 1960s with the release of Letraset sheets containing Lorem Ipsum passages, and more recently with desktop publishing software like Aldus PageMaker including versions of Lorem Ipsum.', 'Lorem Ipsum is simply dummy text of the printing and typesetting industry. Lorem Ipsum has been the industry\'s standard dummy text ever since the 1500s, when an unknown printer took a galley of type and scrambled it to make a type specimen book. It has survived not only five centuries, but also the leap into electronic typesetting, remaining essentially unchanged. It was popularised in the 1960s with the release of Letraset sheets containing Lorem Ipsum passages, and more recently with desktop publishing software like Aldus PageMaker including versions of Lorem Ipsum.\nLorem Ipsum is simply dummy text of the printing and typesetting industry. Lorem Ipsum has been the industry\'s standard dummy text ever since the 1500s, when an unknown printer took a galley of type and scrambled it to make a type specimen book. It has survived not only five centuries, but also the leap into electronic typesetting, remaining essentially unchanged. It was popularised in the 1960s with the release of Letraset sheets containing Lorem Ipsum passages, and more recently with desktop publishing software like Aldus PageMaker including versions of Lorem Ipsum.Lorem Ipsum is simply dummy text of the printing and typesetting industry. Lorem Ipsum has been the industry\'s standard dummy text ever since the 1500s, when an unknown printer took a galley of type and scrambled it to make a type specimen book. It has survived not only five centuries, but also the leap into electronic typesetting, remaining essentially unchanged. It was popularised in the 1960s with the release of Letraset sheets containing Lorem Ipsum passages, and more recently with desktop publishing software like Aldus PageMaker including versions of Lorem Ipsum.Lorem Ipsum is simply dummy text of the printing and typesetting industry. Lorem Ipsum has been the industry\'s standard dummy text ever since the 1500s, when an unknown printer took a galley of type and scrambled it to make a type specimen book. It has survived not only five centuries, but also the leap into electronic typesetting, remaining essentially unchanged. It was popularised in the 1960s with the release of Letraset sheets containing Lorem Ipsum passages, and more recently with desktop publishing software like Aldus PageMaker including versions of Lorem Ipsum.Lorem Ipsum is simply dummy text of the printing and typesetting industry. Lorem Ipsum has been the industry\'s standard dummy text ever since the 1500s, when an unknown printer took a galley of type and scrambled it to make a type specimen book. It has survived not only five centuries, but also the leap into electronic typesetting, remaining essentially unchanged. It was popularised in the 1960s with the release of Letraset sheets containing Lorem Ipsum passages, and more recently with desktop publishing software like Aldus PageMaker including versions of Lorem Ipsum.Lorem Ipsum is simply dummy text of the printing and typesetting industry. Lorem Ipsum has been the industry\'s standard dummy text ever since the 1500s, when an unknown printer took a galley of type and scrambled it to make a type specimen book. It has survived not only five centuries, but also the leap into electronic typesetting, remaining essentially unchanged. It was popularised in the 1960s with the release of Letraset sheets containing Lorem Ipsum passages, and more recently with desktop publishing software like Aldus PageMaker including versions of Lorem Ipsum.', 'yellow', '1254.54', '999.99', 'product-1', 1, '2023-01-21 12:41:57.249000', '2023-01-26 12:01:34.318000', '2023-01-21 12:41:58.561000', 1, 1, 1, 1, NULL),
(3, 'Shirts for Man and Women Both Check it Once', 'Lorem Ipsum is simply dummy text of the printing and typesetting industry. Lorem Ipsum has been the industry\'s standard dummy text ever since the 1500s, when an unknown printer took a galley of type and scrambled it to make a type specimen book. It has survived not only five centuries, but also the leap into electronic typesetting, remaining essentially unchanged. It was popularised in the 1960s with the release of Letraset sheets containing Lorem Ipsum passages, and more recently with desktop publishing software like Aldus PageMaker including versions of Lorem Ipsum.', 'Lorem Ipsum is simply dummy text of the printing and typesetting industry. Lorem Ipsum has been the industry\'s standard dummy text ever since the 1500s, when an unknown printer took a galley of type and scrambled it to make a type specimen book. It has survived not only five centuries, but also the leap into electronic typesetting, remaining essentially unchanged. It was popularised in the 1960s with the release of Letraset sheets containing Lorem Ipsum passages, and more recently with desktop publishing software like Aldus PageMaker including versions of Lorem Ipsum.\nLorem Ipsum is simply dummy text of the printing and typesetting industry. Lorem Ipsum has been the industry\'s standard dummy text ever since the 1500s, when an unknown printer took a galley of type and scrambled it to make a type specimen book. It has survived not only five centuries, but also the leap into electronic typesetting, remaining essentially unchanged. It was popularised in the 1960s with the release of Letraset sheets containing Lorem Ipsum passages, and more recently with desktop publishing software like Aldus PageMaker including versions of Lorem Ipsum.Lorem Ipsum is simply dummy text of the printing and typesetting industry. Lorem Ipsum has been the industry\'s standard dummy text ever since the 1500s, when an unknown printer took a galley of type and scrambled it to make a type specimen book. It has survived not only five centuries, but also the leap into electronic typesetting, remaining essentially unchanged. It was popularised in the 1960s with the release of Letraset sheets containing Lorem Ipsum passages, and more recently with desktop publishing software like Aldus PageMaker including versions of Lorem Ipsum.Lorem Ipsum is simply dummy text of the printing and typesetting industry. Lorem Ipsum has been the industry\'s standard dummy text ever since the 1500s, when an unknown printer took a galley of type and scrambled it to make a type specimen book. It has survived not only five centuries, but also the leap into electronic typesetting, remaining essentially unchanged. It was popularised in the 1960s with the release of Letraset sheets containing Lorem Ipsum passages, and more recently with desktop publishing software like Aldus PageMaker including versions of Lorem Ipsum.Lorem Ipsum is simply dummy text of the printing and typesetting industry. Lorem Ipsum has been the industry\'s standard dummy text ever since the 1500s, when an unknown printer took a galley of type and scrambled it to make a type specimen book. It has survived not only five centuries, but also the leap into electronic typesetting, remaining essentially unchanged. It was popularised in the 1960s with the release of Letraset sheets containing Lorem Ipsum passages, and more recently with desktop publishing software like Aldus PageMaker including versions of Lorem Ipsum.Lorem Ipsum is simply dummy text of the printing and typesetting industry. Lorem Ipsum has been the industry\'s standard dummy text ever since the 1500s, when an unknown printer took a galley of type and scrambled it to make a type specimen book. It has survived not only five centuries, but also the leap into electronic typesetting, remaining essentially unchanged. It was popularised in the 1960s with the release of Letraset sheets containing Lorem Ipsum passages, and more recently with desktop publishing software like Aldus PageMaker including versions of Lorem Ipsum.', 'black', '152.99', '99.99', 'product-2', 1, '2023-01-21 14:35:49.228000', '2023-01-21 15:24:15.733000', '2023-01-21 14:35:50.557000', 1, 1, 1, NULL, NULL),
(4, 'Unstitched Viscose Rayon Suit Fabric Solid', 'Integer sapien libero, malesuada a nisl et, malesuada mollis sem. Duis pharetra efficitur mi, eget convallis sem laoreet non. Nullam a ipsum sem. Maecenas vel lectus sit amet purus bibendum imperdiet ut vel libero. Ut ex eros, dapibus at venenatis eu, laoreet sed eros. Sed dignissim molestie mauris, ac varius eros ullamcorper tincidunt. Sed vitae dapibus metus. Sed tellus dolor, mollis eget lacus eu, maximus elementum urna. Nam quam dolor, vestibulum ac felis vel, semper dignissim justo. Suspendisse id turpis sapien. Integer imperdiet porta nisi, sed rutrum libero scelerisque nec.', 'Integer sapien libero, malesuada a nisl et, malesuada mollis sem. Duis pharetra efficitur mi, eget convallis sem laoreet non. Nullam a ipsum sem. Maecenas vel lectus sit amet purus bibendum imperdiet ut vel libero. Ut ex eros, dapibus at venenatis eu, laoreet sed eros. Sed dignissim molestie mauris, ac varius eros ullamcorper tincidunt. Sed vitae dapibus metus. Sed tellus dolor, mollis eget lacus eu, maximus elementum urna. Nam quam dolor, vestibulum ac felis vel, semper dignissim justo. Suspendisse id turpis sapien. Integer imperdiet porta nisi, sed rutrum libero scelerisque nec.\nInteger sapien libero, malesuada a nisl et, malesuada mollis sem. Duis pharetra efficitur mi, eget convallis sem laoreet non. Nullam a ipsum sem. Maecenas vel lectus sit amet purus bibendum imperdiet ut vel libero. Ut ex eros, dapibus at venenatis eu, laoreet sed eros. Sed dignissim molestie mauris, ac varius eros ullamcorper tincidunt. Sed vitae dapibus metus. Sed tellus dolor, mollis eget lacus eu, maximus elementum urna. Nam quam dolor, vestibulum ac felis vel, semper dignissim justo. Suspendisse id turpis sapien. Integer imperdiet porta nisi, sed rutrum libero scelerisque nec.Integer sapien libero, malesuada a nisl et, malesuada mollis sem. Duis pharetra efficitur mi, eget convallis sem laoreet non. Nullam a ipsum sem. Maecenas vel lectus sit amet purus bibendum imperdiet ut vel libero. Ut ex eros, dapibus at venenatis eu, laoreet sed eros. Sed dignissim molestie mauris, ac varius eros ullamcorper tincidunt. Sed vitae dapibus metus. Sed tellus dolor, mollis eget lacus eu, maximus elementum urna. Nam quam dolor, vestibulum ac felis vel, semper dignissim justo. Suspendisse id turpis sapien. Integer imperdiet porta nisi, sed rutrum libero scelerisque nec.Integer sapien libero, malesuada a nisl et, malesuada mollis sem. Duis pharetra efficitur mi, eget convallis sem laoreet non. Nullam a ipsum sem. Maecenas vel lectus sit amet purus bibendum imperdiet ut vel libero. Ut ex eros, dapibus at venenatis eu, laoreet sed eros. Sed dignissim molestie mauris, ac varius eros ullamcorper tincidunt. Sed vitae dapibus metus. Sed tellus dolor, mollis eget lacus eu, maximus elementum urna. Nam quam dolor, vestibulum ac felis vel, semper dignissim justo. Suspendisse id turpis sapien. Integer imperdiet porta nisi, sed rutrum libero scelerisque nec.\nInteger sapien libero, malesuada a nisl et, malesuada mollis sem. Duis pharetra efficitur mi, eget convallis sem laoreet non. Nullam a ipsum sem. Maecenas vel lectus sit amet purus bibendum imperdiet ut vel libero. Ut ex eros, dapibus at venenatis eu, laoreet sed eros. Sed dignissim molestie mauris, ac varius eros ullamcorper tincidunt. Sed vitae dapibus metus. Sed tellus dolor, mollis eget lacus eu, maximus elementum urna. Nam quam dolor, vestibulum ac felis vel, semper dignissim justo. Suspendisse id turpis sapien. Integer imperdiet porta nisi, sed rutrum libero scelerisque nec.\nInteger sapien libero, malesuada a nisl et, malesuada mollis sem. Duis pharetra efficitur mi, eget convallis sem laoreet non. Nullam a ipsum sem. Maecenas vel lectus sit amet purus bibendum imperdiet ut vel libero. Ut ex eros, dapibus at venenatis eu, laoreet sed eros. Sed dignissim molestie mauris, ac varius eros ullamcorper tincidunt. Sed vitae dapibus metus. Sed tellus dolor, mollis eget lacus eu, maximus elementum urna. Nam quam dolor, vestibulum ac felis vel, semper dignissim justo. Suspendisse id turpis sapien. Integer imperdiet porta nisi, sed rutrum libero scelerisque nec.', 'blue', '235.12', '199.99', 'product-3', 1, '2023-01-21 15:29:48.923000', '2023-01-26 12:06:56.190000', '2023-01-21 15:29:50.052000', 1, 1, 1, 1, NULL),
(5, 'Unstitched Lycra Blend Suit Fabric Solid', 'Integer sapien libero, malesuada a nisl et, malesuada mollis sem. Duis pharetra efficitur mi, eget convallis sem laoreet non. Nullam a ipsum sem. Maecenas vel lectus sit amet purus bibendum imperdiet ut vel libero. Ut ex eros, dapibus at venenatis eu, laoreet sed eros. Sed dignissim molestie mauris, ac varius eros ullamcorper tincidunt. Sed vitae dapibus metus. Sed tellus dolor, mollis eget lacus eu, maximus elementum urna. Nam quam dolor, vestibulum ac felis vel, semper dignissim justo. Suspendisse id turpis sapien. Integer imperdiet porta nisi, sed rutrum libero scelerisque nec.', 'Integer sapien libero, malesuada a nisl et, malesuada mollis sem. Duis pharetra efficitur mi, eget convallis sem laoreet non. Nullam a ipsum sem. Maecenas vel lectus sit amet purus bibendum imperdiet ut vel libero. Ut ex eros, dapibus at venenatis eu, laoreet sed eros. Sed dignissim molestie mauris, ac varius eros ullamcorper tincidunt. Sed vitae dapibus metus. Sed tellus dolor, mollis eget lacus eu, maximus elementum urna. Nam quam dolor, vestibulum ac felis vel, semper dignissim justo. Suspendisse id turpis sapien. Integer imperdiet porta nisi, sed rutrum libero scelerisque nec.\nInteger sapien libero, malesuada a nisl et, malesuada mollis sem. Duis pharetra efficitur mi, eget convallis sem laoreet non. Nullam a ipsum sem. Maecenas vel lectus sit amet purus bibendum imperdiet ut vel libero. Ut ex eros, dapibus at venenatis eu, laoreet sed eros. Sed dignissim molestie mauris, ac varius eros ullamcorper tincidunt. Sed vitae dapibus metus. Sed tellus dolor, mollis eget lacus eu, maximus elementum urna. Nam quam dolor, vestibulum ac felis vel, semper dignissim justo. Suspendisse id turpis sapien. Integer imperdiet porta nisi, sed rutrum libero scelerisque nec.Integer sapien libero, malesuada a nisl et, malesuada mollis sem. Duis pharetra efficitur mi, eget convallis sem laoreet non. Nullam a ipsum sem. Maecenas vel lectus sit amet purus bibendum imperdiet ut vel libero. Ut ex eros, dapibus at venenatis eu, laoreet sed eros. Sed dignissim molestie mauris, ac varius eros ullamcorper tincidunt. Sed vitae dapibus metus. Sed tellus dolor, mollis eget lacus eu, maximus elementum urna. Nam quam dolor, vestibulum ac felis vel, semper dignissim justo. Suspendisse id turpis sapien. Integer imperdiet porta nisi, sed rutrum libero scelerisque nec.Integer sapien libero, malesuada a nisl et, malesuada mollis sem. Duis pharetra efficitur mi, eget convallis sem laoreet non. Nullam a ipsum sem. Maecenas vel lectus sit amet purus bibendum imperdiet ut vel libero. Ut ex eros, dapibus at venenatis eu, laoreet sed eros. Sed dignissim molestie mauris, ac varius eros ullamcorper tincidunt. Sed vitae dapibus metus. Sed tellus dolor, mollis eget lacus eu, maximus elementum urna. Nam quam dolor, vestibulum ac felis vel, semper dignissim justo. Suspendisse id turpis sapien. Integer imperdiet porta nisi, sed rutrum libero scelerisque nec.\nInteger sapien libero, malesuada a nisl et, malesuada mollis sem. Duis pharetra efficitur mi, eget convallis sem laoreet non. Nullam a ipsum sem. Maecenas vel lectus sit amet purus bibendum imperdiet ut vel libero. Ut ex eros, dapibus at venenatis eu, laoreet sed eros. Sed dignissim molestie mauris, ac varius eros ullamcorper tincidunt. Sed vitae dapibus metus. Sed tellus dolor, mollis eget lacus eu, maximus elementum urna. Nam quam dolor, vestibulum ac felis vel, semper dignissim justo. Suspendisse id turpis sapien. Integer imperdiet porta nisi, sed rutrum libero scelerisque nec.\nInteger sapien libero, malesuada a nisl et, malesuada mollis sem. Duis pharetra efficitur mi, eget convallis sem laoreet non. Nullam a ipsum sem. Maecenas vel lectus sit amet purus bibendum imperdiet ut vel libero. Ut ex eros, dapibus at venenatis eu, laoreet sed eros. Sed dignissim molestie mauris, ac varius eros ullamcorper tincidunt. Sed vitae dapibus metus. Sed tellus dolor, mollis eget lacus eu, maximus elementum urna. Nam quam dolor, vestibulum ac felis vel, semper dignissim justo. Suspendisse id turpis sapien. Integer imperdiet porta nisi, sed rutrum libero scelerisque nec.', 'blue', '855.12', '459.99', 'product-4', 1, '2023-01-21 15:30:57.133000', '2023-01-26 12:07:12.137000', '2023-01-21 15:30:58.388000', 1, 1, 1, 0, NULL),
(6, 'Solid/Plain Bollywood Lycra Blend Saree', 'Integer sapien libero, malesuada a nisl et, malesuada mollis sem. Duis pharetra efficitur mi, eget convallis sem laoreet non. Nullam a ipsum sem. Maecenas vel lectus sit amet purus bibendum imperdiet ut vel libero. Ut ex eros, dapibus at venenatis eu, laoreet sed eros. Sed dignissim molestie mauris, ac varius eros ullamcorper tincidunt. Sed vitae dapibus metus. Sed tellus dolor, mollis eget lacus eu, maximus elementum urna. Nam quam dolor, vestibulum ac felis vel, semper dignissim justo. Suspendisse id turpis sapien. Integer imperdiet porta nisi, sed rutrum libero scelerisque nec.', 'Integer sapien libero, malesuada a nisl et, malesuada mollis sem. Duis pharetra efficitur mi, eget convallis sem laoreet non. Nullam a ipsum sem. Maecenas vel lectus sit amet purus bibendum imperdiet ut vel libero. Ut ex eros, dapibus at venenatis eu, laoreet sed eros. Sed dignissim molestie mauris, ac varius eros ullamcorper tincidunt. Sed vitae dapibus metus. Sed tellus dolor, mollis eget lacus eu, maximus elementum urna. Nam quam dolor, vestibulum ac felis vel, semper dignissim justo. Suspendisse id turpis sapien. Integer imperdiet porta nisi, sed rutrum libero scelerisque nec.\nInteger sapien libero, malesuada a nisl et, malesuada mollis sem. Duis pharetra efficitur mi, eget convallis sem laoreet non. Nullam a ipsum sem. Maecenas vel lectus sit amet purus bibendum imperdiet ut vel libero. Ut ex eros, dapibus at venenatis eu, laoreet sed eros. Sed dignissim molestie mauris, ac varius eros ullamcorper tincidunt. Sed vitae dapibus metus. Sed tellus dolor, mollis eget lacus eu, maximus elementum urna. Nam quam dolor, vestibulum ac felis vel, semper dignissim justo. Suspendisse id turpis sapien. Integer imperdiet porta nisi, sed rutrum libero scelerisque nec.Integer sapien libero, malesuada a nisl et, malesuada mollis sem. Duis pharetra efficitur mi, eget convallis sem laoreet non. Nullam a ipsum sem. Maecenas vel lectus sit amet purus bibendum imperdiet ut vel libero. Ut ex eros, dapibus at venenatis eu, laoreet sed eros. Sed dignissim molestie mauris, ac varius eros ullamcorper tincidunt. Sed vitae dapibus metus. Sed tellus dolor, mollis eget lacus eu, maximus elementum urna. Nam quam dolor, vestibulum ac felis vel, semper dignissim justo. Suspendisse id turpis sapien. Integer imperdiet porta nisi, sed rutrum libero scelerisque nec.Integer sapien libero, malesuada a nisl et, malesuada mollis sem. Duis pharetra efficitur mi, eget convallis sem laoreet non. Nullam a ipsum sem. Maecenas vel lectus sit amet purus bibendum imperdiet ut vel libero. Ut ex eros, dapibus at venenatis eu, laoreet sed eros. Sed dignissim molestie mauris, ac varius eros ullamcorper tincidunt. Sed vitae dapibus metus. Sed tellus dolor, mollis eget lacus eu, maximus elementum urna. Nam quam dolor, vestibulum ac felis vel, semper dignissim justo. Suspendisse id turpis sapien. Integer imperdiet porta nisi, sed rutrum libero scelerisque nec.\nInteger sapien libero, malesuada a nisl et, malesuada mollis sem. Duis pharetra efficitur mi, eget convallis sem laoreet non. Nullam a ipsum sem. Maecenas vel lectus sit amet purus bibendum imperdiet ut vel libero. Ut ex eros, dapibus at venenatis eu, laoreet sed eros. Sed dignissim molestie mauris, ac varius eros ullamcorper tincidunt. Sed vitae dapibus metus. Sed tellus dolor, mollis eget lacus eu, maximus elementum urna. Nam quam dolor, vestibulum ac felis vel, semper dignissim justo. Suspendisse id turpis sapien. Integer imperdiet porta nisi, sed rutrum libero scelerisque nec.\nInteger sapien libero, malesuada a nisl et, malesuada mollis sem. Duis pharetra efficitur mi, eget convallis sem laoreet non. Nullam a ipsum sem. Maecenas vel lectus sit amet purus bibendum imperdiet ut vel libero. Ut ex eros, dapibus at venenatis eu, laoreet sed eros. Sed dignissim molestie mauris, ac varius eros ullamcorper tincidunt. Sed vitae dapibus metus. Sed tellus dolor, mollis eget lacus eu, maximus elementum urna. Nam quam dolor, vestibulum ac felis vel, semper dignissim justo. Suspendisse id turpis sapien. Integer imperdiet porta nisi, sed rutrum libero scelerisque nec.', 'blue', '542.12', NULL, 'product-5', 1, '2023-01-21 15:32:03.622000', '2023-01-26 12:07:20.008000', '2023-01-21 15:32:04.701000', 1, 1, NULL, 1, NULL),
(7, 'Rayon Suit Fabric greay', 'Integer sapien libero, malesuada a nisl et, malesuada mollis sem. Duis pharetra efficitur mi, eget convallis sem laoreet non. Nullam a ipsum sem. Maecenas vel lectus sit amet purus bibendum imperdiet ut vel libero. Ut ex eros, dapibus at venenatis eu, laoreet sed eros. Sed dignissim molestie mauris, ac varius eros ullamcorper tincidunt. Sed vitae dapibus metus. Sed tellus dolor, mollis eget lacus eu, maximus elementum urna. Nam quam dolor, vestibulum ac felis vel, semper dignissim justo. Suspendisse id turpis sapien. Integer imperdiet porta nisi, sed rutrum libero scelerisque nec.', 'Integer sapien libero, malesuada a nisl et, malesuada mollis sem. Duis pharetra efficitur mi, eget convallis sem laoreet non. Nullam a ipsum sem. Maecenas vel lectus sit amet purus bibendum imperdiet ut vel libero. Ut ex eros, dapibus at venenatis eu, laoreet sed eros. Sed dignissim molestie mauris, ac varius eros ullamcorper tincidunt. Sed vitae dapibus metus. Sed tellus dolor, mollis eget lacus eu, maximus elementum urna. Nam quam dolor, vestibulum ac felis vel, semper dignissim justo. Suspendisse id turpis sapien. Integer imperdiet porta nisi, sed rutrum libero scelerisque nec.\nInteger sapien libero, malesuada a nisl et, malesuada mollis sem. Duis pharetra efficitur mi, eget convallis sem laoreet non. Nullam a ipsum sem. Maecenas vel lectus sit amet purus bibendum imperdiet ut vel libero. Ut ex eros, dapibus at venenatis eu, laoreet sed eros. Sed dignissim molestie mauris, ac varius eros ullamcorper tincidunt. Sed vitae dapibus metus. Sed tellus dolor, mollis eget lacus eu, maximus elementum urna. Nam quam dolor, vestibulum ac felis vel, semper dignissim justo. Suspendisse id turpis sapien. Integer imperdiet porta nisi, sed rutrum libero scelerisque nec.Integer sapien libero, malesuada a nisl et, malesuada mollis sem. Duis pharetra efficitur mi, eget convallis sem laoreet non. Nullam a ipsum sem. Maecenas vel lectus sit amet purus bibendum imperdiet ut vel libero. Ut ex eros, dapibus at venenatis eu, laoreet sed eros. Sed dignissim molestie mauris, ac varius eros ullamcorper tincidunt. Sed vitae dapibus metus. Sed tellus dolor, mollis eget lacus eu, maximus elementum urna. Nam quam dolor, vestibulum ac felis vel, semper dignissim justo. Suspendisse id turpis sapien. Integer imperdiet porta nisi, sed rutrum libero scelerisque nec.Integer sapien libero, malesuada a nisl et, malesuada mollis sem. Duis pharetra efficitur mi, eget convallis sem laoreet non. Nullam a ipsum sem. Maecenas vel lectus sit amet purus bibendum imperdiet ut vel libero. Ut ex eros, dapibus at venenatis eu, laoreet sed eros. Sed dignissim molestie mauris, ac varius eros ullamcorper tincidunt. Sed vitae dapibus metus. Sed tellus dolor, mollis eget lacus eu, maximus elementum urna. Nam quam dolor, vestibulum ac felis vel, semper dignissim justo. Suspendisse id turpis sapien. Integer imperdiet porta nisi, sed rutrum libero scelerisque nec.\nInteger sapien libero, malesuada a nisl et, malesuada mollis sem. Duis pharetra efficitur mi, eget convallis sem laoreet non. Nullam a ipsum sem. Maecenas vel lectus sit amet purus bibendum imperdiet ut vel libero. Ut ex eros, dapibus at venenatis eu, laoreet sed eros. Sed dignissim molestie mauris, ac varius eros ullamcorper tincidunt. Sed vitae dapibus metus. Sed tellus dolor, mollis eget lacus eu, maximus elementum urna. Nam quam dolor, vestibulum ac felis vel, semper dignissim justo. Suspendisse id turpis sapien. Integer imperdiet porta nisi, sed rutrum libero scelerisque nec.\nInteger sapien libero, malesuada a nisl et, malesuada mollis sem. Duis pharetra efficitur mi, eget convallis sem laoreet non. Nullam a ipsum sem. Maecenas vel lectus sit amet purus bibendum imperdiet ut vel libero. Ut ex eros, dapibus at venenatis eu, laoreet sed eros. Sed dignissim molestie mauris, ac varius eros ullamcorper tincidunt. Sed vitae dapibus metus. Sed tellus dolor, mollis eget lacus eu, maximus elementum urna. Nam quam dolor, vestibulum ac felis vel, semper dignissim justo. Suspendisse id turpis sapien. Integer imperdiet porta nisi, sed rutrum libero scelerisque nec.', 'black', '4578.12', NULL, 'product-6', 1, '2023-01-21 16:22:31.717000', '2023-01-21 16:22:32.649000', '2023-01-21 16:22:32.645000', 1, 1, 1, NULL, NULL),
(8, 'Unstitched Polycotton Suit Fabric Printed', 'Every pack is pre packed with Superior Quality Fancy Poly-Cotton Blended Printed Look Shirt Fabric. The image is for illustration purpose only, Colors of Shirt Fabric will be Slightly Vary Due to Photography and Your Monitor Settings. The Fabric of Shirt is Poly-Cotton Blended Printed Look. The length of Shirt Fabric 2.25 Meters Shirt fabric. It\'s ideal for Personal Use as well as gifting purposes.', 'Type\nSuit Fabric\nSales Package\n1 SHIRT FABRIC\nIdeal For\nMen\nOccasion\nParty & Festive\nFabric Care\nRegular Machine Wash\nOther Details\nWe only provide shirt fabric, not readymade shirts. Fabric length for 2.25 Meter.\nStyle Code\nNEW---MOM-N-DAD---WHITE-01\nTop Length\n2.25 m\nColor\nBlack, Red\nFabric\nPolycotton\nPattern\nPrinted\nStitching Type\nUnstitched\nPattern/Print Type\nDigital Prints\nEvery pack is pre packed with Superior Quality Fancy Poly-Cotton Blended Printed Look Shirt Fabric. The image is for illustration purpose only, Colors of Shirt Fabric will be Slightly Vary Due to Photography and Your Monitor Settings. The Fabric of Shirt is Poly-Cotton Blended Printed Look. The length of Shirt Fabric 2.25 Meters Shirt fabric. It\'s ideal for Personal Use as well as gifting purposes.', 'white', '321.49', NULL, 'product-7', 1, '2023-01-21 20:46:01.396000', '2023-01-26 12:03:47.844000', '2023-01-21 20:46:02.535000', 1, 1, 0, 1, NULL),
(9, 'White Sweater TShirt', 'Donec sollicitudin molestie malesuada. Vivamus suscipit.', 'Quisque velit nisi, pretium ut lacinia in, elementum id enim. Curabitur non nulla sit amet nisl tempus convallis quis ac lectus. Vivamus magna justo, lacinia eget consectetur sed, convallis at tellus.\n', 'black', '124.66', NULL, 'product-8', 1, '2023-01-22 11:18:46.983000', '2023-01-26 12:06:48.463000', '2023-01-22 11:18:48.704000', 1, 1, 0, 1, NULL),
(10, 'Long Tousers for long Journey wise ', 'Lorem Ipsum is simply dummy text of the printing and typesetting industry. Lorem Ipsum has been the industry\'s standard dummy text ever since the 1500s, when an unknown printer took a galley of type and scrambled it to make a type specimen book. It has survived not only five centuries, but also the leap into electronic typesetting, remaining essentially unchanged. It was popularised in the 1960s with the release of Letraset sheets containing Lorem Ipsum passages, and more recently with desktop publishing software like Aldus PageMaker including versions of Lorem Ipsum.', 'Lorem Ipsum is simply dummy text of the printing and typesetting industry. Lorem Ipsum has been the industry\'s standard dummy text ever since the 1500s, when an unknown printer took a galley of type and scrambled it to make a type specimen book. It has survived not only five centuries, but also the leap into electronic typesetting, remaining essentially unchanged. It was popularised in the 1960s with the release of Letraset sheets containing Lorem Ipsum passages, and more recently with desktop publishing software like Aldus PageMaker including versions of Lorem Ipsum.\nLorem Ipsum is simply dummy text of the printing and typesetting industry. Lorem Ipsum has been the industry\'s standard dummy text ever since the 1500s, when an unknown printer took a galley of type and scrambled it to make a type specimen book. It has survived not only five centuries, but also the leap into electronic typesetting, remaining essentially unchanged. It was popularised in the 1960s with the release of Letraset sheets containing Lorem Ipsum passages, and more recently with desktop publishing software like Aldus PageMaker including versions of Lorem Ipsum.Lorem Ipsum is simply dummy text of the printing and typesetting industry. Lorem Ipsum has been the industry\'s standard dummy text ever since the 1500s, when an unknown printer took a galley of type and scrambled it to make a type specimen book. It has survived not only five centuries, but also the leap into electronic typesetting, remaining essentially unchanged. It was popularised in the 1960s with the release of Letraset sheets containing Lorem Ipsum passages, and more recently with desktop publishing software like Aldus PageMaker including versions of Lorem Ipsum.Lorem Ipsum is simply dummy text of the printing and typesetting industry. Lorem Ipsum has been the industry\'s standard dummy text ever since the 1500s, when an unknown printer took a galley of type and scrambled it to make a type specimen book. It has survived not only five centuries, but also the leap into electronic typesetting, remaining essentially unchanged. It was popularised in the 1960s with the release of Letraset sheets containing Lorem Ipsum passages, and more recently with desktop publishing software like Aldus PageMaker including versions of Lorem Ipsum.Lorem Ipsum is simply dummy text of the printing and typesetting industry. Lorem Ipsum has been the industry\'s standard dummy text ever since the 1500s, when an unknown printer took a galley of type and scrambled it to make a type specimen book. It has survived not only five centuries, but also the leap into electronic typesetting, remaining essentially unchanged. It was popularised in the 1960s with the release of Letraset sheets containing Lorem Ipsum passages, and more recently with desktop publishing software like Aldus PageMaker including versions of Lorem Ipsum.Lorem Ipsum is simply dummy text of the printing and typesetting industry. Lorem Ipsum has been the industry\'s standard dummy text ever since the 1500s, when an unknown printer took a galley of type and scrambled it to make a type specimen book. It has survived not only five centuries, but also the leap into electronic typesetting, remaining essentially unchanged. It was popularised in the 1960s with the release of Letraset sheets containing Lorem Ipsum passages, and more recently with desktop publishing software like Aldus PageMaker including versions of Lorem Ipsum.', 'white', '154.97', NULL, 'product-15', 1, '2023-01-22 11:22:35.961000', '2023-01-22 11:32:30.118000', '2023-01-22 11:22:37.562000', 1, 1, 0, NULL, NULL),
(11, 'Yellow hoody Sweater TShirt', 'Donec sollicitudin molestie malesuada. Vivamus suscipit.', 'Quisque velit nisi, pretium ut lacinia in, elementum id enim. Curabitur non nulla sit amet nisl tempus convallis quis ac lectus. Vivamus magna justo, lacinia eget consectetur sed, convallis at tellus.\n', 'yellow', '294.66', '124.99', 'product-9', 0, '2023-01-22 11:34:27.631000', '2023-01-26 12:06:40.051000', '2023-01-22 11:34:29.371000', 1, 1, 0, 1, NULL),
(12, 'Printed Solid Bollywood Lycra Blend Saree', 'Integer sapien libero, malesuada a nisl et, malesuada mollis sem. Duis pharetra efficitur mi, eget convallis sem laoreet non. Nullam a ipsum sem. Maecenas vel lectus sit amet purus bibendum imperdiet ut vel libero. Ut ex eros, dapibus at venenatis eu, laoreet sed eros. Sed dignissim molestie mauris, ac varius eros ullamcorper tincidunt. Sed vitae dapibus metus. Sed tellus dolor, mollis eget lacus eu, maximus elementum urna. Nam quam dolor, vestibulum ac felis vel, semper dignissim justo. Suspendisse id turpis sapien. Integer imperdiet porta nisi, sed rutrum libero scelerisque nec.', 'Integer sapien libero, malesuada a nisl et, malesuada mollis sem. Duis pharetra efficitur mi, eget convallis sem laoreet non. Nullam a ipsum sem. Maecenas vel lectus sit amet purus bibendum imperdiet ut vel libero. Ut ex eros, dapibus at venenatis eu, laoreet sed eros. Sed dignissim molestie mauris, ac varius eros ullamcorper tincidunt. Sed vitae dapibus metus. Sed tellus dolor, mollis eget lacus eu, maximus elementum urna. Nam quam dolor, vestibulum ac felis vel, semper dignissim justo. Suspendisse id turpis sapien. Integer imperdiet porta nisi, sed rutrum libero scelerisque nec.\nInteger sapien libero, malesuada a nisl et, malesuada mollis sem. Duis pharetra efficitur mi, eget convallis sem laoreet non. Nullam a ipsum sem. Maecenas vel lectus sit amet purus bibendum imperdiet ut vel libero. Ut ex eros, dapibus at venenatis eu, laoreet sed eros. Sed dignissim molestie mauris, ac varius eros ullamcorper tincidunt. Sed vitae dapibus metus. Sed tellus dolor, mollis eget lacus eu, maximus elementum urna. Nam quam dolor, vestibulum ac felis vel, semper dignissim justo. Suspendisse id turpis sapien. Integer imperdiet porta nisi, sed rutrum libero scelerisque nec.Integer sapien libero, malesuada a nisl et, malesuada mollis sem. Duis pharetra efficitur mi, eget convallis sem laoreet non. Nullam a ipsum sem. Maecenas vel lectus sit amet purus bibendum imperdiet ut vel libero. Ut ex eros, dapibus at venenatis eu, laoreet sed eros. Sed dignissim molestie mauris, ac varius eros ullamcorper tincidunt. Sed vitae dapibus metus. Sed tellus dolor, mollis eget lacus eu, maximus elementum urna. Nam quam dolor, vestibulum ac felis vel, semper dignissim justo. Suspendisse id turpis sapien. Integer imperdiet porta nisi, sed rutrum libero scelerisque nec.Integer sapien libero, malesuada a nisl et, malesuada mollis sem. Duis pharetra efficitur mi, eget convallis sem laoreet non. Nullam a ipsum sem. Maecenas vel lectus sit amet purus bibendum imperdiet ut vel libero. Ut ex eros, dapibus at venenatis eu, laoreet sed eros. Sed dignissim molestie mauris, ac varius eros ullamcorper tincidunt. Sed vitae dapibus metus. Sed tellus dolor, mollis eget lacus eu, maximus elementum urna. Nam quam dolor, vestibulum ac felis vel, semper dignissim justo. Suspendisse id turpis sapien. Integer imperdiet porta nisi, sed rutrum libero scelerisque nec.\nInteger sapien libero, malesuada a nisl et, malesuada mollis sem. Duis pharetra efficitur mi, eget convallis sem laoreet non. Nullam a ipsum sem. Maecenas vel lectus sit amet purus bibendum imperdiet ut vel libero. Ut ex eros, dapibus at venenatis eu, laoreet sed eros. Sed dignissim molestie mauris, ac varius eros ullamcorper tincidunt. Sed vitae dapibus metus. Sed tellus dolor, mollis eget lacus eu, maximus elementum urna. Nam quam dolor, vestibulum ac felis vel, semper dignissim justo. Suspendisse id turpis sapien. Integer imperdiet porta nisi, sed rutrum libero scelerisque nec.\nInteger sapien libero, malesuada a nisl et, malesuada mollis sem. Duis pharetra efficitur mi, eget convallis sem laoreet non. Nullam a ipsum sem. Maecenas vel lectus sit amet purus bibendum imperdiet ut vel libero. Ut ex eros, dapibus at venenatis eu, laoreet sed eros. Sed dignissim molestie mauris, ac varius eros ullamcorper tincidunt. Sed vitae dapibus metus. Sed tellus dolor, mollis eget lacus eu, maximus elementum urna. Nam quam dolor, vestibulum ac felis vel, semper dignissim justo. Suspendisse id turpis sapien. Integer imperdiet porta nisi, sed rutrum libero scelerisque nec.', 'black', '362.12', '299.00', 'product-11', 0, '2023-01-22 11:35:46.163000', '2023-01-22 11:36:30.367000', '2023-01-22 11:36:30.359000', 1, 1, 1, NULL, NULL),
(13, 'red blue new white along item', 'Donec sollicitudin molestie malesuada. Vivamus suscipit.', 'Quisque velit nisi, pretium ut lacinia in, elementum id enim. Curabitur non nulla sit amet nisl tempus convallis quis ac lectus. Vivamus magna justo, lacinia eget consectetur sed, convallis at tellus.\n', 'yellow', '599.66', '299.99', 'product-10', 0, '2023-01-22 11:38:33.075000', '2023-01-22 11:38:34.541000', '2023-01-22 11:38:34.534000', 1, 1, 1, NULL, NULL);

-- --------------------------------------------------------

--
-- Table structure for table `products_categories_links`
--

CREATE TABLE `products_categories_links` (
  `id` int(10) UNSIGNED NOT NULL,
  `product_id` int(10) UNSIGNED DEFAULT NULL,
  `category_id` int(10) UNSIGNED DEFAULT NULL,
  `category_order` int(10) UNSIGNED DEFAULT NULL,
  `product_order` int(10) UNSIGNED DEFAULT NULL
) ENGINE=InnoDB DEFAULT CHARSET=utf8mb4 COLLATE=utf8mb4_general_ci;

--
-- Dumping data for table `products_categories_links`
--

INSERT INTO `products_categories_links` (`id`, `product_id`, `category_id`, `category_order`, `product_order`) VALUES
(1, 1, 1, 0, 1),
(2, 2, 3, 0, 1),
(3, 3, 2, 0, 1),
(4, 3, 1, 0, 2),
(5, 4, 1, 0, 3),
(6, 5, 1, 0, 4),
(7, 6, 2, 0, 2),
(8, 7, 1, 0, 5),
(9, 8, 1, 0, 6),
(10, 9, 2, 0, 3),
(11, 10, 2, 0, 4),
(12, 11, 2, 0, 5),
(13, 12, 2, 1, 6),
(14, 13, 2, 1, 7);

-- --------------------------------------------------------

--
-- Table structure for table `strapi_api_tokens`
--

CREATE TABLE `strapi_api_tokens` (
  `id` int(10) UNSIGNED NOT NULL,
  `name` varchar(255) DEFAULT NULL,
  `description` varchar(255) DEFAULT NULL,
  `type` varchar(255) DEFAULT NULL,
  `access_key` varchar(255) DEFAULT NULL,
  `last_used_at` datetime(6) DEFAULT NULL,
  `expires_at` datetime(6) DEFAULT NULL,
  `lifespan` bigint(20) DEFAULT NULL,
  `created_at` datetime(6) DEFAULT NULL,
  `updated_at` datetime(6) DEFAULT NULL,
  `created_by_id` int(10) UNSIGNED DEFAULT NULL,
  `updated_by_id` int(10) UNSIGNED DEFAULT NULL
) ENGINE=InnoDB DEFAULT CHARSET=utf8mb4 COLLATE=utf8mb4_general_ci;

--
-- Dumping data for table `strapi_api_tokens`
--

INSERT INTO `strapi_api_tokens` (`id`, `name`, `description`, `type`, `access_key`, `last_used_at`, `expires_at`, `lifespan`, `created_at`, `updated_at`, `created_by_id`, `updated_by_id`) VALUES
(1, 'access', 'used for Read only Access', 'custom', 'f4e8446b4cb9c3d3bcee90350041d4cec3aabde7a92f9e60328cfecd2062980c95627d40c764ee4bf9863de8102ccc902d4ff2f7b9490c87462220688ee0954f', '2023-01-26 14:51:01.162000', NULL, NULL, '2023-01-21 14:27:46.852000', '2023-01-26 14:51:01.162000', NULL, NULL);

-- --------------------------------------------------------

--
-- Table structure for table `strapi_api_token_permissions`
--

CREATE TABLE `strapi_api_token_permissions` (
  `id` int(10) UNSIGNED NOT NULL,
  `action` varchar(255) DEFAULT NULL,
  `created_at` datetime(6) DEFAULT NULL,
  `updated_at` datetime(6) DEFAULT NULL,
  `created_by_id` int(10) UNSIGNED DEFAULT NULL,
  `updated_by_id` int(10) UNSIGNED DEFAULT NULL
) ENGINE=InnoDB DEFAULT CHARSET=utf8mb4 COLLATE=utf8mb4_general_ci;

--
-- Dumping data for table `strapi_api_token_permissions`
--

INSERT INTO `strapi_api_token_permissions` (`id`, `action`, `created_at`, `updated_at`, `created_by_id`, `updated_by_id`) VALUES
(3, 'api::order.order.find', '2023-01-21 14:27:46.867000', '2023-01-21 14:27:46.867000', NULL, NULL),
(4, 'api::order.order.findOne', '2023-01-21 14:27:46.867000', '2023-01-21 14:27:46.867000', NULL, NULL),
(5, 'api::product.product.find', '2023-01-21 14:27:46.867000', '2023-01-21 14:27:46.867000', NULL, NULL),
(6, 'api::product.product.findOne', '2023-01-21 14:27:46.868000', '2023-01-21 14:27:46.868000', NULL, NULL),
(7, 'api::order.order.create', '2023-01-21 14:27:46.868000', '2023-01-21 14:27:46.868000', NULL, NULL),
(8, 'api::order.order.delete', '2023-01-21 14:27:46.868000', '2023-01-21 14:27:46.868000', NULL, NULL),
(9, 'api::order.order.update', '2023-01-21 14:27:46.868000', '2023-01-21 14:27:46.868000', NULL, NULL),
(10, 'plugin::users-permissions.auth.resetPassword', '2023-01-21 14:27:46.868000', '2023-01-21 14:27:46.868000', NULL, NULL),
(11, 'plugin::users-permissions.auth.changePassword', '2023-01-21 14:27:46.868000', '2023-01-21 14:27:46.868000', NULL, NULL),
(12, 'plugin::users-permissions.auth.forgotPassword', '2023-01-21 14:27:46.868000', '2023-01-21 14:27:46.868000', NULL, NULL),
(13, 'plugin::users-permissions.auth.register', '2023-01-21 14:27:46.868000', '2023-01-21 14:27:46.868000', NULL, NULL),
(14, 'plugin::users-permissions.user.update', '2023-01-21 14:27:46.868000', '2023-01-21 14:27:46.868000', NULL, NULL),
(15, 'plugin::upload.content-api.findOne', '2023-01-21 14:27:46.868000', '2023-01-21 14:27:46.868000', NULL, NULL),
(16, 'plugin::upload.content-api.find', '2023-01-21 14:27:46.868000', '2023-01-21 14:27:46.868000', NULL, NULL),
(17, 'plugin::email.email.send', '2023-01-21 14:27:46.868000', '2023-01-21 14:27:46.868000', NULL, NULL),
(18, 'api::cart.cart.find', '2023-01-22 12:36:21.713000', '2023-01-22 12:36:21.713000', NULL, NULL),
(19, 'api::cart.cart.findOne', '2023-01-22 12:36:21.714000', '2023-01-22 12:36:21.714000', NULL, NULL),
(20, 'api::cart.cart.update', '2023-01-22 12:36:21.714000', '2023-01-22 12:36:21.714000', NULL, NULL),
(21, 'api::cart.cart.create', '2023-01-22 12:36:21.714000', '2023-01-22 12:36:21.714000', NULL, NULL),
(22, 'api::cart.cart.delete', '2023-01-22 12:36:21.714000', '2023-01-22 12:36:21.714000', NULL, NULL),
(23, 'plugin::users-permissions.user.create', '2023-01-22 12:55:20.875000', '2023-01-22 12:55:20.875000', NULL, NULL),
(24, 'plugin::users-permissions.user.find', '2023-01-22 12:55:20.875000', '2023-01-22 12:55:20.875000', NULL, NULL),
(25, 'plugin::users-permissions.auth.emailConfirmation', '2023-01-22 12:55:20.875000', '2023-01-22 12:55:20.875000', NULL, NULL),
(26, 'plugin::users-permissions.auth.sendEmailConfirmation', '2023-01-22 12:55:20.875000', '2023-01-22 12:55:20.875000', NULL, NULL),
(27, 'plugin::users-permissions.auth.callback', '2023-01-22 12:55:20.875000', '2023-01-22 12:55:20.875000', NULL, NULL),
(28, 'plugin::users-permissions.auth.connect', '2023-01-22 12:57:55.180000', '2023-01-22 12:57:55.180000', NULL, NULL),
(29, 'plugin::users-permissions.role.createRole', '2023-01-22 12:58:14.119000', '2023-01-22 12:58:14.119000', NULL, NULL),
(30, 'plugin::users-permissions.role.findOne', '2023-01-22 12:58:14.119000', '2023-01-22 12:58:14.119000', NULL, NULL),
(31, 'plugin::users-permissions.role.find', '2023-01-22 12:58:14.119000', '2023-01-22 12:58:14.119000', NULL, NULL),
(32, 'plugin::users-permissions.role.updateRole', '2023-01-22 12:58:14.119000', '2023-01-22 12:58:14.119000', NULL, NULL),
(33, 'plugin::users-permissions.role.deleteRole', '2023-01-22 12:58:14.119000', '2023-01-22 12:58:14.119000', NULL, NULL),
(34, 'plugin::users-permissions.permissions.getPermissions', '2023-01-22 12:58:14.119000', '2023-01-22 12:58:14.119000', NULL, NULL),
(35, 'plugin::users-permissions.user.findOne', '2023-01-22 12:58:14.119000', '2023-01-22 12:58:14.119000', NULL, NULL),
(36, 'plugin::users-permissions.user.count', '2023-01-22 12:58:14.119000', '2023-01-22 12:58:14.119000', NULL, NULL),
(37, 'plugin::users-permissions.user.destroy', '2023-01-22 12:58:14.119000', '2023-01-22 12:58:14.119000', NULL, NULL),
(38, 'plugin::users-permissions.user.me', '2023-01-22 12:58:14.119000', '2023-01-22 12:58:14.119000', NULL, NULL),
(39, 'api::category.category.find', '2023-01-22 13:13:21.125000', '2023-01-22 13:13:21.125000', NULL, NULL),
(40, 'api::category.category.findOne', '2023-01-22 13:13:21.125000', '2023-01-22 13:13:21.125000', NULL, NULL),
(41, 'api::category.category.create', '2023-01-22 13:13:21.125000', '2023-01-22 13:13:21.125000', NULL, NULL),
(42, 'api::category.category.delete', '2023-01-22 13:13:21.125000', '2023-01-22 13:13:21.125000', NULL, NULL),
(43, 'api::product.product.update', '2023-01-22 13:13:21.125000', '2023-01-22 13:13:21.125000', NULL, NULL),
(44, 'api::product.product.create', '2023-01-22 13:13:21.125000', '2023-01-22 13:13:21.125000', NULL, NULL),
(45, 'api::category.category.update', '2023-01-22 13:13:21.125000', '2023-01-22 13:13:21.125000', NULL, NULL),
(46, 'api::product.product.delete', '2023-01-22 13:13:21.125000', '2023-01-22 13:13:21.125000', NULL, NULL),
(47, 'plugin::i18n.locales.listLocales', '2023-01-22 13:13:21.125000', '2023-01-22 13:13:21.125000', NULL, NULL),
(48, 'plugin::content-type-builder.components.getComponents', '2023-01-22 13:13:21.125000', '2023-01-22 13:13:21.125000', NULL, NULL),
(49, 'plugin::content-type-builder.components.getComponent', '2023-01-22 13:13:21.125000', '2023-01-22 13:13:21.125000', NULL, NULL),
(50, 'plugin::content-type-builder.content-types.getContentTypes', '2023-01-22 13:13:21.125000', '2023-01-22 13:13:21.125000', NULL, NULL),
(51, 'plugin::content-type-builder.content-types.getContentType', '2023-01-22 13:13:21.125000', '2023-01-22 13:13:21.125000', NULL, NULL),
(52, 'plugin::upload.content-api.destroy', '2023-01-22 13:13:21.125000', '2023-01-22 13:13:21.125000', NULL, NULL),
(53, 'plugin::upload.content-api.upload', '2023-01-22 13:13:21.125000', '2023-01-22 13:13:21.125000', NULL, NULL);

-- --------------------------------------------------------

--
-- Table structure for table `strapi_api_token_permissions_token_links`
--

CREATE TABLE `strapi_api_token_permissions_token_links` (
  `id` int(10) UNSIGNED NOT NULL,
  `api_token_permission_id` int(10) UNSIGNED DEFAULT NULL,
  `api_token_id` int(10) UNSIGNED DEFAULT NULL,
  `api_token_permission_order` int(10) UNSIGNED DEFAULT NULL
) ENGINE=InnoDB DEFAULT CHARSET=utf8mb4 COLLATE=utf8mb4_general_ci;

--
-- Dumping data for table `strapi_api_token_permissions_token_links`
--

INSERT INTO `strapi_api_token_permissions_token_links` (`id`, `api_token_permission_id`, `api_token_id`, `api_token_permission_order`) VALUES
(3, 4, 1, 1),
(4, 3, 1, 1),
(5, 5, 1, 1),
(6, 7, 1, 1),
(7, 6, 1, 1),
(8, 8, 1, 1),
(9, 9, 1, 1),
(10, 10, 1, 1),
(11, 15, 1, 2),
(12, 11, 1, 2),
(13, 12, 1, 2),
(14, 13, 1, 2),
(15, 14, 1, 2),
(16, 17, 1, 2),
(17, 16, 1, 2),
(18, 18, 1, 3),
(19, 20, 1, 3),
(20, 19, 1, 3),
(21, 21, 1, 3),
(22, 22, 1, 3),
(23, 23, 1, 4),
(24, 24, 1, 4),
(25, 25, 1, 4),
(26, 26, 1, 4),
(27, 27, 1, 5),
(28, 28, 1, 6),
(29, 29, 1, 7),
(30, 30, 1, 7),
(31, 31, 1, 7),
(32, 33, 1, 7),
(33, 32, 1, 7),
(34, 34, 1, 7),
(35, 35, 1, 7),
(36, 36, 1, 7),
(37, 37, 1, 7),
(38, 38, 1, 7),
(39, 39, 1, 8),
(40, 40, 1, 8),
(41, 41, 1, 8),
(42, 42, 1, 8),
(43, 43, 1, 8),
(44, 44, 1, 8),
(45, 45, 1, 8),
(46, 46, 1, 8),
(47, 47, 1, 8),
(48, 48, 1, 8),
(49, 50, 1, 9),
(50, 49, 1, 9),
(51, 51, 1, 9),
(52, 52, 1, 9),
(53, 53, 1, 9);

-- --------------------------------------------------------

--
-- Table structure for table `strapi_core_store_settings`
--

CREATE TABLE `strapi_core_store_settings` (
  `id` int(10) UNSIGNED NOT NULL,
  `key` varchar(255) DEFAULT NULL,
  `value` longtext DEFAULT NULL,
  `type` varchar(255) DEFAULT NULL,
  `environment` varchar(255) DEFAULT NULL,
  `tag` varchar(255) DEFAULT NULL
) ENGINE=InnoDB DEFAULT CHARSET=utf8mb4 COLLATE=utf8mb4_general_ci;

--
-- Dumping data for table `strapi_core_store_settings`
--

INSERT INTO `strapi_core_store_settings` (`id`, `key`, `value`, `type`, `environment`, `tag`) VALUES
(1, 'strapi_content_types_schema', '{\"admin::permission\":{\"collectionName\":\"admin_permissions\",\"info\":{\"name\":\"Permission\",\"description\":\"\",\"singularName\":\"permission\",\"pluralName\":\"permissions\",\"displayName\":\"Permission\"},\"options\":{},\"pluginOptions\":{\"content-manager\":{\"visible\":false},\"content-type-builder\":{\"visible\":false}},\"attributes\":{\"action\":{\"type\":\"string\",\"minLength\":1,\"configurable\":false,\"required\":true},\"subject\":{\"type\":\"string\",\"minLength\":1,\"configurable\":false,\"required\":false},\"properties\":{\"type\":\"json\",\"configurable\":false,\"required\":false,\"default\":{}},\"conditions\":{\"type\":\"json\",\"configurable\":false,\"required\":false,\"default\":[]},\"role\":{\"configurable\":false,\"type\":\"relation\",\"relation\":\"manyToOne\",\"inversedBy\":\"permissions\",\"target\":\"admin::role\"},\"createdAt\":{\"type\":\"datetime\"},\"updatedAt\":{\"type\":\"datetime\"},\"createdBy\":{\"type\":\"relation\",\"relation\":\"oneToOne\",\"target\":\"admin::user\",\"configurable\":false,\"writable\":false,\"visible\":false,\"useJoinTable\":false,\"private\":true},\"updatedBy\":{\"type\":\"relation\",\"relation\":\"oneToOne\",\"target\":\"admin::user\",\"configurable\":false,\"writable\":false,\"visible\":false,\"useJoinTable\":false,\"private\":true}},\"kind\":\"collectionType\",\"__schema__\":{\"collectionName\":\"admin_permissions\",\"info\":{\"name\":\"Permission\",\"description\":\"\",\"singularName\":\"permission\",\"pluralName\":\"permissions\",\"displayName\":\"Permission\"},\"options\":{},\"pluginOptions\":{\"content-manager\":{\"visible\":false},\"content-type-builder\":{\"visible\":false}},\"attributes\":{\"action\":{\"type\":\"string\",\"minLength\":1,\"configurable\":false,\"required\":true},\"subject\":{\"type\":\"string\",\"minLength\":1,\"configurable\":false,\"required\":false},\"properties\":{\"type\":\"json\",\"configurable\":false,\"required\":false,\"default\":{}},\"conditions\":{\"type\":\"json\",\"configurable\":false,\"required\":false,\"default\":[]},\"role\":{\"configurable\":false,\"type\":\"relation\",\"relation\":\"manyToOne\",\"inversedBy\":\"permissions\",\"target\":\"admin::role\"}},\"kind\":\"collectionType\"},\"modelType\":\"contentType\",\"modelName\":\"permission\",\"connection\":\"default\",\"uid\":\"admin::permission\",\"plugin\":\"admin\",\"globalId\":\"AdminPermission\"},\"admin::user\":{\"collectionName\":\"admin_users\",\"info\":{\"name\":\"User\",\"description\":\"\",\"singularName\":\"user\",\"pluralName\":\"users\",\"displayName\":\"User\"},\"pluginOptions\":{\"content-manager\":{\"visible\":false},\"content-type-builder\":{\"visible\":false}},\"attributes\":{\"firstname\":{\"type\":\"string\",\"unique\":false,\"minLength\":1,\"configurable\":false,\"required\":false},\"lastname\":{\"type\":\"string\",\"unique\":false,\"minLength\":1,\"configurable\":false,\"required\":false},\"username\":{\"type\":\"string\",\"unique\":false,\"configurable\":false,\"required\":false},\"email\":{\"type\":\"email\",\"minLength\":6,\"configurable\":false,\"required\":true,\"unique\":true,\"private\":true},\"password\":{\"type\":\"password\",\"minLength\":6,\"configurable\":false,\"required\":false,\"private\":true},\"resetPasswordToken\":{\"type\":\"string\",\"configurable\":false,\"private\":true},\"registrationToken\":{\"type\":\"string\",\"configurable\":false,\"private\":true},\"isActive\":{\"type\":\"boolean\",\"default\":false,\"configurable\":false,\"private\":true},\"roles\":{\"configurable\":false,\"private\":true,\"type\":\"relation\",\"relation\":\"manyToMany\",\"inversedBy\":\"users\",\"target\":\"admin::role\",\"collectionName\":\"strapi_users_roles\"},\"blocked\":{\"type\":\"boolean\",\"default\":false,\"configurable\":false,\"private\":true},\"preferedLanguage\":{\"type\":\"string\",\"configurable\":false,\"required\":false},\"createdAt\":{\"type\":\"datetime\"},\"updatedAt\":{\"type\":\"datetime\"},\"createdBy\":{\"type\":\"relation\",\"relation\":\"oneToOne\",\"target\":\"admin::user\",\"configurable\":false,\"writable\":false,\"visible\":false,\"useJoinTable\":false,\"private\":true},\"updatedBy\":{\"type\":\"relation\",\"relation\":\"oneToOne\",\"target\":\"admin::user\",\"configurable\":false,\"writable\":false,\"visible\":false,\"useJoinTable\":false,\"private\":true}},\"kind\":\"collectionType\",\"__schema__\":{\"collectionName\":\"admin_users\",\"info\":{\"name\":\"User\",\"description\":\"\",\"singularName\":\"user\",\"pluralName\":\"users\",\"displayName\":\"User\"},\"pluginOptions\":{\"content-manager\":{\"visible\":false},\"content-type-builder\":{\"visible\":false}},\"attributes\":{\"firstname\":{\"type\":\"string\",\"unique\":false,\"minLength\":1,\"configurable\":false,\"required\":false},\"lastname\":{\"type\":\"string\",\"unique\":false,\"minLength\":1,\"configurable\":false,\"required\":false},\"username\":{\"type\":\"string\",\"unique\":false,\"configurable\":false,\"required\":false},\"email\":{\"type\":\"email\",\"minLength\":6,\"configurable\":false,\"required\":true,\"unique\":true,\"private\":true},\"password\":{\"type\":\"password\",\"minLength\":6,\"configurable\":false,\"required\":false,\"private\":true},\"resetPasswordToken\":{\"type\":\"string\",\"configurable\":false,\"private\":true},\"registrationToken\":{\"type\":\"string\",\"configurable\":false,\"private\":true},\"isActive\":{\"type\":\"boolean\",\"default\":false,\"configurable\":false,\"private\":true},\"roles\":{\"configurable\":false,\"private\":true,\"type\":\"relation\",\"relation\":\"manyToMany\",\"inversedBy\":\"users\",\"target\":\"admin::role\",\"collectionName\":\"strapi_users_roles\"},\"blocked\":{\"type\":\"boolean\",\"default\":false,\"configurable\":false,\"private\":true},\"preferedLanguage\":{\"type\":\"string\",\"configurable\":false,\"required\":false}},\"kind\":\"collectionType\"},\"modelType\":\"contentType\",\"modelName\":\"user\",\"connection\":\"default\",\"uid\":\"admin::user\",\"plugin\":\"admin\",\"globalId\":\"AdminUser\"},\"admin::role\":{\"collectionName\":\"admin_roles\",\"info\":{\"name\":\"Role\",\"description\":\"\",\"singularName\":\"role\",\"pluralName\":\"roles\",\"displayName\":\"Role\"},\"options\":{},\"pluginOptions\":{\"content-manager\":{\"visible\":false},\"content-type-builder\":{\"visible\":false}},\"attributes\":{\"name\":{\"type\":\"string\",\"minLength\":1,\"unique\":true,\"configurable\":false,\"required\":true},\"code\":{\"type\":\"string\",\"minLength\":1,\"unique\":true,\"configurable\":false,\"required\":true},\"description\":{\"type\":\"string\",\"configurable\":false},\"users\":{\"configurable\":false,\"type\":\"relation\",\"relation\":\"manyToMany\",\"mappedBy\":\"roles\",\"target\":\"admin::user\"},\"permissions\":{\"configurable\":false,\"type\":\"relation\",\"relation\":\"oneToMany\",\"mappedBy\":\"role\",\"target\":\"admin::permission\"},\"createdAt\":{\"type\":\"datetime\"},\"updatedAt\":{\"type\":\"datetime\"},\"createdBy\":{\"type\":\"relation\",\"relation\":\"oneToOne\",\"target\":\"admin::user\",\"configurable\":false,\"writable\":false,\"visible\":false,\"useJoinTable\":false,\"private\":true},\"updatedBy\":{\"type\":\"relation\",\"relation\":\"oneToOne\",\"target\":\"admin::user\",\"configurable\":false,\"writable\":false,\"visible\":false,\"useJoinTable\":false,\"private\":true}},\"kind\":\"collectionType\",\"__schema__\":{\"collectionName\":\"admin_roles\",\"info\":{\"name\":\"Role\",\"description\":\"\",\"singularName\":\"role\",\"pluralName\":\"roles\",\"displayName\":\"Role\"},\"options\":{},\"pluginOptions\":{\"content-manager\":{\"visible\":false},\"content-type-builder\":{\"visible\":false}},\"attributes\":{\"name\":{\"type\":\"string\",\"minLength\":1,\"unique\":true,\"configurable\":false,\"required\":true},\"code\":{\"type\":\"string\",\"minLength\":1,\"unique\":true,\"configurable\":false,\"required\":true},\"description\":{\"type\":\"string\",\"configurable\":false},\"users\":{\"configurable\":false,\"type\":\"relation\",\"relation\":\"manyToMany\",\"mappedBy\":\"roles\",\"target\":\"admin::user\"},\"permissions\":{\"configurable\":false,\"type\":\"relation\",\"relation\":\"oneToMany\",\"mappedBy\":\"role\",\"target\":\"admin::permission\"}},\"kind\":\"collectionType\"},\"modelType\":\"contentType\",\"modelName\":\"role\",\"connection\":\"default\",\"uid\":\"admin::role\",\"plugin\":\"admin\",\"globalId\":\"AdminRole\"},\"admin::api-token\":{\"collectionName\":\"strapi_api_tokens\",\"info\":{\"name\":\"Api Token\",\"singularName\":\"api-token\",\"pluralName\":\"api-tokens\",\"displayName\":\"Api Token\",\"description\":\"\"},\"options\":{},\"pluginOptions\":{\"content-manager\":{\"visible\":false},\"content-type-builder\":{\"visible\":false}},\"attributes\":{\"name\":{\"type\":\"string\",\"minLength\":1,\"configurable\":false,\"required\":true,\"unique\":true},\"description\":{\"type\":\"string\",\"minLength\":1,\"configurable\":false,\"required\":false,\"default\":\"\"},\"type\":{\"type\":\"enumeration\",\"enum\":[\"read-only\",\"full-access\",\"custom\"],\"configurable\":false,\"required\":true,\"default\":\"read-only\"},\"accessKey\":{\"type\":\"string\",\"minLength\":1,\"configurable\":false,\"required\":true},\"lastUsedAt\":{\"type\":\"datetime\",\"configurable\":false,\"required\":false},\"permissions\":{\"type\":\"relation\",\"target\":\"admin::api-token-permission\",\"relation\":\"oneToMany\",\"mappedBy\":\"token\",\"configurable\":false,\"required\":false},\"expiresAt\":{\"type\":\"datetime\",\"configurable\":false,\"required\":false},\"lifespan\":{\"type\":\"biginteger\",\"configurable\":false,\"required\":false},\"createdAt\":{\"type\":\"datetime\"},\"updatedAt\":{\"type\":\"datetime\"},\"createdBy\":{\"type\":\"relation\",\"relation\":\"oneToOne\",\"target\":\"admin::user\",\"configurable\":false,\"writable\":false,\"visible\":false,\"useJoinTable\":false,\"private\":true},\"updatedBy\":{\"type\":\"relation\",\"relation\":\"oneToOne\",\"target\":\"admin::user\",\"configurable\":false,\"writable\":false,\"visible\":false,\"useJoinTable\":false,\"private\":true}},\"kind\":\"collectionType\",\"__schema__\":{\"collectionName\":\"strapi_api_tokens\",\"info\":{\"name\":\"Api Token\",\"singularName\":\"api-token\",\"pluralName\":\"api-tokens\",\"displayName\":\"Api Token\",\"description\":\"\"},\"options\":{},\"pluginOptions\":{\"content-manager\":{\"visible\":false},\"content-type-builder\":{\"visible\":false}},\"attributes\":{\"name\":{\"type\":\"string\",\"minLength\":1,\"configurable\":false,\"required\":true,\"unique\":true},\"description\":{\"type\":\"string\",\"minLength\":1,\"configurable\":false,\"required\":false,\"default\":\"\"},\"type\":{\"type\":\"enumeration\",\"enum\":[\"read-only\",\"full-access\",\"custom\"],\"configurable\":false,\"required\":true,\"default\":\"read-only\"},\"accessKey\":{\"type\":\"string\",\"minLength\":1,\"configurable\":false,\"required\":true},\"lastUsedAt\":{\"type\":\"datetime\",\"configurable\":false,\"required\":false},\"permissions\":{\"type\":\"relation\",\"target\":\"admin::api-token-permission\",\"relation\":\"oneToMany\",\"mappedBy\":\"token\",\"configurable\":false,\"required\":false},\"expiresAt\":{\"type\":\"datetime\",\"configurable\":false,\"required\":false},\"lifespan\":{\"type\":\"biginteger\",\"configurable\":false,\"required\":false}},\"kind\":\"collectionType\"},\"modelType\":\"contentType\",\"modelName\":\"api-token\",\"connection\":\"default\",\"uid\":\"admin::api-token\",\"plugin\":\"admin\",\"globalId\":\"AdminApiToken\"},\"admin::api-token-permission\":{\"collectionName\":\"strapi_api_token_permissions\",\"info\":{\"name\":\"API Token Permission\",\"description\":\"\",\"singularName\":\"api-token-permission\",\"pluralName\":\"api-token-permissions\",\"displayName\":\"API Token Permission\"},\"options\":{},\"pluginOptions\":{\"content-manager\":{\"visible\":false},\"content-type-builder\":{\"visible\":false}},\"attributes\":{\"action\":{\"type\":\"string\",\"minLength\":1,\"configurable\":false,\"required\":true},\"token\":{\"configurable\":false,\"type\":\"relation\",\"relation\":\"manyToOne\",\"inversedBy\":\"permissions\",\"target\":\"admin::api-token\"},\"createdAt\":{\"type\":\"datetime\"},\"updatedAt\":{\"type\":\"datetime\"},\"createdBy\":{\"type\":\"relation\",\"relation\":\"oneToOne\",\"target\":\"admin::user\",\"configurable\":false,\"writable\":false,\"visible\":false,\"useJoinTable\":false,\"private\":true},\"updatedBy\":{\"type\":\"relation\",\"relation\":\"oneToOne\",\"target\":\"admin::user\",\"configurable\":false,\"writable\":false,\"visible\":false,\"useJoinTable\":false,\"private\":true}},\"kind\":\"collectionType\",\"__schema__\":{\"collectionName\":\"strapi_api_token_permissions\",\"info\":{\"name\":\"API Token Permission\",\"description\":\"\",\"singularName\":\"api-token-permission\",\"pluralName\":\"api-token-permissions\",\"displayName\":\"API Token Permission\"},\"options\":{},\"pluginOptions\":{\"content-manager\":{\"visible\":false},\"content-type-builder\":{\"visible\":false}},\"attributes\":{\"action\":{\"type\":\"string\",\"minLength\":1,\"configurable\":false,\"required\":true},\"token\":{\"configurable\":false,\"type\":\"relation\",\"relation\":\"manyToOne\",\"inversedBy\":\"permissions\",\"target\":\"admin::api-token\"}},\"kind\":\"collectionType\"},\"modelType\":\"contentType\",\"modelName\":\"api-token-permission\",\"connection\":\"default\",\"uid\":\"admin::api-token-permission\",\"plugin\":\"admin\",\"globalId\":\"AdminApiTokenPermission\"},\"plugin::upload.file\":{\"collectionName\":\"files\",\"info\":{\"singularName\":\"file\",\"pluralName\":\"files\",\"displayName\":\"File\",\"description\":\"\"},\"options\":{},\"pluginOptions\":{\"content-manager\":{\"visible\":false},\"content-type-builder\":{\"visible\":false}},\"attributes\":{\"name\":{\"type\":\"string\",\"configurable\":false,\"required\":true},\"alternativeText\":{\"type\":\"string\",\"configurable\":false},\"caption\":{\"type\":\"string\",\"configurable\":false},\"width\":{\"type\":\"integer\",\"configurable\":false},\"height\":{\"type\":\"integer\",\"configurable\":false},\"formats\":{\"type\":\"json\",\"configurable\":false},\"hash\":{\"type\":\"string\",\"configurable\":false,\"required\":true},\"ext\":{\"type\":\"string\",\"configurable\":false},\"mime\":{\"type\":\"string\",\"configurable\":false,\"required\":true},\"size\":{\"type\":\"decimal\",\"configurable\":false,\"required\":true},\"url\":{\"type\":\"string\",\"configurable\":false,\"required\":true},\"previewUrl\":{\"type\":\"string\",\"configurable\":false},\"provider\":{\"type\":\"string\",\"configurable\":false,\"required\":true},\"provider_metadata\":{\"type\":\"json\",\"configurable\":false},\"related\":{\"type\":\"relation\",\"relation\":\"morphToMany\",\"configurable\":false},\"folder\":{\"type\":\"relation\",\"relation\":\"manyToOne\",\"target\":\"plugin::upload.folder\",\"inversedBy\":\"files\",\"private\":true},\"folderPath\":{\"type\":\"string\",\"min\":1,\"required\":true,\"private\":true},\"createdAt\":{\"type\":\"datetime\"},\"updatedAt\":{\"type\":\"datetime\"},\"createdBy\":{\"type\":\"relation\",\"relation\":\"oneToOne\",\"target\":\"admin::user\",\"configurable\":false,\"writable\":false,\"visible\":false,\"useJoinTable\":false,\"private\":true},\"updatedBy\":{\"type\":\"relation\",\"relation\":\"oneToOne\",\"target\":\"admin::user\",\"configurable\":false,\"writable\":false,\"visible\":false,\"useJoinTable\":false,\"private\":true}},\"indexes\":[{\"name\":\"upload_files_folder_path_index\",\"columns\":[\"folder_path\"],\"type\":null},{\"name\":\"upload_files_created_at_index\",\"columns\":[\"created_at\"],\"type\":null},{\"name\":\"upload_files_updated_at_index\",\"columns\":[\"updated_at\"],\"type\":null},{\"name\":\"upload_files_name_index\",\"columns\":[\"name\"],\"type\":null},{\"name\":\"upload_files_size_index\",\"columns\":[\"size\"],\"type\":null},{\"name\":\"upload_files_ext_index\",\"columns\":[\"ext\"],\"type\":null}],\"kind\":\"collectionType\",\"__schema__\":{\"collectionName\":\"files\",\"info\":{\"singularName\":\"file\",\"pluralName\":\"files\",\"displayName\":\"File\",\"description\":\"\"},\"options\":{},\"pluginOptions\":{\"content-manager\":{\"visible\":false},\"content-type-builder\":{\"visible\":false}},\"attributes\":{\"name\":{\"type\":\"string\",\"configurable\":false,\"required\":true},\"alternativeText\":{\"type\":\"string\",\"configurable\":false},\"caption\":{\"type\":\"string\",\"configurable\":false},\"width\":{\"type\":\"integer\",\"configurable\":false},\"height\":{\"type\":\"integer\",\"configurable\":false},\"formats\":{\"type\":\"json\",\"configurable\":false},\"hash\":{\"type\":\"string\",\"configurable\":false,\"required\":true},\"ext\":{\"type\":\"string\",\"configurable\":false},\"mime\":{\"type\":\"string\",\"configurable\":false,\"required\":true},\"size\":{\"type\":\"decimal\",\"configurable\":false,\"required\":true},\"url\":{\"type\":\"string\",\"configurable\":false,\"required\":true},\"previewUrl\":{\"type\":\"string\",\"configurable\":false},\"provider\":{\"type\":\"string\",\"configurable\":false,\"required\":true},\"provider_metadata\":{\"type\":\"json\",\"configurable\":false},\"related\":{\"type\":\"relation\",\"relation\":\"morphToMany\",\"configurable\":false},\"folder\":{\"type\":\"relation\",\"relation\":\"manyToOne\",\"target\":\"plugin::upload.folder\",\"inversedBy\":\"files\",\"private\":true},\"folderPath\":{\"type\":\"string\",\"min\":1,\"required\":true,\"private\":true}},\"kind\":\"collectionType\"},\"modelType\":\"contentType\",\"modelName\":\"file\",\"connection\":\"default\",\"uid\":\"plugin::upload.file\",\"plugin\":\"upload\",\"globalId\":\"UploadFile\"},\"plugin::upload.folder\":{\"collectionName\":\"upload_folders\",\"info\":{\"singularName\":\"folder\",\"pluralName\":\"folders\",\"displayName\":\"Folder\"},\"options\":{},\"pluginOptions\":{\"content-manager\":{\"visible\":false},\"content-type-builder\":{\"visible\":false}},\"attributes\":{\"name\":{\"type\":\"string\",\"min\":1,\"required\":true},\"pathId\":{\"type\":\"integer\",\"unique\":true,\"required\":true},\"parent\":{\"type\":\"relation\",\"relation\":\"manyToOne\",\"target\":\"plugin::upload.folder\",\"inversedBy\":\"children\"},\"children\":{\"type\":\"relation\",\"relation\":\"oneToMany\",\"target\":\"plugin::upload.folder\",\"mappedBy\":\"parent\"},\"files\":{\"type\":\"relation\",\"relation\":\"oneToMany\",\"target\":\"plugin::upload.file\",\"mappedBy\":\"folder\"},\"path\":{\"type\":\"string\",\"min\":1,\"required\":true},\"createdAt\":{\"type\":\"datetime\"},\"updatedAt\":{\"type\":\"datetime\"},\"createdBy\":{\"type\":\"relation\",\"relation\":\"oneToOne\",\"target\":\"admin::user\",\"configurable\":false,\"writable\":false,\"visible\":false,\"useJoinTable\":false,\"private\":true},\"updatedBy\":{\"type\":\"relation\",\"relation\":\"oneToOne\",\"target\":\"admin::user\",\"configurable\":false,\"writable\":false,\"visible\":false,\"useJoinTable\":false,\"private\":true}},\"indexes\":[{\"name\":\"upload_folders_path_id_index\",\"columns\":[\"path_id\"],\"type\":\"unique\"},{\"name\":\"upload_folders_path_index\",\"columns\":[\"path\"],\"type\":\"unique\"}],\"kind\":\"collectionType\",\"__schema__\":{\"collectionName\":\"upload_folders\",\"info\":{\"singularName\":\"folder\",\"pluralName\":\"folders\",\"displayName\":\"Folder\"},\"options\":{},\"pluginOptions\":{\"content-manager\":{\"visible\":false},\"content-type-builder\":{\"visible\":false}},\"attributes\":{\"name\":{\"type\":\"string\",\"min\":1,\"required\":true},\"pathId\":{\"type\":\"integer\",\"unique\":true,\"required\":true},\"parent\":{\"type\":\"relation\",\"relation\":\"manyToOne\",\"target\":\"plugin::upload.folder\",\"inversedBy\":\"children\"},\"children\":{\"type\":\"relation\",\"relation\":\"oneToMany\",\"target\":\"plugin::upload.folder\",\"mappedBy\":\"parent\"},\"files\":{\"type\":\"relation\",\"relation\":\"oneToMany\",\"target\":\"plugin::upload.file\",\"mappedBy\":\"folder\"},\"path\":{\"type\":\"string\",\"min\":1,\"required\":true}},\"kind\":\"collectionType\"},\"modelType\":\"contentType\",\"modelName\":\"folder\",\"connection\":\"default\",\"uid\":\"plugin::upload.folder\",\"plugin\":\"upload\",\"globalId\":\"UploadFolder\"},\"plugin::users-permissions.permission\":{\"collectionName\":\"up_permissions\",\"info\":{\"name\":\"permission\",\"description\":\"\",\"singularName\":\"permission\",\"pluralName\":\"permissions\",\"displayName\":\"Permission\"},\"pluginOptions\":{\"content-manager\":{\"visible\":false},\"content-type-builder\":{\"visible\":false}},\"attributes\":{\"action\":{\"type\":\"string\",\"required\":true,\"configurable\":false},\"role\":{\"type\":\"relation\",\"relation\":\"manyToOne\",\"target\":\"plugin::users-permissions.role\",\"inversedBy\":\"permissions\",\"configurable\":false},\"createdAt\":{\"type\":\"datetime\"},\"updatedAt\":{\"type\":\"datetime\"},\"createdBy\":{\"type\":\"relation\",\"relation\":\"oneToOne\",\"target\":\"admin::user\",\"configurable\":false,\"writable\":false,\"visible\":false,\"useJoinTable\":false,\"private\":true},\"updatedBy\":{\"type\":\"relation\",\"relation\":\"oneToOne\",\"target\":\"admin::user\",\"configurable\":false,\"writable\":false,\"visible\":false,\"useJoinTable\":false,\"private\":true}},\"kind\":\"collectionType\",\"__schema__\":{\"collectionName\":\"up_permissions\",\"info\":{\"name\":\"permission\",\"description\":\"\",\"singularName\":\"permission\",\"pluralName\":\"permissions\",\"displayName\":\"Permission\"},\"pluginOptions\":{\"content-manager\":{\"visible\":false},\"content-type-builder\":{\"visible\":false}},\"attributes\":{\"action\":{\"type\":\"string\",\"required\":true,\"configurable\":false},\"role\":{\"type\":\"relation\",\"relation\":\"manyToOne\",\"target\":\"plugin::users-permissions.role\",\"inversedBy\":\"permissions\",\"configurable\":false}},\"kind\":\"collectionType\"},\"modelType\":\"contentType\",\"modelName\":\"permission\",\"connection\":\"default\",\"uid\":\"plugin::users-permissions.permission\",\"plugin\":\"users-permissions\",\"globalId\":\"UsersPermissionsPermission\"},\"plugin::users-permissions.role\":{\"collectionName\":\"up_roles\",\"info\":{\"name\":\"role\",\"description\":\"\",\"singularName\":\"role\",\"pluralName\":\"roles\",\"displayName\":\"Role\"},\"pluginOptions\":{\"content-manager\":{\"visible\":false},\"content-type-builder\":{\"visible\":false}},\"attributes\":{\"name\":{\"type\":\"string\",\"minLength\":3,\"required\":true,\"configurable\":false},\"description\":{\"type\":\"string\",\"configurable\":false},\"type\":{\"type\":\"string\",\"unique\":true,\"configurable\":false},\"permissions\":{\"type\":\"relation\",\"relation\":\"oneToMany\",\"target\":\"plugin::users-permissions.permission\",\"mappedBy\":\"role\",\"configurable\":false},\"users\":{\"type\":\"relation\",\"relation\":\"oneToMany\",\"target\":\"plugin::users-permissions.user\",\"mappedBy\":\"role\",\"configurable\":false},\"createdAt\":{\"type\":\"datetime\"},\"updatedAt\":{\"type\":\"datetime\"},\"createdBy\":{\"type\":\"relation\",\"relation\":\"oneToOne\",\"target\":\"admin::user\",\"configurable\":false,\"writable\":false,\"visible\":false,\"useJoinTable\":false,\"private\":true},\"updatedBy\":{\"type\":\"relation\",\"relation\":\"oneToOne\",\"target\":\"admin::user\",\"configurable\":false,\"writable\":false,\"visible\":false,\"useJoinTable\":false,\"private\":true}},\"kind\":\"collectionType\",\"__schema__\":{\"collectionName\":\"up_roles\",\"info\":{\"name\":\"role\",\"description\":\"\",\"singularName\":\"role\",\"pluralName\":\"roles\",\"displayName\":\"Role\"},\"pluginOptions\":{\"content-manager\":{\"visible\":false},\"content-type-builder\":{\"visible\":false}},\"attributes\":{\"name\":{\"type\":\"string\",\"minLength\":3,\"required\":true,\"configurable\":false},\"description\":{\"type\":\"string\",\"configurable\":false},\"type\":{\"type\":\"string\",\"unique\":true,\"configurable\":false},\"permissions\":{\"type\":\"relation\",\"relation\":\"oneToMany\",\"target\":\"plugin::users-permissions.permission\",\"mappedBy\":\"role\",\"configurable\":false},\"users\":{\"type\":\"relation\",\"relation\":\"oneToMany\",\"target\":\"plugin::users-permissions.user\",\"mappedBy\":\"role\",\"configurable\":false}},\"kind\":\"collectionType\"},\"modelType\":\"contentType\",\"modelName\":\"role\",\"connection\":\"default\",\"uid\":\"plugin::users-permissions.role\",\"plugin\":\"users-permissions\",\"globalId\":\"UsersPermissionsRole\"},\"plugin::users-permissions.user\":{\"collectionName\":\"up_users\",\"info\":{\"name\":\"user\",\"description\":\"\",\"singularName\":\"user\",\"pluralName\":\"users\",\"displayName\":\"User\"},\"options\":{\"draftAndPublish\":false,\"timestamps\":true},\"attributes\":{\"username\":{\"type\":\"string\",\"minLength\":3,\"unique\":true,\"configurable\":false,\"required\":true},\"email\":{\"type\":\"email\",\"minLength\":6,\"configurable\":false,\"required\":true},\"provider\":{\"type\":\"string\",\"configurable\":false},\"password\":{\"type\":\"password\",\"minLength\":6,\"configurable\":false,\"private\":true},\"resetPasswordToken\":{\"type\":\"string\",\"configurable\":false,\"private\":true},\"confirmationToken\":{\"type\":\"string\",\"configurable\":false,\"private\":true},\"confirmed\":{\"type\":\"boolean\",\"default\":false,\"configurable\":false},\"blocked\":{\"type\":\"boolean\",\"default\":false,\"configurable\":false},\"role\":{\"type\":\"relation\",\"relation\":\"manyToOne\",\"target\":\"plugin::users-permissions.role\",\"inversedBy\":\"users\",\"configurable\":false},\"createdAt\":{\"type\":\"datetime\"},\"updatedAt\":{\"type\":\"datetime\"},\"createdBy\":{\"type\":\"relation\",\"relation\":\"oneToOne\",\"target\":\"admin::user\",\"configurable\":false,\"writable\":false,\"visible\":false,\"useJoinTable\":false,\"private\":true},\"updatedBy\":{\"type\":\"relation\",\"relation\":\"oneToOne\",\"target\":\"admin::user\",\"configurable\":false,\"writable\":false,\"visible\":false,\"useJoinTable\":false,\"private\":true}},\"config\":{\"attributes\":{\"resetPasswordToken\":{\"hidden\":true},\"confirmationToken\":{\"hidden\":true},\"provider\":{\"hidden\":true}}},\"kind\":\"collectionType\",\"__filename__\":\"schema.json\",\"__schema__\":{\"collectionName\":\"up_users\",\"info\":{\"name\":\"user\",\"description\":\"\",\"singularName\":\"user\",\"pluralName\":\"users\",\"displayName\":\"User\"},\"options\":{\"draftAndPublish\":false,\"timestamps\":true},\"attributes\":{\"username\":{\"type\":\"string\",\"minLength\":3,\"unique\":true,\"configurable\":false,\"required\":true},\"email\":{\"type\":\"email\",\"minLength\":6,\"configurable\":false,\"required\":true},\"provider\":{\"type\":\"string\",\"configurable\":false},\"password\":{\"type\":\"password\",\"minLength\":6,\"configurable\":false,\"private\":true},\"resetPasswordToken\":{\"type\":\"string\",\"configurable\":false,\"private\":true},\"confirmationToken\":{\"type\":\"string\",\"configurable\":false,\"private\":true},\"confirmed\":{\"type\":\"boolean\",\"default\":false,\"configurable\":false},\"blocked\":{\"type\":\"boolean\",\"default\":false,\"configurable\":false},\"role\":{\"type\":\"relation\",\"relation\":\"manyToOne\",\"target\":\"plugin::users-permissions.role\",\"inversedBy\":\"users\",\"configurable\":false}},\"kind\":\"collectionType\"},\"modelType\":\"contentType\",\"modelName\":\"user\",\"connection\":\"default\",\"uid\":\"plugin::users-permissions.user\",\"plugin\":\"users-permissions\",\"globalId\":\"UsersPermissionsUser\"},\"plugin::i18n.locale\":{\"info\":{\"singularName\":\"locale\",\"pluralName\":\"locales\",\"collectionName\":\"locales\",\"displayName\":\"Locale\",\"description\":\"\"},\"options\":{\"draftAndPublish\":false},\"pluginOptions\":{\"content-manager\":{\"visible\":false},\"content-type-builder\":{\"visible\":false}},\"attributes\":{\"name\":{\"type\":\"string\",\"min\":1,\"max\":50,\"configurable\":false},\"code\":{\"type\":\"string\",\"unique\":true,\"configurable\":false},\"createdAt\":{\"type\":\"datetime\"},\"updatedAt\":{\"type\":\"datetime\"},\"createdBy\":{\"type\":\"relation\",\"relation\":\"oneToOne\",\"target\":\"admin::user\",\"configurable\":false,\"writable\":false,\"visible\":false,\"useJoinTable\":false,\"private\":true},\"updatedBy\":{\"type\":\"relation\",\"relation\":\"oneToOne\",\"target\":\"admin::user\",\"configurable\":false,\"writable\":false,\"visible\":false,\"useJoinTable\":false,\"private\":true}},\"kind\":\"collectionType\",\"__schema__\":{\"info\":{\"singularName\":\"locale\",\"pluralName\":\"locales\",\"collectionName\":\"locales\",\"displayName\":\"Locale\",\"description\":\"\"},\"options\":{\"draftAndPublish\":false},\"pluginOptions\":{\"content-manager\":{\"visible\":false},\"content-type-builder\":{\"visible\":false}},\"attributes\":{\"name\":{\"type\":\"string\",\"min\":1,\"max\":50,\"configurable\":false},\"code\":{\"type\":\"string\",\"unique\":true,\"configurable\":false}},\"kind\":\"collectionType\"},\"modelType\":\"contentType\",\"modelName\":\"locale\",\"connection\":\"default\",\"uid\":\"plugin::i18n.locale\",\"plugin\":\"i18n\",\"collectionName\":\"i18n_locale\",\"globalId\":\"I18NLocale\"},\"api::cart.cart\":{\"kind\":\"collectionType\",\"collectionName\":\"carts\",\"info\":{\"singularName\":\"cart\",\"pluralName\":\"carts\",\"displayName\":\"cart\"},\"options\":{\"draftAndPublish\":true},\"pluginOptions\":{},\"attributes\":{\"userName\":{\"type\":\"string\"},\"products\":{\"type\":\"json\"},\"createdAt\":{\"type\":\"datetime\"},\"updatedAt\":{\"type\":\"datetime\"},\"publishedAt\":{\"type\":\"datetime\",\"configurable\":false,\"writable\":true,\"visible\":false},\"createdBy\":{\"type\":\"relation\",\"relation\":\"oneToOne\",\"target\":\"admin::user\",\"configurable\":false,\"writable\":false,\"visible\":false,\"useJoinTable\":false,\"private\":true},\"updatedBy\":{\"type\":\"relation\",\"relation\":\"oneToOne\",\"target\":\"admin::user\",\"configurable\":false,\"writable\":false,\"visible\":false,\"useJoinTable\":false,\"private\":true}},\"__schema__\":{\"collectionName\":\"carts\",\"info\":{\"singularName\":\"cart\",\"pluralName\":\"carts\",\"displayName\":\"cart\"},\"options\":{\"draftAndPublish\":true},\"pluginOptions\":{},\"attributes\":{\"userName\":{\"type\":\"string\"},\"products\":{\"type\":\"json\"}},\"kind\":\"collectionType\"},\"modelType\":\"contentType\",\"modelName\":\"cart\",\"connection\":\"default\",\"uid\":\"api::cart.cart\",\"apiName\":\"cart\",\"globalId\":\"Cart\",\"actions\":{},\"lifecycles\":{}},\"api::category.category\":{\"kind\":\"collectionType\",\"collectionName\":\"categories\",\"info\":{\"singularName\":\"category\",\"pluralName\":\"categories\",\"displayName\":\"category\"},\"options\":{\"draftAndPublish\":true},\"pluginOptions\":{},\"attributes\":{\"title\":{\"type\":\"string\"},\"desc\":{\"type\":\"richtext\"},\"image\":{\"allowedTypes\":[\"images\",\"files\",\"videos\",\"audios\"],\"type\":\"media\",\"multiple\":false},\"isfeature\":{\"type\":\"boolean\"},\"cateId\":{\"type\":\"uid\"},\"products\":{\"type\":\"relation\",\"relation\":\"manyToMany\",\"target\":\"api::product.product\",\"mappedBy\":\"categories\"},\"createdAt\":{\"type\":\"datetime\"},\"updatedAt\":{\"type\":\"datetime\"},\"publishedAt\":{\"type\":\"datetime\",\"configurable\":false,\"writable\":true,\"visible\":false},\"createdBy\":{\"type\":\"relation\",\"relation\":\"oneToOne\",\"target\":\"admin::user\",\"configurable\":false,\"writable\":false,\"visible\":false,\"useJoinTable\":false,\"private\":true},\"updatedBy\":{\"type\":\"relation\",\"relation\":\"oneToOne\",\"target\":\"admin::user\",\"configurable\":false,\"writable\":false,\"visible\":false,\"useJoinTable\":false,\"private\":true}},\"__schema__\":{\"collectionName\":\"categories\",\"info\":{\"singularName\":\"category\",\"pluralName\":\"categories\",\"displayName\":\"category\"},\"options\":{\"draftAndPublish\":true},\"pluginOptions\":{},\"attributes\":{\"title\":{\"type\":\"string\"},\"desc\":{\"type\":\"richtext\"},\"image\":{\"allowedTypes\":[\"images\",\"files\",\"videos\",\"audios\"],\"type\":\"media\",\"multiple\":false},\"isfeature\":{\"type\":\"boolean\"},\"cateId\":{\"type\":\"uid\"},\"products\":{\"type\":\"relation\",\"relation\":\"manyToMany\",\"target\":\"api::product.product\",\"mappedBy\":\"categories\"}},\"kind\":\"collectionType\"},\"modelType\":\"contentType\",\"modelName\":\"category\",\"connection\":\"default\",\"uid\":\"api::category.category\",\"apiName\":\"category\",\"globalId\":\"Category\",\"actions\":{},\"lifecycles\":{}},\"api::order.order\":{\"kind\":\"collectionType\",\"collectionName\":\"orders\",\"info\":{\"singularName\":\"order\",\"pluralName\":\"orders\",\"displayName\":\"order\",\"description\":\"\"},\"options\":{\"draftAndPublish\":true},\"pluginOptions\":{},\"attributes\":{\"products\":{\"type\":\"json\"},\"orderID\":{\"type\":\"uid\",\"default\":\"GSIDASDE000001\"},\"userName\":{\"type\":\"string\"},\"stripeSessionId\":{\"type\":\"string\"},\"createdAt\":{\"type\":\"datetime\"},\"updatedAt\":{\"type\":\"datetime\"},\"publishedAt\":{\"type\":\"datetime\",\"configurable\":false,\"writable\":true,\"visible\":false},\"createdBy\":{\"type\":\"relation\",\"relation\":\"oneToOne\",\"target\":\"admin::user\",\"configurable\":false,\"writable\":false,\"visible\":false,\"useJoinTable\":false,\"private\":true},\"updatedBy\":{\"type\":\"relation\",\"relation\":\"oneToOne\",\"target\":\"admin::user\",\"configurable\":false,\"writable\":false,\"visible\":false,\"useJoinTable\":false,\"private\":true}},\"__schema__\":{\"collectionName\":\"orders\",\"info\":{\"singularName\":\"order\",\"pluralName\":\"orders\",\"displayName\":\"order\",\"description\":\"\"},\"options\":{\"draftAndPublish\":true},\"pluginOptions\":{},\"attributes\":{\"products\":{\"type\":\"json\"},\"orderID\":{\"type\":\"uid\",\"default\":\"GSIDASDE000001\"},\"userName\":{\"type\":\"string\"},\"stripeSessionId\":{\"type\":\"string\"}},\"kind\":\"collectionType\"},\"modelType\":\"contentType\",\"modelName\":\"order\",\"connection\":\"default\",\"uid\":\"api::order.order\",\"apiName\":\"order\",\"globalId\":\"Order\",\"actions\":{},\"lifecycles\":{}},\"api::product.product\":{\"kind\":\"collectionType\",\"collectionName\":\"products\",\"info\":{\"singularName\":\"product\",\"pluralName\":\"products\",\"displayName\":\"product\",\"description\":\"\"},\"options\":{\"draftAndPublish\":true},\"pluginOptions\":{},\"attributes\":{\"title\":{\"type\":\"string\"},\"shortdesc\":{\"type\":\"richtext\"},\"longDesc\":{\"type\":\"richtext\"},\"color\":{\"type\":\"enumeration\",\"enum\":[\"red\",\"blue\",\"yellow\",\"black\",\"white\"],\"default\":\"yellow\"},\"regularPrice\":{\"type\":\"decimal\"},\"salePrice\":{\"type\":\"decimal\"},\"uid\":{\"type\":\"uid\"},\"isfeatured\":{\"type\":\"boolean\",\"default\":false},\"productImage\":{\"type\":\"media\",\"multiple\":true,\"required\":false,\"allowedTypes\":[\"images\",\"files\",\"videos\",\"audios\"]},\"categories\":{\"type\":\"relation\",\"relation\":\"manyToMany\",\"target\":\"api::category.category\",\"inversedBy\":\"products\"},\"isSale\":{\"type\":\"boolean\"},\"isstock\":{\"type\":\"boolean\",\"default\":true},\"stockCount\":{\"type\":\"biginteger\",\"default\":\"26\",\"min\":\"1\"},\"createdAt\":{\"type\":\"datetime\"},\"updatedAt\":{\"type\":\"datetime\"},\"publishedAt\":{\"type\":\"datetime\",\"configurable\":false,\"writable\":true,\"visible\":false},\"createdBy\":{\"type\":\"relation\",\"relation\":\"oneToOne\",\"target\":\"admin::user\",\"configurable\":false,\"writable\":false,\"visible\":false,\"useJoinTable\":false,\"private\":true},\"updatedBy\":{\"type\":\"relation\",\"relation\":\"oneToOne\",\"target\":\"admin::user\",\"configurable\":false,\"writable\":false,\"visible\":false,\"useJoinTable\":false,\"private\":true}},\"__schema__\":{\"collectionName\":\"products\",\"info\":{\"singularName\":\"product\",\"pluralName\":\"products\",\"displayName\":\"product\",\"description\":\"\"},\"options\":{\"draftAndPublish\":true},\"pluginOptions\":{},\"attributes\":{\"title\":{\"type\":\"string\"},\"shortdesc\":{\"type\":\"richtext\"},\"longDesc\":{\"type\":\"richtext\"},\"color\":{\"type\":\"enumeration\",\"enum\":[\"red\",\"blue\",\"yellow\",\"black\",\"white\"],\"default\":\"yellow\"},\"regularPrice\":{\"type\":\"decimal\"},\"salePrice\":{\"type\":\"decimal\"},\"uid\":{\"type\":\"uid\"},\"isfeatured\":{\"type\":\"boolean\",\"default\":false},\"productImage\":{\"type\":\"media\",\"multiple\":true,\"required\":false,\"allowedTypes\":[\"images\",\"files\",\"videos\",\"audios\"]},\"categories\":{\"type\":\"relation\",\"relation\":\"manyToMany\",\"target\":\"api::category.category\",\"inversedBy\":\"products\"},\"isSale\":{\"type\":\"boolean\"},\"isstock\":{\"type\":\"boolean\",\"default\":true},\"stockCount\":{\"type\":\"biginteger\",\"default\":\"26\",\"min\":\"1\"}},\"kind\":\"collectionType\"},\"modelType\":\"contentType\",\"modelName\":\"product\",\"connection\":\"default\",\"uid\":\"api::product.product\",\"apiName\":\"product\",\"globalId\":\"Product\",\"actions\":{},\"lifecycles\":{}},\"api::wishlist.wishlist\":{\"kind\":\"collectionType\",\"collectionName\":\"wishlists\",\"info\":{\"singularName\":\"wishlist\",\"pluralName\":\"wishlists\",\"displayName\":\"wishlist\"},\"options\":{\"draftAndPublish\":true},\"pluginOptions\":{},\"attributes\":{\"user\":{\"type\":\"string\"},\"wishlistData\":{\"type\":\"json\"},\"createdAt\":{\"type\":\"datetime\"},\"updatedAt\":{\"type\":\"datetime\"},\"publishedAt\":{\"type\":\"datetime\",\"configurable\":false,\"writable\":true,\"visible\":false},\"createdBy\":{\"type\":\"relation\",\"relation\":\"oneToOne\",\"target\":\"admin::user\",\"configurable\":false,\"writable\":false,\"visible\":false,\"useJoinTable\":false,\"private\":true},\"updatedBy\":{\"type\":\"relation\",\"relation\":\"oneToOne\",\"target\":\"admin::user\",\"configurable\":false,\"writable\":false,\"visible\":false,\"useJoinTable\":false,\"private\":true}},\"__schema__\":{\"collectionName\":\"wishlists\",\"info\":{\"singularName\":\"wishlist\",\"pluralName\":\"wishlists\",\"displayName\":\"wishlist\"},\"options\":{\"draftAndPublish\":true},\"pluginOptions\":{},\"attributes\":{\"user\":{\"type\":\"string\"},\"wishlistData\":{\"type\":\"json\"}},\"kind\":\"collectionType\"},\"modelType\":\"contentType\",\"modelName\":\"wishlist\",\"connection\":\"default\",\"uid\":\"api::wishlist.wishlist\",\"apiName\":\"wishlist\",\"globalId\":\"Wishlist\",\"actions\":{},\"lifecycles\":{}}}', 'object', NULL, NULL),
(2, 'plugin_content_manager_configuration_content_types::admin::permission', '{\"uid\":\"admin::permission\",\"settings\":{\"bulkable\":true,\"filterable\":true,\"searchable\":true,\"pageSize\":10,\"mainField\":\"action\",\"defaultSortBy\":\"action\",\"defaultSortOrder\":\"ASC\"},\"metadatas\":{\"id\":{\"edit\":{},\"list\":{\"label\":\"id\",\"searchable\":true,\"sortable\":true}},\"action\":{\"edit\":{\"label\":\"action\",\"description\":\"\",\"placeholder\":\"\",\"visible\":true,\"editable\":true},\"list\":{\"label\":\"action\",\"searchable\":true,\"sortable\":true}},\"subject\":{\"edit\":{\"label\":\"subject\",\"description\":\"\",\"placeholder\":\"\",\"visible\":true,\"editable\":true},\"list\":{\"label\":\"subject\",\"searchable\":true,\"sortable\":true}},\"properties\":{\"edit\":{\"label\":\"properties\",\"description\":\"\",\"placeholder\":\"\",\"visible\":true,\"editable\":true},\"list\":{\"label\":\"properties\",\"searchable\":false,\"sortable\":false}},\"conditions\":{\"edit\":{\"label\":\"conditions\",\"description\":\"\",\"placeholder\":\"\",\"visible\":true,\"editable\":true},\"list\":{\"label\":\"conditions\",\"searchable\":false,\"sortable\":false}},\"role\":{\"edit\":{\"label\":\"role\",\"description\":\"\",\"placeholder\":\"\",\"visible\":true,\"editable\":true,\"mainField\":\"name\"},\"list\":{\"label\":\"role\",\"searchable\":true,\"sortable\":true}},\"createdAt\":{\"edit\":{\"label\":\"createdAt\",\"description\":\"\",\"placeholder\":\"\",\"visible\":false,\"editable\":true},\"list\":{\"label\":\"createdAt\",\"searchable\":true,\"sortable\":true}},\"updatedAt\":{\"edit\":{\"label\":\"updatedAt\",\"description\":\"\",\"placeholder\":\"\",\"visible\":false,\"editable\":true},\"list\":{\"label\":\"updatedAt\",\"searchable\":true,\"sortable\":true}}},\"layouts\":{\"list\":[\"id\",\"action\",\"subject\",\"role\"],\"edit\":[[{\"name\":\"action\",\"size\":6},{\"name\":\"subject\",\"size\":6}],[{\"name\":\"properties\",\"size\":12}],[{\"name\":\"conditions\",\"size\":12}],[{\"name\":\"role\",\"size\":6}]]}}', 'object', NULL, NULL),
(3, 'plugin_content_manager_configuration_content_types::admin::user', '{\"uid\":\"admin::user\",\"settings\":{\"bulkable\":true,\"filterable\":true,\"searchable\":true,\"pageSize\":10,\"mainField\":\"firstname\",\"defaultSortBy\":\"firstname\",\"defaultSortOrder\":\"ASC\"},\"metadatas\":{\"id\":{\"edit\":{},\"list\":{\"label\":\"id\",\"searchable\":true,\"sortable\":true}},\"firstname\":{\"edit\":{\"label\":\"firstname\",\"description\":\"\",\"placeholder\":\"\",\"visible\":true,\"editable\":true},\"list\":{\"label\":\"firstname\",\"searchable\":true,\"sortable\":true}},\"lastname\":{\"edit\":{\"label\":\"lastname\",\"description\":\"\",\"placeholder\":\"\",\"visible\":true,\"editable\":true},\"list\":{\"label\":\"lastname\",\"searchable\":true,\"sortable\":true}},\"username\":{\"edit\":{\"label\":\"username\",\"description\":\"\",\"placeholder\":\"\",\"visible\":true,\"editable\":true},\"list\":{\"label\":\"username\",\"searchable\":true,\"sortable\":true}},\"email\":{\"edit\":{\"label\":\"email\",\"description\":\"\",\"placeholder\":\"\",\"visible\":true,\"editable\":true},\"list\":{\"label\":\"email\",\"searchable\":true,\"sortable\":true}},\"password\":{\"edit\":{\"label\":\"password\",\"description\":\"\",\"placeholder\":\"\",\"visible\":true,\"editable\":true},\"list\":{\"label\":\"password\",\"searchable\":true,\"sortable\":true}},\"resetPasswordToken\":{\"edit\":{\"label\":\"resetPasswordToken\",\"description\":\"\",\"placeholder\":\"\",\"visible\":true,\"editable\":true},\"list\":{\"label\":\"resetPasswordToken\",\"searchable\":true,\"sortable\":true}},\"registrationToken\":{\"edit\":{\"label\":\"registrationToken\",\"description\":\"\",\"placeholder\":\"\",\"visible\":true,\"editable\":true},\"list\":{\"label\":\"registrationToken\",\"searchable\":true,\"sortable\":true}},\"isActive\":{\"edit\":{\"label\":\"isActive\",\"description\":\"\",\"placeholder\":\"\",\"visible\":true,\"editable\":true},\"list\":{\"label\":\"isActive\",\"searchable\":true,\"sortable\":true}},\"roles\":{\"edit\":{\"label\":\"roles\",\"description\":\"\",\"placeholder\":\"\",\"visible\":true,\"editable\":true,\"mainField\":\"name\"},\"list\":{\"label\":\"roles\",\"searchable\":false,\"sortable\":false}},\"blocked\":{\"edit\":{\"label\":\"blocked\",\"description\":\"\",\"placeholder\":\"\",\"visible\":true,\"editable\":true},\"list\":{\"label\":\"blocked\",\"searchable\":true,\"sortable\":true}},\"preferedLanguage\":{\"edit\":{\"label\":\"preferedLanguage\",\"description\":\"\",\"placeholder\":\"\",\"visible\":true,\"editable\":true},\"list\":{\"label\":\"preferedLanguage\",\"searchable\":true,\"sortable\":true}},\"createdAt\":{\"edit\":{\"label\":\"createdAt\",\"description\":\"\",\"placeholder\":\"\",\"visible\":false,\"editable\":true},\"list\":{\"label\":\"createdAt\",\"searchable\":true,\"sortable\":true}},\"updatedAt\":{\"edit\":{\"label\":\"updatedAt\",\"description\":\"\",\"placeholder\":\"\",\"visible\":false,\"editable\":true},\"list\":{\"label\":\"updatedAt\",\"searchable\":true,\"sortable\":true}}},\"layouts\":{\"list\":[\"id\",\"firstname\",\"lastname\",\"username\"],\"edit\":[[{\"name\":\"firstname\",\"size\":6},{\"name\":\"lastname\",\"size\":6}],[{\"name\":\"username\",\"size\":6},{\"name\":\"email\",\"size\":6}],[{\"name\":\"password\",\"size\":6},{\"name\":\"resetPasswordToken\",\"size\":6}],[{\"name\":\"registrationToken\",\"size\":6},{\"name\":\"isActive\",\"size\":4}],[{\"name\":\"roles\",\"size\":6},{\"name\":\"blocked\",\"size\":4}],[{\"name\":\"preferedLanguage\",\"size\":6}]]}}', 'object', NULL, NULL),
(4, 'plugin_content_manager_configuration_content_types::admin::role', '{\"uid\":\"admin::role\",\"settings\":{\"bulkable\":true,\"filterable\":true,\"searchable\":true,\"pageSize\":10,\"mainField\":\"name\",\"defaultSortBy\":\"name\",\"defaultSortOrder\":\"ASC\"},\"metadatas\":{\"id\":{\"edit\":{},\"list\":{\"label\":\"id\",\"searchable\":true,\"sortable\":true}},\"name\":{\"edit\":{\"label\":\"name\",\"description\":\"\",\"placeholder\":\"\",\"visible\":true,\"editable\":true},\"list\":{\"label\":\"name\",\"searchable\":true,\"sortable\":true}},\"code\":{\"edit\":{\"label\":\"code\",\"description\":\"\",\"placeholder\":\"\",\"visible\":true,\"editable\":true},\"list\":{\"label\":\"code\",\"searchable\":true,\"sortable\":true}},\"description\":{\"edit\":{\"label\":\"description\",\"description\":\"\",\"placeholder\":\"\",\"visible\":true,\"editable\":true},\"list\":{\"label\":\"description\",\"searchable\":true,\"sortable\":true}},\"users\":{\"edit\":{\"label\":\"users\",\"description\":\"\",\"placeholder\":\"\",\"visible\":true,\"editable\":true,\"mainField\":\"firstname\"},\"list\":{\"label\":\"users\",\"searchable\":false,\"sortable\":false}},\"permissions\":{\"edit\":{\"label\":\"permissions\",\"description\":\"\",\"placeholder\":\"\",\"visible\":true,\"editable\":true,\"mainField\":\"action\"},\"list\":{\"label\":\"permissions\",\"searchable\":false,\"sortable\":false}},\"createdAt\":{\"edit\":{\"label\":\"createdAt\",\"description\":\"\",\"placeholder\":\"\",\"visible\":false,\"editable\":true},\"list\":{\"label\":\"createdAt\",\"searchable\":true,\"sortable\":true}},\"updatedAt\":{\"edit\":{\"label\":\"updatedAt\",\"description\":\"\",\"placeholder\":\"\",\"visible\":false,\"editable\":true},\"list\":{\"label\":\"updatedAt\",\"searchable\":true,\"sortable\":true}}},\"layouts\":{\"list\":[\"id\",\"name\",\"code\",\"description\"],\"edit\":[[{\"name\":\"name\",\"size\":6},{\"name\":\"code\",\"size\":6}],[{\"name\":\"description\",\"size\":6},{\"name\":\"users\",\"size\":6}],[{\"name\":\"permissions\",\"size\":6}]]}}', 'object', NULL, NULL),
(5, 'plugin_content_manager_configuration_content_types::admin::api-token', '{\"uid\":\"admin::api-token\",\"settings\":{\"bulkable\":true,\"filterable\":true,\"searchable\":true,\"pageSize\":10,\"mainField\":\"name\",\"defaultSortBy\":\"name\",\"defaultSortOrder\":\"ASC\"},\"metadatas\":{\"id\":{\"edit\":{},\"list\":{\"label\":\"id\",\"searchable\":true,\"sortable\":true}},\"name\":{\"edit\":{\"label\":\"name\",\"description\":\"\",\"placeholder\":\"\",\"visible\":true,\"editable\":true},\"list\":{\"label\":\"name\",\"searchable\":true,\"sortable\":true}},\"description\":{\"edit\":{\"label\":\"description\",\"description\":\"\",\"placeholder\":\"\",\"visible\":true,\"editable\":true},\"list\":{\"label\":\"description\",\"searchable\":true,\"sortable\":true}},\"type\":{\"edit\":{\"label\":\"type\",\"description\":\"\",\"placeholder\":\"\",\"visible\":true,\"editable\":true},\"list\":{\"label\":\"type\",\"searchable\":true,\"sortable\":true}},\"accessKey\":{\"edit\":{\"label\":\"accessKey\",\"description\":\"\",\"placeholder\":\"\",\"visible\":true,\"editable\":true},\"list\":{\"label\":\"accessKey\",\"searchable\":true,\"sortable\":true}},\"lastUsedAt\":{\"edit\":{\"label\":\"lastUsedAt\",\"description\":\"\",\"placeholder\":\"\",\"visible\":true,\"editable\":true},\"list\":{\"label\":\"lastUsedAt\",\"searchable\":true,\"sortable\":true}},\"permissions\":{\"edit\":{\"label\":\"permissions\",\"description\":\"\",\"placeholder\":\"\",\"visible\":true,\"editable\":true,\"mainField\":\"action\"},\"list\":{\"label\":\"permissions\",\"searchable\":false,\"sortable\":false}},\"expiresAt\":{\"edit\":{\"label\":\"expiresAt\",\"description\":\"\",\"placeholder\":\"\",\"visible\":true,\"editable\":true},\"list\":{\"label\":\"expiresAt\",\"searchable\":true,\"sortable\":true}},\"lifespan\":{\"edit\":{\"label\":\"lifespan\",\"description\":\"\",\"placeholder\":\"\",\"visible\":true,\"editable\":true},\"list\":{\"label\":\"lifespan\",\"searchable\":true,\"sortable\":true}},\"createdAt\":{\"edit\":{\"label\":\"createdAt\",\"description\":\"\",\"placeholder\":\"\",\"visible\":false,\"editable\":true},\"list\":{\"label\":\"createdAt\",\"searchable\":true,\"sortable\":true}},\"updatedAt\":{\"edit\":{\"label\":\"updatedAt\",\"description\":\"\",\"placeholder\":\"\",\"visible\":false,\"editable\":true},\"list\":{\"label\":\"updatedAt\",\"searchable\":true,\"sortable\":true}}},\"layouts\":{\"list\":[\"id\",\"name\",\"description\",\"type\"],\"edit\":[[{\"name\":\"name\",\"size\":6},{\"name\":\"description\",\"size\":6}],[{\"name\":\"type\",\"size\":6},{\"name\":\"accessKey\",\"size\":6}],[{\"name\":\"lastUsedAt\",\"size\":6},{\"name\":\"permissions\",\"size\":6}],[{\"name\":\"expiresAt\",\"size\":6},{\"name\":\"lifespan\",\"size\":4}]]}}', 'object', NULL, NULL);
INSERT INTO `strapi_core_store_settings` (`id`, `key`, `value`, `type`, `environment`, `tag`) VALUES
(6, 'plugin_content_manager_configuration_content_types::admin::api-token-permission', '{\"uid\":\"admin::api-token-permission\",\"settings\":{\"bulkable\":true,\"filterable\":true,\"searchable\":true,\"pageSize\":10,\"mainField\":\"action\",\"defaultSortBy\":\"action\",\"defaultSortOrder\":\"ASC\"},\"metadatas\":{\"id\":{\"edit\":{},\"list\":{\"label\":\"id\",\"searchable\":true,\"sortable\":true}},\"action\":{\"edit\":{\"label\":\"action\",\"description\":\"\",\"placeholder\":\"\",\"visible\":true,\"editable\":true},\"list\":{\"label\":\"action\",\"searchable\":true,\"sortable\":true}},\"token\":{\"edit\":{\"label\":\"token\",\"description\":\"\",\"placeholder\":\"\",\"visible\":true,\"editable\":true,\"mainField\":\"name\"},\"list\":{\"label\":\"token\",\"searchable\":true,\"sortable\":true}},\"createdAt\":{\"edit\":{\"label\":\"createdAt\",\"description\":\"\",\"placeholder\":\"\",\"visible\":false,\"editable\":true},\"list\":{\"label\":\"createdAt\",\"searchable\":true,\"sortable\":true}},\"updatedAt\":{\"edit\":{\"label\":\"updatedAt\",\"description\":\"\",\"placeholder\":\"\",\"visible\":false,\"editable\":true},\"list\":{\"label\":\"updatedAt\",\"searchable\":true,\"sortable\":true}}},\"layouts\":{\"list\":[\"id\",\"action\",\"token\",\"createdAt\"],\"edit\":[[{\"name\":\"action\",\"size\":6},{\"name\":\"token\",\"size\":6}]]}}', 'object', NULL, NULL),
(7, 'plugin_content_manager_configuration_content_types::plugin::upload.file', '{\"uid\":\"plugin::upload.file\",\"settings\":{\"bulkable\":true,\"filterable\":true,\"searchable\":true,\"pageSize\":10,\"mainField\":\"name\",\"defaultSortBy\":\"name\",\"defaultSortOrder\":\"ASC\"},\"metadatas\":{\"id\":{\"edit\":{},\"list\":{\"label\":\"id\",\"searchable\":true,\"sortable\":true}},\"name\":{\"edit\":{\"label\":\"name\",\"description\":\"\",\"placeholder\":\"\",\"visible\":true,\"editable\":true},\"list\":{\"label\":\"name\",\"searchable\":true,\"sortable\":true}},\"alternativeText\":{\"edit\":{\"label\":\"alternativeText\",\"description\":\"\",\"placeholder\":\"\",\"visible\":true,\"editable\":true},\"list\":{\"label\":\"alternativeText\",\"searchable\":true,\"sortable\":true}},\"caption\":{\"edit\":{\"label\":\"caption\",\"description\":\"\",\"placeholder\":\"\",\"visible\":true,\"editable\":true},\"list\":{\"label\":\"caption\",\"searchable\":true,\"sortable\":true}},\"width\":{\"edit\":{\"label\":\"width\",\"description\":\"\",\"placeholder\":\"\",\"visible\":true,\"editable\":true},\"list\":{\"label\":\"width\",\"searchable\":true,\"sortable\":true}},\"height\":{\"edit\":{\"label\":\"height\",\"description\":\"\",\"placeholder\":\"\",\"visible\":true,\"editable\":true},\"list\":{\"label\":\"height\",\"searchable\":true,\"sortable\":true}},\"formats\":{\"edit\":{\"label\":\"formats\",\"description\":\"\",\"placeholder\":\"\",\"visible\":true,\"editable\":true},\"list\":{\"label\":\"formats\",\"searchable\":false,\"sortable\":false}},\"hash\":{\"edit\":{\"label\":\"hash\",\"description\":\"\",\"placeholder\":\"\",\"visible\":true,\"editable\":true},\"list\":{\"label\":\"hash\",\"searchable\":true,\"sortable\":true}},\"ext\":{\"edit\":{\"label\":\"ext\",\"description\":\"\",\"placeholder\":\"\",\"visible\":true,\"editable\":true},\"list\":{\"label\":\"ext\",\"searchable\":true,\"sortable\":true}},\"mime\":{\"edit\":{\"label\":\"mime\",\"description\":\"\",\"placeholder\":\"\",\"visible\":true,\"editable\":true},\"list\":{\"label\":\"mime\",\"searchable\":true,\"sortable\":true}},\"size\":{\"edit\":{\"label\":\"size\",\"description\":\"\",\"placeholder\":\"\",\"visible\":true,\"editable\":true},\"list\":{\"label\":\"size\",\"searchable\":true,\"sortable\":true}},\"url\":{\"edit\":{\"label\":\"url\",\"description\":\"\",\"placeholder\":\"\",\"visible\":true,\"editable\":true},\"list\":{\"label\":\"url\",\"searchable\":true,\"sortable\":true}},\"previewUrl\":{\"edit\":{\"label\":\"previewUrl\",\"description\":\"\",\"placeholder\":\"\",\"visible\":true,\"editable\":true},\"list\":{\"label\":\"previewUrl\",\"searchable\":true,\"sortable\":true}},\"provider\":{\"edit\":{\"label\":\"provider\",\"description\":\"\",\"placeholder\":\"\",\"visible\":true,\"editable\":true},\"list\":{\"label\":\"provider\",\"searchable\":true,\"sortable\":true}},\"provider_metadata\":{\"edit\":{\"label\":\"provider_metadata\",\"description\":\"\",\"placeholder\":\"\",\"visible\":true,\"editable\":true},\"list\":{\"label\":\"provider_metadata\",\"searchable\":false,\"sortable\":false}},\"folder\":{\"edit\":{\"label\":\"folder\",\"description\":\"\",\"placeholder\":\"\",\"visible\":true,\"editable\":true,\"mainField\":\"name\"},\"list\":{\"label\":\"folder\",\"searchable\":true,\"sortable\":true}},\"folderPath\":{\"edit\":{\"label\":\"folderPath\",\"description\":\"\",\"placeholder\":\"\",\"visible\":true,\"editable\":true},\"list\":{\"label\":\"folderPath\",\"searchable\":true,\"sortable\":true}},\"createdAt\":{\"edit\":{\"label\":\"createdAt\",\"description\":\"\",\"placeholder\":\"\",\"visible\":false,\"editable\":true},\"list\":{\"label\":\"createdAt\",\"searchable\":true,\"sortable\":true}},\"updatedAt\":{\"edit\":{\"label\":\"updatedAt\",\"description\":\"\",\"placeholder\":\"\",\"visible\":false,\"editable\":true},\"list\":{\"label\":\"updatedAt\",\"searchable\":true,\"sortable\":true}}},\"layouts\":{\"list\":[\"id\",\"name\",\"alternativeText\",\"caption\"],\"edit\":[[{\"name\":\"name\",\"size\":6},{\"name\":\"alternativeText\",\"size\":6}],[{\"name\":\"caption\",\"size\":6},{\"name\":\"width\",\"size\":4}],[{\"name\":\"height\",\"size\":4}],[{\"name\":\"formats\",\"size\":12}],[{\"name\":\"hash\",\"size\":6},{\"name\":\"ext\",\"size\":6}],[{\"name\":\"mime\",\"size\":6},{\"name\":\"size\",\"size\":4}],[{\"name\":\"url\",\"size\":6},{\"name\":\"previewUrl\",\"size\":6}],[{\"name\":\"provider\",\"size\":6}],[{\"name\":\"provider_metadata\",\"size\":12}],[{\"name\":\"folder\",\"size\":6},{\"name\":\"folderPath\",\"size\":6}]]}}', 'object', NULL, NULL),
(8, 'plugin_content_manager_configuration_content_types::plugin::upload.folder', '{\"uid\":\"plugin::upload.folder\",\"settings\":{\"bulkable\":true,\"filterable\":true,\"searchable\":true,\"pageSize\":10,\"mainField\":\"name\",\"defaultSortBy\":\"name\",\"defaultSortOrder\":\"ASC\"},\"metadatas\":{\"id\":{\"edit\":{},\"list\":{\"label\":\"id\",\"searchable\":true,\"sortable\":true}},\"name\":{\"edit\":{\"label\":\"name\",\"description\":\"\",\"placeholder\":\"\",\"visible\":true,\"editable\":true},\"list\":{\"label\":\"name\",\"searchable\":true,\"sortable\":true}},\"pathId\":{\"edit\":{\"label\":\"pathId\",\"description\":\"\",\"placeholder\":\"\",\"visible\":true,\"editable\":true},\"list\":{\"label\":\"pathId\",\"searchable\":true,\"sortable\":true}},\"parent\":{\"edit\":{\"label\":\"parent\",\"description\":\"\",\"placeholder\":\"\",\"visible\":true,\"editable\":true,\"mainField\":\"name\"},\"list\":{\"label\":\"parent\",\"searchable\":true,\"sortable\":true}},\"children\":{\"edit\":{\"label\":\"children\",\"description\":\"\",\"placeholder\":\"\",\"visible\":true,\"editable\":true,\"mainField\":\"name\"},\"list\":{\"label\":\"children\",\"searchable\":false,\"sortable\":false}},\"files\":{\"edit\":{\"label\":\"files\",\"description\":\"\",\"placeholder\":\"\",\"visible\":true,\"editable\":true,\"mainField\":\"name\"},\"list\":{\"label\":\"files\",\"searchable\":false,\"sortable\":false}},\"path\":{\"edit\":{\"label\":\"path\",\"description\":\"\",\"placeholder\":\"\",\"visible\":true,\"editable\":true},\"list\":{\"label\":\"path\",\"searchable\":true,\"sortable\":true}},\"createdAt\":{\"edit\":{\"label\":\"createdAt\",\"description\":\"\",\"placeholder\":\"\",\"visible\":false,\"editable\":true},\"list\":{\"label\":\"createdAt\",\"searchable\":true,\"sortable\":true}},\"updatedAt\":{\"edit\":{\"label\":\"updatedAt\",\"description\":\"\",\"placeholder\":\"\",\"visible\":false,\"editable\":true},\"list\":{\"label\":\"updatedAt\",\"searchable\":true,\"sortable\":true}}},\"layouts\":{\"list\":[\"id\",\"name\",\"pathId\",\"parent\"],\"edit\":[[{\"name\":\"name\",\"size\":6},{\"name\":\"pathId\",\"size\":4}],[{\"name\":\"parent\",\"size\":6},{\"name\":\"children\",\"size\":6}],[{\"name\":\"files\",\"size\":6},{\"name\":\"path\",\"size\":6}]]}}', 'object', NULL, NULL),
(9, 'plugin_content_manager_configuration_content_types::plugin::users-permissions.permission', '{\"uid\":\"plugin::users-permissions.permission\",\"settings\":{\"bulkable\":true,\"filterable\":true,\"searchable\":true,\"pageSize\":10,\"mainField\":\"action\",\"defaultSortBy\":\"action\",\"defaultSortOrder\":\"ASC\"},\"metadatas\":{\"id\":{\"edit\":{},\"list\":{\"label\":\"id\",\"searchable\":true,\"sortable\":true}},\"action\":{\"edit\":{\"label\":\"action\",\"description\":\"\",\"placeholder\":\"\",\"visible\":true,\"editable\":true},\"list\":{\"label\":\"action\",\"searchable\":true,\"sortable\":true}},\"role\":{\"edit\":{\"label\":\"role\",\"description\":\"\",\"placeholder\":\"\",\"visible\":true,\"editable\":true,\"mainField\":\"name\"},\"list\":{\"label\":\"role\",\"searchable\":true,\"sortable\":true}},\"createdAt\":{\"edit\":{\"label\":\"createdAt\",\"description\":\"\",\"placeholder\":\"\",\"visible\":false,\"editable\":true},\"list\":{\"label\":\"createdAt\",\"searchable\":true,\"sortable\":true}},\"updatedAt\":{\"edit\":{\"label\":\"updatedAt\",\"description\":\"\",\"placeholder\":\"\",\"visible\":false,\"editable\":true},\"list\":{\"label\":\"updatedAt\",\"searchable\":true,\"sortable\":true}}},\"layouts\":{\"list\":[\"id\",\"action\",\"role\",\"createdAt\"],\"edit\":[[{\"name\":\"action\",\"size\":6},{\"name\":\"role\",\"size\":6}]]}}', 'object', NULL, NULL),
(10, 'plugin_content_manager_configuration_content_types::plugin::users-permissions.role', '{\"uid\":\"plugin::users-permissions.role\",\"settings\":{\"bulkable\":true,\"filterable\":true,\"searchable\":true,\"pageSize\":10,\"mainField\":\"name\",\"defaultSortBy\":\"name\",\"defaultSortOrder\":\"ASC\"},\"metadatas\":{\"id\":{\"edit\":{},\"list\":{\"label\":\"id\",\"searchable\":true,\"sortable\":true}},\"name\":{\"edit\":{\"label\":\"name\",\"description\":\"\",\"placeholder\":\"\",\"visible\":true,\"editable\":true},\"list\":{\"label\":\"name\",\"searchable\":true,\"sortable\":true}},\"description\":{\"edit\":{\"label\":\"description\",\"description\":\"\",\"placeholder\":\"\",\"visible\":true,\"editable\":true},\"list\":{\"label\":\"description\",\"searchable\":true,\"sortable\":true}},\"type\":{\"edit\":{\"label\":\"type\",\"description\":\"\",\"placeholder\":\"\",\"visible\":true,\"editable\":true},\"list\":{\"label\":\"type\",\"searchable\":true,\"sortable\":true}},\"permissions\":{\"edit\":{\"label\":\"permissions\",\"description\":\"\",\"placeholder\":\"\",\"visible\":true,\"editable\":true,\"mainField\":\"action\"},\"list\":{\"label\":\"permissions\",\"searchable\":false,\"sortable\":false}},\"users\":{\"edit\":{\"label\":\"users\",\"description\":\"\",\"placeholder\":\"\",\"visible\":true,\"editable\":true,\"mainField\":\"username\"},\"list\":{\"label\":\"users\",\"searchable\":false,\"sortable\":false}},\"createdAt\":{\"edit\":{\"label\":\"createdAt\",\"description\":\"\",\"placeholder\":\"\",\"visible\":false,\"editable\":true},\"list\":{\"label\":\"createdAt\",\"searchable\":true,\"sortable\":true}},\"updatedAt\":{\"edit\":{\"label\":\"updatedAt\",\"description\":\"\",\"placeholder\":\"\",\"visible\":false,\"editable\":true},\"list\":{\"label\":\"updatedAt\",\"searchable\":true,\"sortable\":true}}},\"layouts\":{\"list\":[\"id\",\"name\",\"description\",\"type\"],\"edit\":[[{\"name\":\"name\",\"size\":6},{\"name\":\"description\",\"size\":6}],[{\"name\":\"type\",\"size\":6},{\"name\":\"permissions\",\"size\":6}],[{\"name\":\"users\",\"size\":6}]]}}', 'object', NULL, NULL),
(11, 'plugin_content_manager_configuration_content_types::plugin::users-permissions.user', '{\"uid\":\"plugin::users-permissions.user\",\"settings\":{\"bulkable\":true,\"filterable\":true,\"searchable\":true,\"pageSize\":10,\"mainField\":\"username\",\"defaultSortBy\":\"username\",\"defaultSortOrder\":\"ASC\"},\"metadatas\":{\"id\":{\"edit\":{},\"list\":{\"label\":\"id\",\"searchable\":true,\"sortable\":true}},\"username\":{\"edit\":{\"label\":\"username\",\"description\":\"\",\"placeholder\":\"\",\"visible\":true,\"editable\":true},\"list\":{\"label\":\"username\",\"searchable\":true,\"sortable\":true}},\"email\":{\"edit\":{\"label\":\"email\",\"description\":\"\",\"placeholder\":\"\",\"visible\":true,\"editable\":true},\"list\":{\"label\":\"email\",\"searchable\":true,\"sortable\":true}},\"provider\":{\"edit\":{\"label\":\"provider\",\"description\":\"\",\"placeholder\":\"\",\"visible\":false,\"editable\":true},\"list\":{\"label\":\"provider\",\"searchable\":true,\"sortable\":true}},\"password\":{\"edit\":{\"label\":\"password\",\"description\":\"\",\"placeholder\":\"\",\"visible\":true,\"editable\":true},\"list\":{\"label\":\"password\",\"searchable\":true,\"sortable\":true}},\"resetPasswordToken\":{\"edit\":{\"label\":\"resetPasswordToken\",\"description\":\"\",\"placeholder\":\"\",\"visible\":false,\"editable\":true},\"list\":{\"label\":\"resetPasswordToken\",\"searchable\":true,\"sortable\":true}},\"confirmationToken\":{\"edit\":{\"label\":\"confirmationToken\",\"description\":\"\",\"placeholder\":\"\",\"visible\":false,\"editable\":true},\"list\":{\"label\":\"confirmationToken\",\"searchable\":true,\"sortable\":true}},\"confirmed\":{\"edit\":{\"label\":\"confirmed\",\"description\":\"\",\"placeholder\":\"\",\"visible\":true,\"editable\":true},\"list\":{\"label\":\"confirmed\",\"searchable\":true,\"sortable\":true}},\"blocked\":{\"edit\":{\"label\":\"blocked\",\"description\":\"\",\"placeholder\":\"\",\"visible\":true,\"editable\":true},\"list\":{\"label\":\"blocked\",\"searchable\":true,\"sortable\":true}},\"role\":{\"edit\":{\"label\":\"role\",\"description\":\"\",\"placeholder\":\"\",\"visible\":true,\"editable\":true,\"mainField\":\"name\"},\"list\":{\"label\":\"role\",\"searchable\":true,\"sortable\":true}},\"createdAt\":{\"edit\":{\"label\":\"createdAt\",\"description\":\"\",\"placeholder\":\"\",\"visible\":false,\"editable\":true},\"list\":{\"label\":\"createdAt\",\"searchable\":true,\"sortable\":true}},\"updatedAt\":{\"edit\":{\"label\":\"updatedAt\",\"description\":\"\",\"placeholder\":\"\",\"visible\":false,\"editable\":true},\"list\":{\"label\":\"updatedAt\",\"searchable\":true,\"sortable\":true}}},\"layouts\":{\"list\":[\"id\",\"username\",\"email\",\"confirmed\"],\"edit\":[[{\"name\":\"username\",\"size\":6},{\"name\":\"email\",\"size\":6}],[{\"name\":\"password\",\"size\":6},{\"name\":\"confirmed\",\"size\":4}],[{\"name\":\"blocked\",\"size\":4},{\"name\":\"role\",\"size\":6}]]}}', 'object', NULL, NULL),
(12, 'plugin_content_manager_configuration_content_types::plugin::i18n.locale', '{\"uid\":\"plugin::i18n.locale\",\"settings\":{\"bulkable\":true,\"filterable\":true,\"searchable\":true,\"pageSize\":10,\"mainField\":\"name\",\"defaultSortBy\":\"name\",\"defaultSortOrder\":\"ASC\"},\"metadatas\":{\"id\":{\"edit\":{},\"list\":{\"label\":\"id\",\"searchable\":true,\"sortable\":true}},\"name\":{\"edit\":{\"label\":\"name\",\"description\":\"\",\"placeholder\":\"\",\"visible\":true,\"editable\":true},\"list\":{\"label\":\"name\",\"searchable\":true,\"sortable\":true}},\"code\":{\"edit\":{\"label\":\"code\",\"description\":\"\",\"placeholder\":\"\",\"visible\":true,\"editable\":true},\"list\":{\"label\":\"code\",\"searchable\":true,\"sortable\":true}},\"createdAt\":{\"edit\":{\"label\":\"createdAt\",\"description\":\"\",\"placeholder\":\"\",\"visible\":false,\"editable\":true},\"list\":{\"label\":\"createdAt\",\"searchable\":true,\"sortable\":true}},\"updatedAt\":{\"edit\":{\"label\":\"updatedAt\",\"description\":\"\",\"placeholder\":\"\",\"visible\":false,\"editable\":true},\"list\":{\"label\":\"updatedAt\",\"searchable\":true,\"sortable\":true}}},\"layouts\":{\"list\":[\"id\",\"name\",\"code\",\"createdAt\"],\"edit\":[[{\"name\":\"name\",\"size\":6},{\"name\":\"code\",\"size\":6}]]}}', 'object', NULL, NULL),
(13, 'plugin_upload_settings', '{\"sizeOptimization\":true,\"responsiveDimensions\":true,\"autoOrientation\":false}', 'object', NULL, NULL),
(14, 'plugin_upload_view_configuration', '{\"pageSize\":10,\"sort\":\"createdAt:DESC\"}', 'object', NULL, NULL),
(15, 'plugin_upload_metrics', '{\"weeklySchedule\":\"35 34 11 * * 6\",\"lastWeeklyUpdate\":1674281075109}', 'object', NULL, NULL),
(16, 'plugin_users-permissions_grant', '{\"email\":{\"enabled\":true,\"icon\":\"envelope\"},\"discord\":{\"enabled\":false,\"icon\":\"discord\",\"key\":\"\",\"secret\":\"\",\"callback\":\"api/auth/discord/callback\",\"scope\":[\"identify\",\"email\"]},\"facebook\":{\"enabled\":false,\"icon\":\"facebook-square\",\"key\":\"\",\"secret\":\"\",\"callback\":\"api/auth/facebook/callback\",\"scope\":[\"email\"]},\"google\":{\"enabled\":false,\"icon\":\"google\",\"key\":\"\",\"secret\":\"\",\"callback\":\"api/auth/google/callback\",\"scope\":[\"email\"]},\"github\":{\"enabled\":false,\"icon\":\"github\",\"key\":\"\",\"secret\":\"\",\"callback\":\"api/auth/github/callback\",\"scope\":[\"user\",\"user:email\"]},\"microsoft\":{\"enabled\":false,\"icon\":\"windows\",\"key\":\"\",\"secret\":\"\",\"callback\":\"api/auth/microsoft/callback\",\"scope\":[\"user.read\"]},\"twitter\":{\"enabled\":false,\"icon\":\"twitter\",\"key\":\"\",\"secret\":\"\",\"callback\":\"api/auth/twitter/callback\"},\"instagram\":{\"enabled\":false,\"icon\":\"instagram\",\"key\":\"\",\"secret\":\"\",\"callback\":\"api/auth/instagram/callback\",\"scope\":[\"user_profile\"]},\"vk\":{\"enabled\":false,\"icon\":\"vk\",\"key\":\"\",\"secret\":\"\",\"callback\":\"api/auth/vk/callback\",\"scope\":[\"email\"]},\"twitch\":{\"enabled\":false,\"icon\":\"twitch\",\"key\":\"\",\"secret\":\"\",\"callback\":\"api/auth/twitch/callback\",\"scope\":[\"user:read:email\"]},\"linkedin\":{\"enabled\":false,\"icon\":\"linkedin\",\"key\":\"\",\"secret\":\"\",\"callback\":\"api/auth/linkedin/callback\",\"scope\":[\"r_liteprofile\",\"r_emailaddress\"]},\"cognito\":{\"enabled\":false,\"icon\":\"aws\",\"key\":\"\",\"secret\":\"\",\"subdomain\":\"my.subdomain.com\",\"callback\":\"api/auth/cognito/callback\",\"scope\":[\"email\",\"openid\",\"profile\"]},\"reddit\":{\"enabled\":false,\"icon\":\"reddit\",\"key\":\"\",\"secret\":\"\",\"state\":true,\"callback\":\"api/auth/reddit/callback\",\"scope\":[\"identity\"]},\"auth0\":{\"enabled\":false,\"icon\":\"\",\"key\":\"\",\"secret\":\"\",\"subdomain\":\"my-tenant.eu\",\"callback\":\"api/auth/auth0/callback\",\"scope\":[\"openid\",\"email\",\"profile\"]},\"cas\":{\"enabled\":false,\"icon\":\"book\",\"key\":\"\",\"secret\":\"\",\"callback\":\"api/auth/cas/callback\",\"scope\":[\"openid email\"],\"subdomain\":\"my.subdomain.com/cas\"}}', 'object', NULL, NULL),
(17, 'plugin_users-permissions_email', '{\"reset_password\":{\"display\":\"Email.template.reset_password\",\"icon\":\"sync\",\"options\":{\"from\":{\"name\":\"Administration Panel\",\"email\":\"no-reply@strapi.io\"},\"response_email\":\"\",\"object\":\"Reset password\",\"message\":\"<p>We heard that you lost your password. Sorry about that!</p>\\n\\n<p>But dont worry! You can use the following link to reset your password:</p>\\n<p><%= URL %>?code=<%= TOKEN %></p>\\n\\n<p>Thanks.</p>\"}},\"email_confirmation\":{\"display\":\"Email.template.email_confirmation\",\"icon\":\"check-square\",\"options\":{\"from\":{\"name\":\"Administration Panel\",\"email\":\"no-reply@strapi.io\"},\"response_email\":\"\",\"object\":\"Account confirmation\",\"message\":\"<p>Thank you for registering!</p>\\n\\n<p>You have to confirm your email address. Please click on the link below.</p>\\n\\n<p><%= URL %>?confirmation=<%= CODE %></p>\\n\\n<p>Thanks.</p>\"}}}', 'object', NULL, NULL),
(18, 'plugin_users-permissions_advanced', '{\"unique_email\":true,\"allow_register\":true,\"email_confirmation\":false,\"email_reset_password\":null,\"email_confirmation_redirection\":null,\"default_role\":\"authenticated\"}', 'object', NULL, NULL),
(19, 'plugin_i18n_default_locale', '\"en\"', 'string', NULL, NULL),
(20, 'core_admin_auth', '{\"providers\":{\"autoRegister\":false,\"defaultRole\":null}}', 'object', NULL, NULL),
(21, 'plugin_content_manager_configuration_content_types::api::order.order', '{\"uid\":\"api::order.order\",\"settings\":{\"bulkable\":true,\"filterable\":true,\"searchable\":true,\"pageSize\":10,\"mainField\":\"orderID\",\"defaultSortBy\":\"orderID\",\"defaultSortOrder\":\"ASC\"},\"metadatas\":{\"id\":{\"edit\":{},\"list\":{\"label\":\"id\",\"searchable\":true,\"sortable\":true}},\"products\":{\"edit\":{\"label\":\"products\",\"description\":\"\",\"placeholder\":\"\",\"visible\":true,\"editable\":true},\"list\":{\"label\":\"products\",\"searchable\":false,\"sortable\":false}},\"orderID\":{\"edit\":{\"label\":\"orderID\",\"description\":\"\",\"placeholder\":\"\",\"visible\":true,\"editable\":true},\"list\":{\"label\":\"orderID\",\"searchable\":true,\"sortable\":true}},\"userName\":{\"edit\":{\"label\":\"userName\",\"description\":\"\",\"placeholder\":\"\",\"visible\":true,\"editable\":true},\"list\":{\"label\":\"userName\",\"searchable\":true,\"sortable\":true}},\"stripeSessionId\":{\"edit\":{\"label\":\"stripeSessionId\",\"description\":\"\",\"placeholder\":\"\",\"visible\":true,\"editable\":true},\"list\":{\"label\":\"stripeSessionId\",\"searchable\":true,\"sortable\":true}},\"createdAt\":{\"edit\":{\"label\":\"createdAt\",\"description\":\"\",\"placeholder\":\"\",\"visible\":false,\"editable\":true},\"list\":{\"label\":\"createdAt\",\"searchable\":true,\"sortable\":true}},\"updatedAt\":{\"edit\":{\"label\":\"updatedAt\",\"description\":\"\",\"placeholder\":\"\",\"visible\":false,\"editable\":true},\"list\":{\"label\":\"updatedAt\",\"searchable\":true,\"sortable\":true}}},\"layouts\":{\"list\":[\"id\",\"orderID\",\"createdAt\",\"updatedAt\"],\"edit\":[[{\"name\":\"orderID\",\"size\":6}],[{\"name\":\"products\",\"size\":12}],[{\"name\":\"userName\",\"size\":6},{\"name\":\"stripeSessionId\",\"size\":6}]]}}', 'object', NULL, NULL),
(22, 'plugin_content_manager_configuration_content_types::api::product.product', '{\"uid\":\"api::product.product\",\"settings\":{\"bulkable\":true,\"filterable\":true,\"searchable\":true,\"pageSize\":10,\"mainField\":\"title\",\"defaultSortBy\":\"title\",\"defaultSortOrder\":\"ASC\"},\"metadatas\":{\"id\":{\"edit\":{},\"list\":{\"label\":\"id\",\"searchable\":true,\"sortable\":true}},\"title\":{\"edit\":{\"label\":\"title\",\"description\":\"\",\"placeholder\":\"\",\"visible\":true,\"editable\":true},\"list\":{\"label\":\"title\",\"searchable\":true,\"sortable\":true}},\"shortdesc\":{\"edit\":{\"label\":\"shortdesc\",\"description\":\"\",\"placeholder\":\"\",\"visible\":true,\"editable\":true},\"list\":{\"label\":\"shortdesc\",\"searchable\":false,\"sortable\":false}},\"longDesc\":{\"edit\":{\"label\":\"longDesc\",\"description\":\"\",\"placeholder\":\"\",\"visible\":true,\"editable\":true},\"list\":{\"label\":\"longDesc\",\"searchable\":false,\"sortable\":false}},\"color\":{\"edit\":{\"label\":\"color\",\"description\":\"\",\"placeholder\":\"\",\"visible\":true,\"editable\":true},\"list\":{\"label\":\"color\",\"searchable\":true,\"sortable\":true}},\"regularPrice\":{\"edit\":{\"label\":\"regularPrice\",\"description\":\"\",\"placeholder\":\"\",\"visible\":true,\"editable\":true},\"list\":{\"label\":\"regularPrice\",\"searchable\":true,\"sortable\":true}},\"salePrice\":{\"edit\":{\"label\":\"salePrice\",\"description\":\"\",\"placeholder\":\"\",\"visible\":true,\"editable\":true},\"list\":{\"label\":\"salePrice\",\"searchable\":true,\"sortable\":true}},\"uid\":{\"edit\":{\"label\":\"uid\",\"description\":\"\",\"placeholder\":\"\",\"visible\":true,\"editable\":true},\"list\":{\"label\":\"uid\",\"searchable\":true,\"sortable\":true}},\"isfeatured\":{\"edit\":{\"label\":\"isfeatured\",\"description\":\"\",\"placeholder\":\"\",\"visible\":true,\"editable\":true},\"list\":{\"label\":\"isfeatured\",\"searchable\":true,\"sortable\":true}},\"productImage\":{\"edit\":{\"label\":\"productImage\",\"description\":\"\",\"placeholder\":\"\",\"visible\":true,\"editable\":true},\"list\":{\"label\":\"productImage\",\"searchable\":false,\"sortable\":false}},\"categories\":{\"edit\":{\"label\":\"categories\",\"description\":\"\",\"placeholder\":\"\",\"visible\":true,\"editable\":true,\"mainField\":\"title\"},\"list\":{\"label\":\"categories\",\"searchable\":false,\"sortable\":false}},\"isSale\":{\"edit\":{\"label\":\"isSale\",\"description\":\"\",\"placeholder\":\"\",\"visible\":true,\"editable\":true},\"list\":{\"label\":\"isSale\",\"searchable\":true,\"sortable\":true}},\"isstock\":{\"edit\":{\"label\":\"isstock\",\"description\":\"\",\"placeholder\":\"\",\"visible\":true,\"editable\":true},\"list\":{\"label\":\"isstock\",\"searchable\":true,\"sortable\":true}},\"stockCount\":{\"edit\":{\"label\":\"stockCount\",\"description\":\"\",\"placeholder\":\"\",\"visible\":true,\"editable\":true},\"list\":{\"label\":\"stockCount\",\"searchable\":true,\"sortable\":true}},\"createdAt\":{\"edit\":{\"label\":\"createdAt\",\"description\":\"\",\"placeholder\":\"\",\"visible\":false,\"editable\":true},\"list\":{\"label\":\"createdAt\",\"searchable\":true,\"sortable\":true}},\"updatedAt\":{\"edit\":{\"label\":\"updatedAt\",\"description\":\"\",\"placeholder\":\"\",\"visible\":false,\"editable\":true},\"list\":{\"label\":\"updatedAt\",\"searchable\":true,\"sortable\":true}}},\"layouts\":{\"list\":[\"id\",\"title\",\"color\",\"regularPrice\"],\"edit\":[[{\"name\":\"title\",\"size\":6}],[{\"name\":\"shortdesc\",\"size\":12}],[{\"name\":\"longDesc\",\"size\":12}],[{\"name\":\"color\",\"size\":6},{\"name\":\"regularPrice\",\"size\":4}],[{\"name\":\"salePrice\",\"size\":4},{\"name\":\"uid\",\"size\":6}],[{\"name\":\"isfeatured\",\"size\":4},{\"name\":\"productImage\",\"size\":6}],[{\"name\":\"categories\",\"size\":6},{\"name\":\"isSale\",\"size\":4}],[{\"name\":\"isstock\",\"size\":4},{\"name\":\"stockCount\",\"size\":4}]]}}', 'object', NULL, NULL),
(23, 'plugin_content_manager_configuration_content_types::api::category.category', '{\"uid\":\"api::category.category\",\"settings\":{\"bulkable\":true,\"filterable\":true,\"searchable\":true,\"pageSize\":10,\"mainField\":\"title\",\"defaultSortBy\":\"title\",\"defaultSortOrder\":\"ASC\"},\"metadatas\":{\"id\":{\"edit\":{},\"list\":{\"label\":\"id\",\"searchable\":true,\"sortable\":true}},\"title\":{\"edit\":{\"label\":\"title\",\"description\":\"\",\"placeholder\":\"\",\"visible\":true,\"editable\":true},\"list\":{\"label\":\"title\",\"searchable\":true,\"sortable\":true}},\"desc\":{\"edit\":{\"label\":\"desc\",\"description\":\"\",\"placeholder\":\"\",\"visible\":true,\"editable\":true},\"list\":{\"label\":\"desc\",\"searchable\":false,\"sortable\":false}},\"image\":{\"edit\":{\"label\":\"image\",\"description\":\"\",\"placeholder\":\"\",\"visible\":true,\"editable\":true},\"list\":{\"label\":\"image\",\"searchable\":false,\"sortable\":false}},\"isfeature\":{\"edit\":{\"label\":\"isfeature\",\"description\":\"\",\"placeholder\":\"\",\"visible\":true,\"editable\":true},\"list\":{\"label\":\"isfeature\",\"searchable\":true,\"sortable\":true}},\"cateId\":{\"edit\":{\"label\":\"cateId\",\"description\":\"\",\"placeholder\":\"\",\"visible\":true,\"editable\":true},\"list\":{\"label\":\"cateId\",\"searchable\":true,\"sortable\":true}},\"products\":{\"edit\":{\"label\":\"products\",\"description\":\"\",\"placeholder\":\"\",\"visible\":true,\"editable\":true,\"mainField\":\"title\"},\"list\":{\"label\":\"products\",\"searchable\":false,\"sortable\":false}},\"createdAt\":{\"edit\":{\"label\":\"createdAt\",\"description\":\"\",\"placeholder\":\"\",\"visible\":false,\"editable\":true},\"list\":{\"label\":\"createdAt\",\"searchable\":true,\"sortable\":true}},\"updatedAt\":{\"edit\":{\"label\":\"updatedAt\",\"description\":\"\",\"placeholder\":\"\",\"visible\":false,\"editable\":true},\"list\":{\"label\":\"updatedAt\",\"searchable\":true,\"sortable\":true}}},\"layouts\":{\"list\":[\"id\",\"title\",\"image\",\"isfeature\"],\"edit\":[[{\"name\":\"title\",\"size\":6}],[{\"name\":\"desc\",\"size\":12}],[{\"name\":\"image\",\"size\":6},{\"name\":\"isfeature\",\"size\":4}],[{\"name\":\"cateId\",\"size\":6},{\"name\":\"products\",\"size\":6}]]}}', 'object', NULL, NULL),
(24, 'plugin_content_manager_configuration_content_types::api::cart.cart', '{\"uid\":\"api::cart.cart\",\"settings\":{\"bulkable\":true,\"filterable\":true,\"searchable\":true,\"pageSize\":10,\"mainField\":\"userName\",\"defaultSortBy\":\"userName\",\"defaultSortOrder\":\"ASC\"},\"metadatas\":{\"id\":{\"edit\":{},\"list\":{\"label\":\"id\",\"searchable\":true,\"sortable\":true}},\"userName\":{\"edit\":{\"label\":\"userName\",\"description\":\"\",\"placeholder\":\"\",\"visible\":true,\"editable\":true},\"list\":{\"label\":\"userName\",\"searchable\":true,\"sortable\":true}},\"products\":{\"edit\":{\"label\":\"products\",\"description\":\"\",\"placeholder\":\"\",\"visible\":true,\"editable\":true},\"list\":{\"label\":\"products\",\"searchable\":false,\"sortable\":false}},\"createdAt\":{\"edit\":{\"label\":\"createdAt\",\"description\":\"\",\"placeholder\":\"\",\"visible\":false,\"editable\":true},\"list\":{\"label\":\"createdAt\",\"searchable\":true,\"sortable\":true}},\"updatedAt\":{\"edit\":{\"label\":\"updatedAt\",\"description\":\"\",\"placeholder\":\"\",\"visible\":false,\"editable\":true},\"list\":{\"label\":\"updatedAt\",\"searchable\":true,\"sortable\":true}}},\"layouts\":{\"list\":[\"id\",\"userName\",\"createdAt\",\"updatedAt\"],\"edit\":[[{\"name\":\"userName\",\"size\":6}],[{\"name\":\"products\",\"size\":12}]]}}', 'object', NULL, NULL),
(25, 'plugin_content_manager_configuration_content_types::api::wishlist.wishlist', '{\"uid\":\"api::wishlist.wishlist\",\"settings\":{\"bulkable\":true,\"filterable\":true,\"searchable\":true,\"pageSize\":10,\"mainField\":\"user\",\"defaultSortBy\":\"user\",\"defaultSortOrder\":\"ASC\"},\"metadatas\":{\"id\":{\"edit\":{},\"list\":{\"label\":\"id\",\"searchable\":true,\"sortable\":true}},\"user\":{\"edit\":{\"label\":\"user\",\"description\":\"\",\"placeholder\":\"\",\"visible\":true,\"editable\":true},\"list\":{\"label\":\"user\",\"searchable\":true,\"sortable\":true}},\"wishlistData\":{\"edit\":{\"label\":\"wishlistData\",\"description\":\"\",\"placeholder\":\"\",\"visible\":true,\"editable\":true},\"list\":{\"label\":\"wishlistData\",\"searchable\":false,\"sortable\":false}},\"createdAt\":{\"edit\":{\"label\":\"createdAt\",\"description\":\"\",\"placeholder\":\"\",\"visible\":false,\"editable\":true},\"list\":{\"label\":\"createdAt\",\"searchable\":true,\"sortable\":true}},\"updatedAt\":{\"edit\":{\"label\":\"updatedAt\",\"description\":\"\",\"placeholder\":\"\",\"visible\":false,\"editable\":true},\"list\":{\"label\":\"updatedAt\",\"searchable\":true,\"sortable\":true}}},\"layouts\":{\"list\":[\"id\",\"user\",\"createdAt\",\"updatedAt\"],\"edit\":[[{\"name\":\"user\",\"size\":6}],[{\"name\":\"wishlistData\",\"size\":12}]]}}', 'object', NULL, NULL);

-- --------------------------------------------------------

--
-- Table structure for table `strapi_database_schema`
--

CREATE TABLE `strapi_database_schema` (
  `id` int(10) UNSIGNED NOT NULL,
  `schema` longtext CHARACTER SET utf8mb4 COLLATE utf8mb4_bin DEFAULT NULL CHECK (json_valid(`schema`)),
  `time` datetime DEFAULT NULL,
  `hash` varchar(255) DEFAULT NULL
) ENGINE=InnoDB DEFAULT CHARSET=utf8mb4 COLLATE=utf8mb4_general_ci;

--
-- Dumping data for table `strapi_database_schema`
--

INSERT INTO `strapi_database_schema` (`id`, `schema`, `time`, `hash`) VALUES
(13, '{\"tables\":[{\"name\":\"strapi_core_store_settings\",\"indexes\":[],\"foreignKeys\":[],\"columns\":[{\"name\":\"id\",\"type\":\"increments\",\"args\":[{\"primary\":true,\"primaryKey\":true}],\"defaultTo\":null,\"notNullable\":true,\"unsigned\":false},{\"name\":\"key\",\"type\":\"string\",\"args\":[],\"defaultTo\":null,\"notNullable\":false,\"unsigned\":false},{\"name\":\"value\",\"type\":\"text\",\"args\":[\"longtext\"],\"defaultTo\":null,\"notNullable\":false,\"unsigned\":false},{\"name\":\"type\",\"type\":\"string\",\"args\":[],\"defaultTo\":null,\"notNullable\":false,\"unsigned\":false},{\"name\":\"environment\",\"type\":\"string\",\"args\":[],\"defaultTo\":null,\"notNullable\":false,\"unsigned\":false},{\"name\":\"tag\",\"type\":\"string\",\"args\":[],\"defaultTo\":null,\"notNullable\":false,\"unsigned\":false}]},{\"name\":\"strapi_webhooks\",\"indexes\":[],\"foreignKeys\":[],\"columns\":[{\"name\":\"id\",\"type\":\"increments\",\"args\":[{\"primary\":true,\"primaryKey\":true}],\"defaultTo\":null,\"notNullable\":true,\"unsigned\":false},{\"name\":\"name\",\"type\":\"string\",\"args\":[],\"defaultTo\":null,\"notNullable\":false,\"unsigned\":false},{\"name\":\"url\",\"type\":\"text\",\"args\":[\"longtext\"],\"defaultTo\":null,\"notNullable\":false,\"unsigned\":false},{\"name\":\"headers\",\"type\":\"jsonb\",\"args\":[],\"defaultTo\":null,\"notNullable\":false,\"unsigned\":false},{\"name\":\"events\",\"type\":\"jsonb\",\"args\":[],\"defaultTo\":null,\"notNullable\":false,\"unsigned\":false},{\"name\":\"enabled\",\"type\":\"boolean\",\"args\":[],\"defaultTo\":null,\"notNullable\":false,\"unsigned\":false}]},{\"name\":\"admin_permissions\",\"indexes\":[{\"name\":\"admin_permissions_created_by_id_fk\",\"columns\":[\"created_by_id\"]},{\"name\":\"admin_permissions_updated_by_id_fk\",\"columns\":[\"updated_by_id\"]}],\"foreignKeys\":[{\"name\":\"admin_permissions_created_by_id_fk\",\"columns\":[\"created_by_id\"],\"referencedTable\":\"admin_users\",\"referencedColumns\":[\"id\"],\"onDelete\":\"SET NULL\"},{\"name\":\"admin_permissions_updated_by_id_fk\",\"columns\":[\"updated_by_id\"],\"referencedTable\":\"admin_users\",\"referencedColumns\":[\"id\"],\"onDelete\":\"SET NULL\"}],\"columns\":[{\"name\":\"id\",\"type\":\"increments\",\"args\":[{\"primary\":true,\"primaryKey\":true}],\"defaultTo\":null,\"notNullable\":true,\"unsigned\":false},{\"name\":\"action\",\"type\":\"string\",\"args\":[],\"defaultTo\":null,\"notNullable\":false,\"unsigned\":false},{\"name\":\"subject\",\"type\":\"string\",\"args\":[],\"defaultTo\":null,\"notNullable\":false,\"unsigned\":false},{\"name\":\"properties\",\"type\":\"jsonb\",\"args\":[],\"defaultTo\":null,\"notNullable\":false,\"unsigned\":false},{\"name\":\"conditions\",\"type\":\"jsonb\",\"args\":[],\"defaultTo\":null,\"notNullable\":false,\"unsigned\":false},{\"name\":\"created_at\",\"type\":\"datetime\",\"args\":[{\"useTz\":false,\"precision\":6}],\"defaultTo\":null,\"notNullable\":false,\"unsigned\":false},{\"name\":\"updated_at\",\"type\":\"datetime\",\"args\":[{\"useTz\":false,\"precision\":6}],\"defaultTo\":null,\"notNullable\":false,\"unsigned\":false},{\"name\":\"created_by_id\",\"type\":\"integer\",\"args\":[],\"defaultTo\":null,\"notNullable\":false,\"unsigned\":true},{\"name\":\"updated_by_id\",\"type\":\"integer\",\"args\":[],\"defaultTo\":null,\"notNullable\":false,\"unsigned\":true}]},{\"name\":\"admin_users\",\"indexes\":[{\"name\":\"admin_users_created_by_id_fk\",\"columns\":[\"created_by_id\"]},{\"name\":\"admin_users_updated_by_id_fk\",\"columns\":[\"updated_by_id\"]}],\"foreignKeys\":[{\"name\":\"admin_users_created_by_id_fk\",\"columns\":[\"created_by_id\"],\"referencedTable\":\"admin_users\",\"referencedColumns\":[\"id\"],\"onDelete\":\"SET NULL\"},{\"name\":\"admin_users_updated_by_id_fk\",\"columns\":[\"updated_by_id\"],\"referencedTable\":\"admin_users\",\"referencedColumns\":[\"id\"],\"onDelete\":\"SET NULL\"}],\"columns\":[{\"name\":\"id\",\"type\":\"increments\",\"args\":[{\"primary\":true,\"primaryKey\":true}],\"defaultTo\":null,\"notNullable\":true,\"unsigned\":false},{\"name\":\"firstname\",\"type\":\"string\",\"args\":[],\"defaultTo\":null,\"notNullable\":false,\"unsigned\":false},{\"name\":\"lastname\",\"type\":\"string\",\"args\":[],\"defaultTo\":null,\"notNullable\":false,\"unsigned\":false},{\"name\":\"username\",\"type\":\"string\",\"args\":[],\"defaultTo\":null,\"notNullable\":false,\"unsigned\":false},{\"name\":\"email\",\"type\":\"string\",\"args\":[],\"defaultTo\":null,\"notNullable\":false,\"unsigned\":false},{\"name\":\"password\",\"type\":\"string\",\"args\":[],\"defaultTo\":null,\"notNullable\":false,\"unsigned\":false},{\"name\":\"reset_password_token\",\"type\":\"string\",\"args\":[],\"defaultTo\":null,\"notNullable\":false,\"unsigned\":false},{\"name\":\"registration_token\",\"type\":\"string\",\"args\":[],\"defaultTo\":null,\"notNullable\":false,\"unsigned\":false},{\"name\":\"is_active\",\"type\":\"boolean\",\"args\":[],\"defaultTo\":null,\"notNullable\":false,\"unsigned\":false},{\"name\":\"blocked\",\"type\":\"boolean\",\"args\":[],\"defaultTo\":null,\"notNullable\":false,\"unsigned\":false},{\"name\":\"prefered_language\",\"type\":\"string\",\"args\":[],\"defaultTo\":null,\"notNullable\":false,\"unsigned\":false},{\"name\":\"created_at\",\"type\":\"datetime\",\"args\":[{\"useTz\":false,\"precision\":6}],\"defaultTo\":null,\"notNullable\":false,\"unsigned\":false},{\"name\":\"updated_at\",\"type\":\"datetime\",\"args\":[{\"useTz\":false,\"precision\":6}],\"defaultTo\":null,\"notNullable\":false,\"unsigned\":false},{\"name\":\"created_by_id\",\"type\":\"integer\",\"args\":[],\"defaultTo\":null,\"notNullable\":false,\"unsigned\":true},{\"name\":\"updated_by_id\",\"type\":\"integer\",\"args\":[],\"defaultTo\":null,\"notNullable\":false,\"unsigned\":true}]},{\"name\":\"admin_roles\",\"indexes\":[{\"name\":\"admin_roles_created_by_id_fk\",\"columns\":[\"created_by_id\"]},{\"name\":\"admin_roles_updated_by_id_fk\",\"columns\":[\"updated_by_id\"]}],\"foreignKeys\":[{\"name\":\"admin_roles_created_by_id_fk\",\"columns\":[\"created_by_id\"],\"referencedTable\":\"admin_users\",\"referencedColumns\":[\"id\"],\"onDelete\":\"SET NULL\"},{\"name\":\"admin_roles_updated_by_id_fk\",\"columns\":[\"updated_by_id\"],\"referencedTable\":\"admin_users\",\"referencedColumns\":[\"id\"],\"onDelete\":\"SET NULL\"}],\"columns\":[{\"name\":\"id\",\"type\":\"increments\",\"args\":[{\"primary\":true,\"primaryKey\":true}],\"defaultTo\":null,\"notNullable\":true,\"unsigned\":false},{\"name\":\"name\",\"type\":\"string\",\"args\":[],\"defaultTo\":null,\"notNullable\":false,\"unsigned\":false},{\"name\":\"code\",\"type\":\"string\",\"args\":[],\"defaultTo\":null,\"notNullable\":false,\"unsigned\":false},{\"name\":\"description\",\"type\":\"string\",\"args\":[],\"defaultTo\":null,\"notNullable\":false,\"unsigned\":false},{\"name\":\"created_at\",\"type\":\"datetime\",\"args\":[{\"useTz\":false,\"precision\":6}],\"defaultTo\":null,\"notNullable\":false,\"unsigned\":false},{\"name\":\"updated_at\",\"type\":\"datetime\",\"args\":[{\"useTz\":false,\"precision\":6}],\"defaultTo\":null,\"notNullable\":false,\"unsigned\":false},{\"name\":\"created_by_id\",\"type\":\"integer\",\"args\":[],\"defaultTo\":null,\"notNullable\":false,\"unsigned\":true},{\"name\":\"updated_by_id\",\"type\":\"integer\",\"args\":[],\"defaultTo\":null,\"notNullable\":false,\"unsigned\":true}]},{\"name\":\"strapi_api_tokens\",\"indexes\":[{\"name\":\"strapi_api_tokens_created_by_id_fk\",\"columns\":[\"created_by_id\"]},{\"name\":\"strapi_api_tokens_updated_by_id_fk\",\"columns\":[\"updated_by_id\"]}],\"foreignKeys\":[{\"name\":\"strapi_api_tokens_created_by_id_fk\",\"columns\":[\"created_by_id\"],\"referencedTable\":\"admin_users\",\"referencedColumns\":[\"id\"],\"onDelete\":\"SET NULL\"},{\"name\":\"strapi_api_tokens_updated_by_id_fk\",\"columns\":[\"updated_by_id\"],\"referencedTable\":\"admin_users\",\"referencedColumns\":[\"id\"],\"onDelete\":\"SET NULL\"}],\"columns\":[{\"name\":\"id\",\"type\":\"increments\",\"args\":[{\"primary\":true,\"primaryKey\":true}],\"defaultTo\":null,\"notNullable\":true,\"unsigned\":false},{\"name\":\"name\",\"type\":\"string\",\"args\":[],\"defaultTo\":null,\"notNullable\":false,\"unsigned\":false},{\"name\":\"description\",\"type\":\"string\",\"args\":[],\"defaultTo\":null,\"notNullable\":false,\"unsigned\":false},{\"name\":\"type\",\"type\":\"string\",\"args\":[],\"defaultTo\":null,\"notNullable\":false,\"unsigned\":false},{\"name\":\"access_key\",\"type\":\"string\",\"args\":[],\"defaultTo\":null,\"notNullable\":false,\"unsigned\":false},{\"name\":\"last_used_at\",\"type\":\"datetime\",\"args\":[{\"useTz\":false,\"precision\":6}],\"defaultTo\":null,\"notNullable\":false,\"unsigned\":false},{\"name\":\"expires_at\",\"type\":\"datetime\",\"args\":[{\"useTz\":false,\"precision\":6}],\"defaultTo\":null,\"notNullable\":false,\"unsigned\":false},{\"name\":\"lifespan\",\"type\":\"bigInteger\",\"args\":[],\"defaultTo\":null,\"notNullable\":false,\"unsigned\":false},{\"name\":\"created_at\",\"type\":\"datetime\",\"args\":[{\"useTz\":false,\"precision\":6}],\"defaultTo\":null,\"notNullable\":false,\"unsigned\":false},{\"name\":\"updated_at\",\"type\":\"datetime\",\"args\":[{\"useTz\":false,\"precision\":6}],\"defaultTo\":null,\"notNullable\":false,\"unsigned\":false},{\"name\":\"created_by_id\",\"type\":\"integer\",\"args\":[],\"defaultTo\":null,\"notNullable\":false,\"unsigned\":true},{\"name\":\"updated_by_id\",\"type\":\"integer\",\"args\":[],\"defaultTo\":null,\"notNullable\":false,\"unsigned\":true}]},{\"name\":\"strapi_api_token_permissions\",\"indexes\":[{\"name\":\"strapi_api_token_permissions_created_by_id_fk\",\"columns\":[\"created_by_id\"]},{\"name\":\"strapi_api_token_permissions_updated_by_id_fk\",\"columns\":[\"updated_by_id\"]}],\"foreignKeys\":[{\"name\":\"strapi_api_token_permissions_created_by_id_fk\",\"columns\":[\"created_by_id\"],\"referencedTable\":\"admin_users\",\"referencedColumns\":[\"id\"],\"onDelete\":\"SET NULL\"},{\"name\":\"strapi_api_token_permissions_updated_by_id_fk\",\"columns\":[\"updated_by_id\"],\"referencedTable\":\"admin_users\",\"referencedColumns\":[\"id\"],\"onDelete\":\"SET NULL\"}],\"columns\":[{\"name\":\"id\",\"type\":\"increments\",\"args\":[{\"primary\":true,\"primaryKey\":true}],\"defaultTo\":null,\"notNullable\":true,\"unsigned\":false},{\"name\":\"action\",\"type\":\"string\",\"args\":[],\"defaultTo\":null,\"notNullable\":false,\"unsigned\":false},{\"name\":\"created_at\",\"type\":\"datetime\",\"args\":[{\"useTz\":false,\"precision\":6}],\"defaultTo\":null,\"notNullable\":false,\"unsigned\":false},{\"name\":\"updated_at\",\"type\":\"datetime\",\"args\":[{\"useTz\":false,\"precision\":6}],\"defaultTo\":null,\"notNullable\":false,\"unsigned\":false},{\"name\":\"created_by_id\",\"type\":\"integer\",\"args\":[],\"defaultTo\":null,\"notNullable\":false,\"unsigned\":true},{\"name\":\"updated_by_id\",\"type\":\"integer\",\"args\":[],\"defaultTo\":null,\"notNullable\":false,\"unsigned\":true}]},{\"name\":\"files\",\"indexes\":[{\"name\":\"upload_files_folder_path_index\",\"columns\":[\"folder_path\"],\"type\":null},{\"name\":\"upload_files_created_at_index\",\"columns\":[\"created_at\"],\"type\":null},{\"name\":\"upload_files_updated_at_index\",\"columns\":[\"updated_at\"],\"type\":null},{\"name\":\"upload_files_name_index\",\"columns\":[\"name\"],\"type\":null},{\"name\":\"upload_files_size_index\",\"columns\":[\"size\"],\"type\":null},{\"name\":\"upload_files_ext_index\",\"columns\":[\"ext\"],\"type\":null},{\"name\":\"files_created_by_id_fk\",\"columns\":[\"created_by_id\"]},{\"name\":\"files_updated_by_id_fk\",\"columns\":[\"updated_by_id\"]}],\"foreignKeys\":[{\"name\":\"files_created_by_id_fk\",\"columns\":[\"created_by_id\"],\"referencedTable\":\"admin_users\",\"referencedColumns\":[\"id\"],\"onDelete\":\"SET NULL\"},{\"name\":\"files_updated_by_id_fk\",\"columns\":[\"updated_by_id\"],\"referencedTable\":\"admin_users\",\"referencedColumns\":[\"id\"],\"onDelete\":\"SET NULL\"}],\"columns\":[{\"name\":\"id\",\"type\":\"increments\",\"args\":[{\"primary\":true,\"primaryKey\":true}],\"defaultTo\":null,\"notNullable\":true,\"unsigned\":false},{\"name\":\"name\",\"type\":\"string\",\"args\":[],\"defaultTo\":null,\"notNullable\":false,\"unsigned\":false},{\"name\":\"alternative_text\",\"type\":\"string\",\"args\":[],\"defaultTo\":null,\"notNullable\":false,\"unsigned\":false},{\"name\":\"caption\",\"type\":\"string\",\"args\":[],\"defaultTo\":null,\"notNullable\":false,\"unsigned\":false},{\"name\":\"width\",\"type\":\"integer\",\"args\":[],\"defaultTo\":null,\"notNullable\":false,\"unsigned\":false},{\"name\":\"height\",\"type\":\"integer\",\"args\":[],\"defaultTo\":null,\"notNullable\":false,\"unsigned\":false},{\"name\":\"formats\",\"type\":\"jsonb\",\"args\":[],\"defaultTo\":null,\"notNullable\":false,\"unsigned\":false},{\"name\":\"hash\",\"type\":\"string\",\"args\":[],\"defaultTo\":null,\"notNullable\":false,\"unsigned\":false},{\"name\":\"ext\",\"type\":\"string\",\"args\":[],\"defaultTo\":null,\"notNullable\":false,\"unsigned\":false},{\"name\":\"mime\",\"type\":\"string\",\"args\":[],\"defaultTo\":null,\"notNullable\":false,\"unsigned\":false},{\"name\":\"size\",\"type\":\"decimal\",\"args\":[10,2],\"defaultTo\":null,\"notNullable\":false,\"unsigned\":false},{\"name\":\"url\",\"type\":\"string\",\"args\":[],\"defaultTo\":null,\"notNullable\":false,\"unsigned\":false},{\"name\":\"preview_url\",\"type\":\"string\",\"args\":[],\"defaultTo\":null,\"notNullable\":false,\"unsigned\":false},{\"name\":\"provider\",\"type\":\"string\",\"args\":[],\"defaultTo\":null,\"notNullable\":false,\"unsigned\":false},{\"name\":\"provider_metadata\",\"type\":\"jsonb\",\"args\":[],\"defaultTo\":null,\"notNullable\":false,\"unsigned\":false},{\"name\":\"folder_path\",\"type\":\"string\",\"args\":[],\"defaultTo\":null,\"notNullable\":false,\"unsigned\":false},{\"name\":\"created_at\",\"type\":\"datetime\",\"args\":[{\"useTz\":false,\"precision\":6}],\"defaultTo\":null,\"notNullable\":false,\"unsigned\":false},{\"name\":\"updated_at\",\"type\":\"datetime\",\"args\":[{\"useTz\":false,\"precision\":6}],\"defaultTo\":null,\"notNullable\":false,\"unsigned\":false},{\"name\":\"created_by_id\",\"type\":\"integer\",\"args\":[],\"defaultTo\":null,\"notNullable\":false,\"unsigned\":true},{\"name\":\"updated_by_id\",\"type\":\"integer\",\"args\":[],\"defaultTo\":null,\"notNullable\":false,\"unsigned\":true}]},{\"name\":\"upload_folders\",\"indexes\":[{\"name\":\"upload_folders_path_id_index\",\"columns\":[\"path_id\"],\"type\":\"unique\"},{\"name\":\"upload_folders_path_index\",\"columns\":[\"path\"],\"type\":\"unique\"},{\"name\":\"upload_folders_created_by_id_fk\",\"columns\":[\"created_by_id\"]},{\"name\":\"upload_folders_updated_by_id_fk\",\"columns\":[\"updated_by_id\"]}],\"foreignKeys\":[{\"name\":\"upload_folders_created_by_id_fk\",\"columns\":[\"created_by_id\"],\"referencedTable\":\"admin_users\",\"referencedColumns\":[\"id\"],\"onDelete\":\"SET NULL\"},{\"name\":\"upload_folders_updated_by_id_fk\",\"columns\":[\"updated_by_id\"],\"referencedTable\":\"admin_users\",\"referencedColumns\":[\"id\"],\"onDelete\":\"SET NULL\"}],\"columns\":[{\"name\":\"id\",\"type\":\"increments\",\"args\":[{\"primary\":true,\"primaryKey\":true}],\"defaultTo\":null,\"notNullable\":true,\"unsigned\":false},{\"name\":\"name\",\"type\":\"string\",\"args\":[],\"defaultTo\":null,\"notNullable\":false,\"unsigned\":false},{\"name\":\"path_id\",\"type\":\"integer\",\"args\":[],\"defaultTo\":null,\"notNullable\":false,\"unsigned\":false},{\"name\":\"path\",\"type\":\"string\",\"args\":[],\"defaultTo\":null,\"notNullable\":false,\"unsigned\":false},{\"name\":\"created_at\",\"type\":\"datetime\",\"args\":[{\"useTz\":false,\"precision\":6}],\"defaultTo\":null,\"notNullable\":false,\"unsigned\":false},{\"name\":\"updated_at\",\"type\":\"datetime\",\"args\":[{\"useTz\":false,\"precision\":6}],\"defaultTo\":null,\"notNullable\":false,\"unsigned\":false},{\"name\":\"created_by_id\",\"type\":\"integer\",\"args\":[],\"defaultTo\":null,\"notNullable\":false,\"unsigned\":true},{\"name\":\"updated_by_id\",\"type\":\"integer\",\"args\":[],\"defaultTo\":null,\"notNullable\":false,\"unsigned\":true}]},{\"name\":\"up_permissions\",\"indexes\":[{\"name\":\"up_permissions_created_by_id_fk\",\"columns\":[\"created_by_id\"]},{\"name\":\"up_permissions_updated_by_id_fk\",\"columns\":[\"updated_by_id\"]}],\"foreignKeys\":[{\"name\":\"up_permissions_created_by_id_fk\",\"columns\":[\"created_by_id\"],\"referencedTable\":\"admin_users\",\"referencedColumns\":[\"id\"],\"onDelete\":\"SET NULL\"},{\"name\":\"up_permissions_updated_by_id_fk\",\"columns\":[\"updated_by_id\"],\"referencedTable\":\"admin_users\",\"referencedColumns\":[\"id\"],\"onDelete\":\"SET NULL\"}],\"columns\":[{\"name\":\"id\",\"type\":\"increments\",\"args\":[{\"primary\":true,\"primaryKey\":true}],\"defaultTo\":null,\"notNullable\":true,\"unsigned\":false},{\"name\":\"action\",\"type\":\"string\",\"args\":[],\"defaultTo\":null,\"notNullable\":false,\"unsigned\":false},{\"name\":\"created_at\",\"type\":\"datetime\",\"args\":[{\"useTz\":false,\"precision\":6}],\"defaultTo\":null,\"notNullable\":false,\"unsigned\":false},{\"name\":\"updated_at\",\"type\":\"datetime\",\"args\":[{\"useTz\":false,\"precision\":6}],\"defaultTo\":null,\"notNullable\":false,\"unsigned\":false},{\"name\":\"created_by_id\",\"type\":\"integer\",\"args\":[],\"defaultTo\":null,\"notNullable\":false,\"unsigned\":true},{\"name\":\"updated_by_id\",\"type\":\"integer\",\"args\":[],\"defaultTo\":null,\"notNullable\":false,\"unsigned\":true}]},{\"name\":\"up_roles\",\"indexes\":[{\"name\":\"up_roles_created_by_id_fk\",\"columns\":[\"created_by_id\"]},{\"name\":\"up_roles_updated_by_id_fk\",\"columns\":[\"updated_by_id\"]}],\"foreignKeys\":[{\"name\":\"up_roles_created_by_id_fk\",\"columns\":[\"created_by_id\"],\"referencedTable\":\"admin_users\",\"referencedColumns\":[\"id\"],\"onDelete\":\"SET NULL\"},{\"name\":\"up_roles_updated_by_id_fk\",\"columns\":[\"updated_by_id\"],\"referencedTable\":\"admin_users\",\"referencedColumns\":[\"id\"],\"onDelete\":\"SET NULL\"}],\"columns\":[{\"name\":\"id\",\"type\":\"increments\",\"args\":[{\"primary\":true,\"primaryKey\":true}],\"defaultTo\":null,\"notNullable\":true,\"unsigned\":false},{\"name\":\"name\",\"type\":\"string\",\"args\":[],\"defaultTo\":null,\"notNullable\":false,\"unsigned\":false},{\"name\":\"description\",\"type\":\"string\",\"args\":[],\"defaultTo\":null,\"notNullable\":false,\"unsigned\":false},{\"name\":\"type\",\"type\":\"string\",\"args\":[],\"defaultTo\":null,\"notNullable\":false,\"unsigned\":false},{\"name\":\"created_at\",\"type\":\"datetime\",\"args\":[{\"useTz\":false,\"precision\":6}],\"defaultTo\":null,\"notNullable\":false,\"unsigned\":false},{\"name\":\"updated_at\",\"type\":\"datetime\",\"args\":[{\"useTz\":false,\"precision\":6}],\"defaultTo\":null,\"notNullable\":false,\"unsigned\":false},{\"name\":\"created_by_id\",\"type\":\"integer\",\"args\":[],\"defaultTo\":null,\"notNullable\":false,\"unsigned\":true},{\"name\":\"updated_by_id\",\"type\":\"integer\",\"args\":[],\"defaultTo\":null,\"notNullable\":false,\"unsigned\":true}]},{\"name\":\"up_users\",\"indexes\":[{\"name\":\"up_users_created_by_id_fk\",\"columns\":[\"created_by_id\"]},{\"name\":\"up_users_updated_by_id_fk\",\"columns\":[\"updated_by_id\"]}],\"foreignKeys\":[{\"name\":\"up_users_created_by_id_fk\",\"columns\":[\"created_by_id\"],\"referencedTable\":\"admin_users\",\"referencedColumns\":[\"id\"],\"onDelete\":\"SET NULL\"},{\"name\":\"up_users_updated_by_id_fk\",\"columns\":[\"updated_by_id\"],\"referencedTable\":\"admin_users\",\"referencedColumns\":[\"id\"],\"onDelete\":\"SET NULL\"}],\"columns\":[{\"name\":\"id\",\"type\":\"increments\",\"args\":[{\"primary\":true,\"primaryKey\":true}],\"defaultTo\":null,\"notNullable\":true,\"unsigned\":false},{\"name\":\"username\",\"type\":\"string\",\"args\":[],\"defaultTo\":null,\"notNullable\":false,\"unsigned\":false},{\"name\":\"email\",\"type\":\"string\",\"args\":[],\"defaultTo\":null,\"notNullable\":false,\"unsigned\":false},{\"name\":\"provider\",\"type\":\"string\",\"args\":[],\"defaultTo\":null,\"notNullable\":false,\"unsigned\":false},{\"name\":\"password\",\"type\":\"string\",\"args\":[],\"defaultTo\":null,\"notNullable\":false,\"unsigned\":false},{\"name\":\"reset_password_token\",\"type\":\"string\",\"args\":[],\"defaultTo\":null,\"notNullable\":false,\"unsigned\":false},{\"name\":\"confirmation_token\",\"type\":\"string\",\"args\":[],\"defaultTo\":null,\"notNullable\":false,\"unsigned\":false},{\"name\":\"confirmed\",\"type\":\"boolean\",\"args\":[],\"defaultTo\":null,\"notNullable\":false,\"unsigned\":false},{\"name\":\"blocked\",\"type\":\"boolean\",\"args\":[],\"defaultTo\":null,\"notNullable\":false,\"unsigned\":false},{\"name\":\"created_at\",\"type\":\"datetime\",\"args\":[{\"useTz\":false,\"precision\":6}],\"defaultTo\":null,\"notNullable\":false,\"unsigned\":false},{\"name\":\"updated_at\",\"type\":\"datetime\",\"args\":[{\"useTz\":false,\"precision\":6}],\"defaultTo\":null,\"notNullable\":false,\"unsigned\":false},{\"name\":\"created_by_id\",\"type\":\"integer\",\"args\":[],\"defaultTo\":null,\"notNullable\":false,\"unsigned\":true},{\"name\":\"updated_by_id\",\"type\":\"integer\",\"args\":[],\"defaultTo\":null,\"notNullable\":false,\"unsigned\":true}]},{\"name\":\"i18n_locale\",\"indexes\":[{\"name\":\"i18n_locale_created_by_id_fk\",\"columns\":[\"created_by_id\"]},{\"name\":\"i18n_locale_updated_by_id_fk\",\"columns\":[\"updated_by_id\"]}],\"foreignKeys\":[{\"name\":\"i18n_locale_created_by_id_fk\",\"columns\":[\"created_by_id\"],\"referencedTable\":\"admin_users\",\"referencedColumns\":[\"id\"],\"onDelete\":\"SET NULL\"},{\"name\":\"i18n_locale_updated_by_id_fk\",\"columns\":[\"updated_by_id\"],\"referencedTable\":\"admin_users\",\"referencedColumns\":[\"id\"],\"onDelete\":\"SET NULL\"}],\"columns\":[{\"name\":\"id\",\"type\":\"increments\",\"args\":[{\"primary\":true,\"primaryKey\":true}],\"defaultTo\":null,\"notNullable\":true,\"unsigned\":false},{\"name\":\"name\",\"type\":\"string\",\"args\":[],\"defaultTo\":null,\"notNullable\":false,\"unsigned\":false},{\"name\":\"code\",\"type\":\"string\",\"args\":[],\"defaultTo\":null,\"notNullable\":false,\"unsigned\":false},{\"name\":\"created_at\",\"type\":\"datetime\",\"args\":[{\"useTz\":false,\"precision\":6}],\"defaultTo\":null,\"notNullable\":false,\"unsigned\":false},{\"name\":\"updated_at\",\"type\":\"datetime\",\"args\":[{\"useTz\":false,\"precision\":6}],\"defaultTo\":null,\"notNullable\":false,\"unsigned\":false},{\"name\":\"created_by_id\",\"type\":\"integer\",\"args\":[],\"defaultTo\":null,\"notNullable\":false,\"unsigned\":true},{\"name\":\"updated_by_id\",\"type\":\"integer\",\"args\":[],\"defaultTo\":null,\"notNullable\":false,\"unsigned\":true}]},{\"name\":\"carts\",\"indexes\":[{\"name\":\"carts_created_by_id_fk\",\"columns\":[\"created_by_id\"]},{\"name\":\"carts_updated_by_id_fk\",\"columns\":[\"updated_by_id\"]}],\"foreignKeys\":[{\"name\":\"carts_created_by_id_fk\",\"columns\":[\"created_by_id\"],\"referencedTable\":\"admin_users\",\"referencedColumns\":[\"id\"],\"onDelete\":\"SET NULL\"},{\"name\":\"carts_updated_by_id_fk\",\"columns\":[\"updated_by_id\"],\"referencedTable\":\"admin_users\",\"referencedColumns\":[\"id\"],\"onDelete\":\"SET NULL\"}],\"columns\":[{\"name\":\"id\",\"type\":\"increments\",\"args\":[{\"primary\":true,\"primaryKey\":true}],\"defaultTo\":null,\"notNullable\":true,\"unsigned\":false},{\"name\":\"user_name\",\"type\":\"string\",\"args\":[],\"defaultTo\":null,\"notNullable\":false,\"unsigned\":false},{\"name\":\"products\",\"type\":\"jsonb\",\"args\":[],\"defaultTo\":null,\"notNullable\":false,\"unsigned\":false},{\"name\":\"created_at\",\"type\":\"datetime\",\"args\":[{\"useTz\":false,\"precision\":6}],\"defaultTo\":null,\"notNullable\":false,\"unsigned\":false},{\"name\":\"updated_at\",\"type\":\"datetime\",\"args\":[{\"useTz\":false,\"precision\":6}],\"defaultTo\":null,\"notNullable\":false,\"unsigned\":false},{\"name\":\"published_at\",\"type\":\"datetime\",\"args\":[{\"useTz\":false,\"precision\":6}],\"defaultTo\":null,\"notNullable\":false,\"unsigned\":false},{\"name\":\"created_by_id\",\"type\":\"integer\",\"args\":[],\"defaultTo\":null,\"notNullable\":false,\"unsigned\":true},{\"name\":\"updated_by_id\",\"type\":\"integer\",\"args\":[],\"defaultTo\":null,\"notNullable\":false,\"unsigned\":true}]},{\"name\":\"categories\",\"indexes\":[{\"type\":\"unique\",\"name\":\"categories_cate_id_unique\",\"columns\":[\"cate_id\"]},{\"name\":\"categories_created_by_id_fk\",\"columns\":[\"created_by_id\"]},{\"name\":\"categories_updated_by_id_fk\",\"columns\":[\"updated_by_id\"]}],\"foreignKeys\":[{\"name\":\"categories_created_by_id_fk\",\"columns\":[\"created_by_id\"],\"referencedTable\":\"admin_users\",\"referencedColumns\":[\"id\"],\"onDelete\":\"SET NULL\"},{\"name\":\"categories_updated_by_id_fk\",\"columns\":[\"updated_by_id\"],\"referencedTable\":\"admin_users\",\"referencedColumns\":[\"id\"],\"onDelete\":\"SET NULL\"}],\"columns\":[{\"name\":\"id\",\"type\":\"increments\",\"args\":[{\"primary\":true,\"primaryKey\":true}],\"defaultTo\":null,\"notNullable\":true,\"unsigned\":false},{\"name\":\"title\",\"type\":\"string\",\"args\":[],\"defaultTo\":null,\"notNullable\":false,\"unsigned\":false},{\"name\":\"desc\",\"type\":\"text\",\"args\":[\"longtext\"],\"defaultTo\":null,\"notNullable\":false,\"unsigned\":false},{\"name\":\"isfeature\",\"type\":\"boolean\",\"args\":[],\"defaultTo\":null,\"notNullable\":false,\"unsigned\":false},{\"name\":\"cate_id\",\"type\":\"string\",\"args\":[],\"defaultTo\":null,\"notNullable\":false,\"unsigned\":false,\"unique\":true},{\"name\":\"created_at\",\"type\":\"datetime\",\"args\":[{\"useTz\":false,\"precision\":6}],\"defaultTo\":null,\"notNullable\":false,\"unsigned\":false},{\"name\":\"updated_at\",\"type\":\"datetime\",\"args\":[{\"useTz\":false,\"precision\":6}],\"defaultTo\":null,\"notNullable\":false,\"unsigned\":false},{\"name\":\"published_at\",\"type\":\"datetime\",\"args\":[{\"useTz\":false,\"precision\":6}],\"defaultTo\":null,\"notNullable\":false,\"unsigned\":false},{\"name\":\"created_by_id\",\"type\":\"integer\",\"args\":[],\"defaultTo\":null,\"notNullable\":false,\"unsigned\":true},{\"name\":\"updated_by_id\",\"type\":\"integer\",\"args\":[],\"defaultTo\":null,\"notNullable\":false,\"unsigned\":true}]},{\"name\":\"orders\",\"indexes\":[{\"type\":\"unique\",\"name\":\"orders_order_id_unique\",\"columns\":[\"order_id\"]},{\"name\":\"orders_created_by_id_fk\",\"columns\":[\"created_by_id\"]},{\"name\":\"orders_updated_by_id_fk\",\"columns\":[\"updated_by_id\"]}],\"foreignKeys\":[{\"name\":\"orders_created_by_id_fk\",\"columns\":[\"created_by_id\"],\"referencedTable\":\"admin_users\",\"referencedColumns\":[\"id\"],\"onDelete\":\"SET NULL\"},{\"name\":\"orders_updated_by_id_fk\",\"columns\":[\"updated_by_id\"],\"referencedTable\":\"admin_users\",\"referencedColumns\":[\"id\"],\"onDelete\":\"SET NULL\"}],\"columns\":[{\"name\":\"id\",\"type\":\"increments\",\"args\":[{\"primary\":true,\"primaryKey\":true}],\"defaultTo\":null,\"notNullable\":true,\"unsigned\":false},{\"name\":\"products\",\"type\":\"jsonb\",\"args\":[],\"defaultTo\":null,\"notNullable\":false,\"unsigned\":false},{\"name\":\"order_id\",\"type\":\"string\",\"args\":[],\"defaultTo\":null,\"notNullable\":false,\"unsigned\":false,\"unique\":true},{\"name\":\"user_name\",\"type\":\"string\",\"args\":[],\"defaultTo\":null,\"notNullable\":false,\"unsigned\":false},{\"name\":\"stripe_session_id\",\"type\":\"string\",\"args\":[],\"defaultTo\":null,\"notNullable\":false,\"unsigned\":false},{\"name\":\"created_at\",\"type\":\"datetime\",\"args\":[{\"useTz\":false,\"precision\":6}],\"defaultTo\":null,\"notNullable\":false,\"unsigned\":false},{\"name\":\"updated_at\",\"type\":\"datetime\",\"args\":[{\"useTz\":false,\"precision\":6}],\"defaultTo\":null,\"notNullable\":false,\"unsigned\":false},{\"name\":\"published_at\",\"type\":\"datetime\",\"args\":[{\"useTz\":false,\"precision\":6}],\"defaultTo\":null,\"notNullable\":false,\"unsigned\":false},{\"name\":\"created_by_id\",\"type\":\"integer\",\"args\":[],\"defaultTo\":null,\"notNullable\":false,\"unsigned\":true},{\"name\":\"updated_by_id\",\"type\":\"integer\",\"args\":[],\"defaultTo\":null,\"notNullable\":false,\"unsigned\":true}]},{\"name\":\"products\",\"indexes\":[{\"type\":\"unique\",\"name\":\"products_uid_unique\",\"columns\":[\"uid\"]},{\"name\":\"products_created_by_id_fk\",\"columns\":[\"created_by_id\"]},{\"name\":\"products_updated_by_id_fk\",\"columns\":[\"updated_by_id\"]}],\"foreignKeys\":[{\"name\":\"products_created_by_id_fk\",\"columns\":[\"created_by_id\"],\"referencedTable\":\"admin_users\",\"referencedColumns\":[\"id\"],\"onDelete\":\"SET NULL\"},{\"name\":\"products_updated_by_id_fk\",\"columns\":[\"updated_by_id\"],\"referencedTable\":\"admin_users\",\"referencedColumns\":[\"id\"],\"onDelete\":\"SET NULL\"}],\"columns\":[{\"name\":\"id\",\"type\":\"increments\",\"args\":[{\"primary\":true,\"primaryKey\":true}],\"defaultTo\":null,\"notNullable\":true,\"unsigned\":false},{\"name\":\"title\",\"type\":\"string\",\"args\":[],\"defaultTo\":null,\"notNullable\":false,\"unsigned\":false},{\"name\":\"shortdesc\",\"type\":\"text\",\"args\":[\"longtext\"],\"defaultTo\":null,\"notNullable\":false,\"unsigned\":false},{\"name\":\"long_desc\",\"type\":\"text\",\"args\":[\"longtext\"],\"defaultTo\":null,\"notNullable\":false,\"unsigned\":false},{\"name\":\"color\",\"type\":\"string\",\"args\":[],\"defaultTo\":null,\"notNullable\":false,\"unsigned\":false},{\"name\":\"regular_price\",\"type\":\"decimal\",\"args\":[10,2],\"defaultTo\":null,\"notNullable\":false,\"unsigned\":false},{\"name\":\"sale_price\",\"type\":\"decimal\",\"args\":[10,2],\"defaultTo\":null,\"notNullable\":false,\"unsigned\":false},{\"name\":\"uid\",\"type\":\"string\",\"args\":[],\"defaultTo\":null,\"notNullable\":false,\"unsigned\":false,\"unique\":true},{\"name\":\"isfeatured\",\"type\":\"boolean\",\"args\":[],\"defaultTo\":null,\"notNullable\":false,\"unsigned\":false},{\"name\":\"is_sale\",\"type\":\"boolean\",\"args\":[],\"defaultTo\":null,\"notNullable\":false,\"unsigned\":false},{\"name\":\"isstock\",\"type\":\"boolean\",\"args\":[],\"defaultTo\":null,\"notNullable\":false,\"unsigned\":false},{\"name\":\"stock_count\",\"type\":\"bigInteger\",\"args\":[],\"defaultTo\":null,\"notNullable\":false,\"unsigned\":false},{\"name\":\"created_at\",\"type\":\"datetime\",\"args\":[{\"useTz\":false,\"precision\":6}],\"defaultTo\":null,\"notNullable\":false,\"unsigned\":false},{\"name\":\"updated_at\",\"type\":\"datetime\",\"args\":[{\"useTz\":false,\"precision\":6}],\"defaultTo\":null,\"notNullable\":false,\"unsigned\":false},{\"name\":\"published_at\",\"type\":\"datetime\",\"args\":[{\"useTz\":false,\"precision\":6}],\"defaultTo\":null,\"notNullable\":false,\"unsigned\":false},{\"name\":\"created_by_id\",\"type\":\"integer\",\"args\":[],\"defaultTo\":null,\"notNullable\":false,\"unsigned\":true},{\"name\":\"updated_by_id\",\"type\":\"integer\",\"args\":[],\"defaultTo\":null,\"notNullable\":false,\"unsigned\":true}]},{\"name\":\"wishlists\",\"indexes\":[{\"name\":\"wishlists_created_by_id_fk\",\"columns\":[\"created_by_id\"]},{\"name\":\"wishlists_updated_by_id_fk\",\"columns\":[\"updated_by_id\"]}],\"foreignKeys\":[{\"name\":\"wishlists_created_by_id_fk\",\"columns\":[\"created_by_id\"],\"referencedTable\":\"admin_users\",\"referencedColumns\":[\"id\"],\"onDelete\":\"SET NULL\"},{\"name\":\"wishlists_updated_by_id_fk\",\"columns\":[\"updated_by_id\"],\"referencedTable\":\"admin_users\",\"referencedColumns\":[\"id\"],\"onDelete\":\"SET NULL\"}],\"columns\":[{\"name\":\"id\",\"type\":\"increments\",\"args\":[{\"primary\":true,\"primaryKey\":true}],\"defaultTo\":null,\"notNullable\":true,\"unsigned\":false},{\"name\":\"user\",\"type\":\"string\",\"args\":[],\"defaultTo\":null,\"notNullable\":false,\"unsigned\":false},{\"name\":\"wishlist_data\",\"type\":\"jsonb\",\"args\":[],\"defaultTo\":null,\"notNullable\":false,\"unsigned\":false},{\"name\":\"created_at\",\"type\":\"datetime\",\"args\":[{\"useTz\":false,\"precision\":6}],\"defaultTo\":null,\"notNullable\":false,\"unsigned\":false},{\"name\":\"updated_at\",\"type\":\"datetime\",\"args\":[{\"useTz\":false,\"precision\":6}],\"defaultTo\":null,\"notNullable\":false,\"unsigned\":false},{\"name\":\"published_at\",\"type\":\"datetime\",\"args\":[{\"useTz\":false,\"precision\":6}],\"defaultTo\":null,\"notNullable\":false,\"unsigned\":false},{\"name\":\"created_by_id\",\"type\":\"integer\",\"args\":[],\"defaultTo\":null,\"notNullable\":false,\"unsigned\":true},{\"name\":\"updated_by_id\",\"type\":\"integer\",\"args\":[],\"defaultTo\":null,\"notNullable\":false,\"unsigned\":true}]},{\"name\":\"admin_permissions_role_links\",\"indexes\":[{\"name\":\"admin_permissions_role_links_fk\",\"columns\":[\"permission_id\"]},{\"name\":\"admin_permissions_role_links_inv_fk\",\"columns\":[\"role_id\"]},{\"name\":\"admin_permissions_role_links_unique\",\"columns\":[\"permission_id\",\"role_id\"],\"type\":\"unique\"},{\"name\":\"admin_permissions_role_links_order_inv_fk\",\"columns\":[\"permission_order\"]}],\"foreignKeys\":[{\"name\":\"admin_permissions_role_links_fk\",\"columns\":[\"permission_id\"],\"referencedColumns\":[\"id\"],\"referencedTable\":\"admin_permissions\",\"onDelete\":\"CASCADE\"},{\"name\":\"admin_permissions_role_links_inv_fk\",\"columns\":[\"role_id\"],\"referencedColumns\":[\"id\"],\"referencedTable\":\"admin_roles\",\"onDelete\":\"CASCADE\"}],\"columns\":[{\"name\":\"id\",\"type\":\"increments\",\"args\":[{\"primary\":true,\"primaryKey\":true}],\"defaultTo\":null,\"notNullable\":true,\"unsigned\":false},{\"name\":\"permission_id\",\"type\":\"integer\",\"args\":[],\"defaultTo\":null,\"notNullable\":false,\"unsigned\":true},{\"name\":\"role_id\",\"type\":\"integer\",\"args\":[],\"defaultTo\":null,\"notNullable\":false,\"unsigned\":true},{\"name\":\"permission_order\",\"type\":\"integer\",\"args\":[],\"defaultTo\":null,\"notNullable\":false,\"unsigned\":true}]},{\"name\":\"admin_users_roles_links\",\"indexes\":[{\"name\":\"admin_users_roles_links_fk\",\"columns\":[\"user_id\"]},{\"name\":\"admin_users_roles_links_inv_fk\",\"columns\":[\"role_id\"]},{\"name\":\"admin_users_roles_links_unique\",\"columns\":[\"user_id\",\"role_id\"],\"type\":\"unique\"},{\"name\":\"admin_users_roles_links_order_fk\",\"columns\":[\"role_order\"]},{\"name\":\"admin_users_roles_links_order_inv_fk\",\"columns\":[\"user_order\"]}],\"foreignKeys\":[{\"name\":\"admin_users_roles_links_fk\",\"columns\":[\"user_id\"],\"referencedColumns\":[\"id\"],\"referencedTable\":\"admin_users\",\"onDelete\":\"CASCADE\"},{\"name\":\"admin_users_roles_links_inv_fk\",\"columns\":[\"role_id\"],\"referencedColumns\":[\"id\"],\"referencedTable\":\"admin_roles\",\"onDelete\":\"CASCADE\"}],\"columns\":[{\"name\":\"id\",\"type\":\"increments\",\"args\":[{\"primary\":true,\"primaryKey\":true}],\"defaultTo\":null,\"notNullable\":true,\"unsigned\":false},{\"name\":\"user_id\",\"type\":\"integer\",\"args\":[],\"defaultTo\":null,\"notNullable\":false,\"unsigned\":true},{\"name\":\"role_id\",\"type\":\"integer\",\"args\":[],\"defaultTo\":null,\"notNullable\":false,\"unsigned\":true},{\"name\":\"role_order\",\"type\":\"integer\",\"args\":[],\"defaultTo\":null,\"notNullable\":false,\"unsigned\":true},{\"name\":\"user_order\",\"type\":\"integer\",\"args\":[],\"defaultTo\":null,\"notNullable\":false,\"unsigned\":true}]},{\"name\":\"strapi_api_token_permissions_token_links\",\"indexes\":[{\"name\":\"strapi_api_token_permissions_token_links_fk\",\"columns\":[\"api_token_permission_id\"]},{\"name\":\"strapi_api_token_permissions_token_links_inv_fk\",\"columns\":[\"api_token_id\"]},{\"name\":\"strapi_api_token_permissions_token_links_unique\",\"columns\":[\"api_token_permission_id\",\"api_token_id\"],\"type\":\"unique\"},{\"name\":\"strapi_api_token_permissions_token_links_order_inv_fk\",\"columns\":[\"api_token_permission_order\"]}],\"foreignKeys\":[{\"name\":\"strapi_api_token_permissions_token_links_fk\",\"columns\":[\"api_token_permission_id\"],\"referencedColumns\":[\"id\"],\"referencedTable\":\"strapi_api_token_permissions\",\"onDelete\":\"CASCADE\"},{\"name\":\"strapi_api_token_permissions_token_links_inv_fk\",\"columns\":[\"api_token_id\"],\"referencedColumns\":[\"id\"],\"referencedTable\":\"strapi_api_tokens\",\"onDelete\":\"CASCADE\"}],\"columns\":[{\"name\":\"id\",\"type\":\"increments\",\"args\":[{\"primary\":true,\"primaryKey\":true}],\"defaultTo\":null,\"notNullable\":true,\"unsigned\":false},{\"name\":\"api_token_permission_id\",\"type\":\"integer\",\"args\":[],\"defaultTo\":null,\"notNullable\":false,\"unsigned\":true},{\"name\":\"api_token_id\",\"type\":\"integer\",\"args\":[],\"defaultTo\":null,\"notNullable\":false,\"unsigned\":true},{\"name\":\"api_token_permission_order\",\"type\":\"integer\",\"args\":[],\"defaultTo\":null,\"notNullable\":false,\"unsigned\":true}]},{\"name\":\"files_related_morphs\",\"indexes\":[{\"name\":\"files_related_morphs_fk\",\"columns\":[\"file_id\"]}],\"foreignKeys\":[{\"name\":\"files_related_morphs_fk\",\"columns\":[\"file_id\"],\"referencedColumns\":[\"id\"],\"referencedTable\":\"files\",\"onDelete\":\"CASCADE\"}],\"columns\":[{\"name\":\"id\",\"type\":\"increments\",\"args\":[{\"primary\":true,\"primaryKey\":true}],\"defaultTo\":null,\"notNullable\":true,\"unsigned\":false},{\"name\":\"file_id\",\"type\":\"integer\",\"args\":[],\"defaultTo\":null,\"notNullable\":false,\"unsigned\":true},{\"name\":\"related_id\",\"type\":\"integer\",\"args\":[],\"defaultTo\":null,\"notNullable\":false,\"unsigned\":true},{\"name\":\"related_type\",\"type\":\"string\",\"args\":[],\"defaultTo\":null,\"notNullable\":false,\"unsigned\":false},{\"name\":\"field\",\"type\":\"string\",\"args\":[],\"defaultTo\":null,\"notNullable\":false,\"unsigned\":false},{\"name\":\"order\",\"type\":\"integer\",\"args\":[],\"defaultTo\":null,\"notNullable\":false,\"unsigned\":true}]},{\"name\":\"files_folder_links\",\"indexes\":[{\"name\":\"files_folder_links_fk\",\"columns\":[\"file_id\"]},{\"name\":\"files_folder_links_inv_fk\",\"columns\":[\"folder_id\"]},{\"name\":\"files_folder_links_unique\",\"columns\":[\"file_id\",\"folder_id\"],\"type\":\"unique\"},{\"name\":\"files_folder_links_order_inv_fk\",\"columns\":[\"file_order\"]}],\"foreignKeys\":[{\"name\":\"files_folder_links_fk\",\"columns\":[\"file_id\"],\"referencedColumns\":[\"id\"],\"referencedTable\":\"files\",\"onDelete\":\"CASCADE\"},{\"name\":\"files_folder_links_inv_fk\",\"columns\":[\"folder_id\"],\"referencedColumns\":[\"id\"],\"referencedTable\":\"upload_folders\",\"onDelete\":\"CASCADE\"}],\"columns\":[{\"name\":\"id\",\"type\":\"increments\",\"args\":[{\"primary\":true,\"primaryKey\":true}],\"defaultTo\":null,\"notNullable\":true,\"unsigned\":false},{\"name\":\"file_id\",\"type\":\"integer\",\"args\":[],\"defaultTo\":null,\"notNullable\":false,\"unsigned\":true},{\"name\":\"folder_id\",\"type\":\"integer\",\"args\":[],\"defaultTo\":null,\"notNullable\":false,\"unsigned\":true},{\"name\":\"file_order\",\"type\":\"integer\",\"args\":[],\"defaultTo\":null,\"notNullable\":false,\"unsigned\":true}]},{\"name\":\"upload_folders_parent_links\",\"indexes\":[{\"name\":\"upload_folders_parent_links_fk\",\"columns\":[\"folder_id\"]},{\"name\":\"upload_folders_parent_links_inv_fk\",\"columns\":[\"inv_folder_id\"]},{\"name\":\"upload_folders_parent_links_unique\",\"columns\":[\"folder_id\",\"inv_folder_id\"],\"type\":\"unique\"},{\"name\":\"upload_folders_parent_links_order_inv_fk\",\"columns\":[\"folder_order\"]}],\"foreignKeys\":[{\"name\":\"upload_folders_parent_links_fk\",\"columns\":[\"folder_id\"],\"referencedColumns\":[\"id\"],\"referencedTable\":\"upload_folders\",\"onDelete\":\"CASCADE\"},{\"name\":\"upload_folders_parent_links_inv_fk\",\"columns\":[\"inv_folder_id\"],\"referencedColumns\":[\"id\"],\"referencedTable\":\"upload_folders\",\"onDelete\":\"CASCADE\"}],\"columns\":[{\"name\":\"id\",\"type\":\"increments\",\"args\":[{\"primary\":true,\"primaryKey\":true}],\"defaultTo\":null,\"notNullable\":true,\"unsigned\":false},{\"name\":\"folder_id\",\"type\":\"integer\",\"args\":[],\"defaultTo\":null,\"notNullable\":false,\"unsigned\":true},{\"name\":\"inv_folder_id\",\"type\":\"integer\",\"args\":[],\"defaultTo\":null,\"notNullable\":false,\"unsigned\":true},{\"name\":\"folder_order\",\"type\":\"integer\",\"args\":[],\"defaultTo\":null,\"notNullable\":false,\"unsigned\":true}]},{\"name\":\"up_permissions_role_links\",\"indexes\":[{\"name\":\"up_permissions_role_links_fk\",\"columns\":[\"permission_id\"]},{\"name\":\"up_permissions_role_links_inv_fk\",\"columns\":[\"role_id\"]},{\"name\":\"up_permissions_role_links_unique\",\"columns\":[\"permission_id\",\"role_id\"],\"type\":\"unique\"},{\"name\":\"up_permissions_role_links_order_inv_fk\",\"columns\":[\"permission_order\"]}],\"foreignKeys\":[{\"name\":\"up_permissions_role_links_fk\",\"columns\":[\"permission_id\"],\"referencedColumns\":[\"id\"],\"referencedTable\":\"up_permissions\",\"onDelete\":\"CASCADE\"},{\"name\":\"up_permissions_role_links_inv_fk\",\"columns\":[\"role_id\"],\"referencedColumns\":[\"id\"],\"referencedTable\":\"up_roles\",\"onDelete\":\"CASCADE\"}],\"columns\":[{\"name\":\"id\",\"type\":\"increments\",\"args\":[{\"primary\":true,\"primaryKey\":true}],\"defaultTo\":null,\"notNullable\":true,\"unsigned\":false},{\"name\":\"permission_id\",\"type\":\"integer\",\"args\":[],\"defaultTo\":null,\"notNullable\":false,\"unsigned\":true},{\"name\":\"role_id\",\"type\":\"integer\",\"args\":[],\"defaultTo\":null,\"notNullable\":false,\"unsigned\":true},{\"name\":\"permission_order\",\"type\":\"integer\",\"args\":[],\"defaultTo\":null,\"notNullable\":false,\"unsigned\":true}]},{\"name\":\"up_users_role_links\",\"indexes\":[{\"name\":\"up_users_role_links_fk\",\"columns\":[\"user_id\"]},{\"name\":\"up_users_role_links_inv_fk\",\"columns\":[\"role_id\"]},{\"name\":\"up_users_role_links_unique\",\"columns\":[\"user_id\",\"role_id\"],\"type\":\"unique\"},{\"name\":\"up_users_role_links_order_inv_fk\",\"columns\":[\"user_order\"]}],\"foreignKeys\":[{\"name\":\"up_users_role_links_fk\",\"columns\":[\"user_id\"],\"referencedColumns\":[\"id\"],\"referencedTable\":\"up_users\",\"onDelete\":\"CASCADE\"},{\"name\":\"up_users_role_links_inv_fk\",\"columns\":[\"role_id\"],\"referencedColumns\":[\"id\"],\"referencedTable\":\"up_roles\",\"onDelete\":\"CASCADE\"}],\"columns\":[{\"name\":\"id\",\"type\":\"increments\",\"args\":[{\"primary\":true,\"primaryKey\":true}],\"defaultTo\":null,\"notNullable\":true,\"unsigned\":false},{\"name\":\"user_id\",\"type\":\"integer\",\"args\":[],\"defaultTo\":null,\"notNullable\":false,\"unsigned\":true},{\"name\":\"role_id\",\"type\":\"integer\",\"args\":[],\"defaultTo\":null,\"notNullable\":false,\"unsigned\":true},{\"name\":\"user_order\",\"type\":\"integer\",\"args\":[],\"defaultTo\":null,\"notNullable\":false,\"unsigned\":true}]},{\"name\":\"products_categories_links\",\"indexes\":[{\"name\":\"products_categories_links_fk\",\"columns\":[\"product_id\"]},{\"name\":\"products_categories_links_inv_fk\",\"columns\":[\"category_id\"]},{\"name\":\"products_categories_links_unique\",\"columns\":[\"product_id\",\"category_id\"],\"type\":\"unique\"},{\"name\":\"products_categories_links_order_fk\",\"columns\":[\"category_order\"]},{\"name\":\"products_categories_links_order_inv_fk\",\"columns\":[\"product_order\"]}],\"foreignKeys\":[{\"name\":\"products_categories_links_fk\",\"columns\":[\"product_id\"],\"referencedColumns\":[\"id\"],\"referencedTable\":\"products\",\"onDelete\":\"CASCADE\"},{\"name\":\"products_categories_links_inv_fk\",\"columns\":[\"category_id\"],\"referencedColumns\":[\"id\"],\"referencedTable\":\"categories\",\"onDelete\":\"CASCADE\"}],\"columns\":[{\"name\":\"id\",\"type\":\"increments\",\"args\":[{\"primary\":true,\"primaryKey\":true}],\"defaultTo\":null,\"notNullable\":true,\"unsigned\":false},{\"name\":\"product_id\",\"type\":\"integer\",\"args\":[],\"defaultTo\":null,\"notNullable\":false,\"unsigned\":true},{\"name\":\"category_id\",\"type\":\"integer\",\"args\":[],\"defaultTo\":null,\"notNullable\":false,\"unsigned\":true},{\"name\":\"category_order\",\"type\":\"integer\",\"args\":[],\"defaultTo\":null,\"notNullable\":false,\"unsigned\":true},{\"name\":\"product_order\",\"type\":\"integer\",\"args\":[],\"defaultTo\":null,\"notNullable\":false,\"unsigned\":true}]}]}', '2023-01-23 10:16:10', '1a18478eeed37d02e5579e81ff6e94e3');

-- --------------------------------------------------------

--
-- Table structure for table `strapi_migrations`
--

CREATE TABLE `strapi_migrations` (
  `id` int(10) UNSIGNED NOT NULL,
  `name` varchar(255) DEFAULT NULL,
  `time` datetime DEFAULT NULL
) ENGINE=InnoDB DEFAULT CHARSET=utf8mb4 COLLATE=utf8mb4_general_ci;

-- --------------------------------------------------------

--
-- Table structure for table `strapi_webhooks`
--

CREATE TABLE `strapi_webhooks` (
  `id` int(10) UNSIGNED NOT NULL,
  `name` varchar(255) DEFAULT NULL,
  `url` longtext DEFAULT NULL,
  `headers` longtext CHARACTER SET utf8mb4 COLLATE utf8mb4_bin DEFAULT NULL CHECK (json_valid(`headers`)),
  `events` longtext CHARACTER SET utf8mb4 COLLATE utf8mb4_bin DEFAULT NULL CHECK (json_valid(`events`)),
  `enabled` tinyint(1) DEFAULT NULL
) ENGINE=InnoDB DEFAULT CHARSET=utf8mb4 COLLATE=utf8mb4_general_ci;

-- --------------------------------------------------------

--
-- Table structure for table `upload_folders`
--

CREATE TABLE `upload_folders` (
  `id` int(10) UNSIGNED NOT NULL,
  `name` varchar(255) DEFAULT NULL,
  `path_id` int(11) DEFAULT NULL,
  `path` varchar(255) DEFAULT NULL,
  `created_at` datetime(6) DEFAULT NULL,
  `updated_at` datetime(6) DEFAULT NULL,
  `created_by_id` int(10) UNSIGNED DEFAULT NULL,
  `updated_by_id` int(10) UNSIGNED DEFAULT NULL
) ENGINE=InnoDB DEFAULT CHARSET=utf8mb4 COLLATE=utf8mb4_general_ci;

-- --------------------------------------------------------

--
-- Table structure for table `upload_folders_parent_links`
--

CREATE TABLE `upload_folders_parent_links` (
  `id` int(10) UNSIGNED NOT NULL,
  `folder_id` int(10) UNSIGNED DEFAULT NULL,
  `inv_folder_id` int(10) UNSIGNED DEFAULT NULL,
  `folder_order` int(10) UNSIGNED DEFAULT NULL
) ENGINE=InnoDB DEFAULT CHARSET=utf8mb4 COLLATE=utf8mb4_general_ci;

-- --------------------------------------------------------

--
-- Table structure for table `up_permissions`
--

CREATE TABLE `up_permissions` (
  `id` int(10) UNSIGNED NOT NULL,
  `action` varchar(255) DEFAULT NULL,
  `created_at` datetime(6) DEFAULT NULL,
  `updated_at` datetime(6) DEFAULT NULL,
  `created_by_id` int(10) UNSIGNED DEFAULT NULL,
  `updated_by_id` int(10) UNSIGNED DEFAULT NULL
) ENGINE=InnoDB DEFAULT CHARSET=utf8mb4 COLLATE=utf8mb4_general_ci;

--
-- Dumping data for table `up_permissions`
--

INSERT INTO `up_permissions` (`id`, `action`, `created_at`, `updated_at`, `created_by_id`, `updated_by_id`) VALUES
(1, 'plugin::users-permissions.user.me', '2023-01-21 11:13:36.797000', '2023-01-21 11:13:36.797000', NULL, NULL),
(2, 'plugin::users-permissions.auth.changePassword', '2023-01-21 11:13:36.797000', '2023-01-21 11:13:36.797000', NULL, NULL),
(3, 'plugin::users-permissions.auth.callback', '2023-01-21 11:13:36.811000', '2023-01-21 11:13:36.811000', NULL, NULL),
(4, 'plugin::users-permissions.auth.connect', '2023-01-21 11:13:36.812000', '2023-01-21 11:13:36.812000', NULL, NULL),
(5, 'plugin::users-permissions.auth.forgotPassword', '2023-01-21 11:13:36.812000', '2023-01-21 11:13:36.812000', NULL, NULL),
(6, 'plugin::users-permissions.auth.resetPassword', '2023-01-21 11:13:36.812000', '2023-01-21 11:13:36.812000', NULL, NULL),
(7, 'plugin::users-permissions.auth.register', '2023-01-21 11:13:36.812000', '2023-01-21 11:13:36.812000', NULL, NULL),
(8, 'plugin::users-permissions.auth.emailConfirmation', '2023-01-21 11:13:36.812000', '2023-01-21 11:13:36.812000', NULL, NULL),
(9, 'plugin::users-permissions.auth.sendEmailConfirmation', '2023-01-21 11:13:36.812000', '2023-01-21 11:13:36.812000', NULL, NULL),
(10, 'api::cart.cart.findOne', '2023-01-22 13:00:46.700000', '2023-01-22 13:00:46.700000', NULL, NULL),
(11, 'api::cart.cart.create', '2023-01-22 13:00:46.700000', '2023-01-22 13:00:46.700000', NULL, NULL),
(12, 'api::cart.cart.update', '2023-01-22 13:00:46.700000', '2023-01-22 13:00:46.700000', NULL, NULL),
(13, 'api::cart.cart.delete', '2023-01-22 13:00:46.700000', '2023-01-22 13:00:46.700000', NULL, NULL),
(14, 'api::category.category.find', '2023-01-22 13:00:46.700000', '2023-01-22 13:00:46.700000', NULL, NULL),
(15, 'api::category.category.findOne', '2023-01-22 13:00:46.700000', '2023-01-22 13:00:46.700000', NULL, NULL),
(16, 'api::order.order.findOne', '2023-01-22 13:00:46.700000', '2023-01-22 13:00:46.700000', NULL, NULL),
(17, 'api::order.order.create', '2023-01-22 13:00:46.700000', '2023-01-22 13:00:46.700000', NULL, NULL),
(18, 'api::order.order.update', '2023-01-22 13:00:46.700000', '2023-01-22 13:00:46.700000', NULL, NULL),
(19, 'api::order.order.delete', '2023-01-22 13:00:46.700000', '2023-01-22 13:00:46.700000', NULL, NULL),
(20, 'api::product.product.find', '2023-01-22 13:00:46.700000', '2023-01-22 13:00:46.700000', NULL, NULL),
(21, 'api::product.product.findOne', '2023-01-22 13:00:46.700000', '2023-01-22 13:00:46.700000', NULL, NULL),
(22, 'plugin::content-type-builder.components.getComponents', '2023-01-22 13:00:46.700000', '2023-01-22 13:00:46.700000', NULL, NULL),
(23, 'plugin::content-type-builder.components.getComponent', '2023-01-22 13:00:46.700000', '2023-01-22 13:00:46.700000', NULL, NULL),
(24, 'plugin::content-type-builder.content-types.getContentTypes', '2023-01-22 13:00:46.700000', '2023-01-22 13:00:46.700000', NULL, NULL),
(25, 'plugin::content-type-builder.content-types.getContentType', '2023-01-22 13:00:46.700000', '2023-01-22 13:00:46.700000', NULL, NULL),
(26, 'plugin::upload.content-api.find', '2023-01-22 13:00:46.700000', '2023-01-22 13:00:46.700000', NULL, NULL),
(27, 'plugin::upload.content-api.findOne', '2023-01-22 13:00:46.700000', '2023-01-22 13:00:46.700000', NULL, NULL),
(28, 'plugin::users-permissions.auth.callback', '2023-01-22 13:00:46.700000', '2023-01-22 13:00:46.700000', NULL, NULL),
(29, 'plugin::users-permissions.auth.changePassword', '2023-01-22 13:00:46.700000', '2023-01-22 13:00:46.700000', NULL, NULL),
(30, 'plugin::users-permissions.auth.resetPassword', '2023-01-22 13:00:46.700000', '2023-01-22 13:00:46.700000', NULL, NULL),
(31, 'plugin::users-permissions.auth.connect', '2023-01-22 13:00:46.700000', '2023-01-22 13:00:46.700000', NULL, NULL),
(32, 'plugin::users-permissions.auth.forgotPassword', '2023-01-22 13:00:46.700000', '2023-01-22 13:00:46.700000', NULL, NULL),
(33, 'plugin::users-permissions.auth.register', '2023-01-22 13:00:46.701000', '2023-01-22 13:00:46.701000', NULL, NULL),
(34, 'plugin::users-permissions.auth.emailConfirmation', '2023-01-22 13:00:46.701000', '2023-01-22 13:00:46.701000', NULL, NULL),
(35, 'plugin::users-permissions.auth.sendEmailConfirmation', '2023-01-22 13:00:46.701000', '2023-01-22 13:00:46.701000', NULL, NULL),
(36, 'plugin::users-permissions.user.create', '2023-01-22 13:00:46.701000', '2023-01-22 13:00:46.701000', NULL, NULL),
(37, 'plugin::users-permissions.user.update', '2023-01-22 13:00:46.701000', '2023-01-22 13:00:46.701000', NULL, NULL),
(38, 'plugin::users-permissions.user.find', '2023-01-22 13:00:46.701000', '2023-01-22 13:00:46.701000', NULL, NULL),
(39, 'plugin::users-permissions.user.findOne', '2023-01-22 13:00:46.701000', '2023-01-22 13:00:46.701000', NULL, NULL),
(40, 'plugin::users-permissions.role.findOne', '2023-01-22 13:00:46.701000', '2023-01-22 13:00:46.701000', NULL, NULL),
(41, 'plugin::users-permissions.role.find', '2023-01-22 13:00:46.701000', '2023-01-22 13:00:46.701000', NULL, NULL),
(42, 'plugin::i18n.locales.listLocales', '2023-01-22 13:00:46.701000', '2023-01-22 13:00:46.701000', NULL, NULL);

-- --------------------------------------------------------

--
-- Table structure for table `up_permissions_role_links`
--

CREATE TABLE `up_permissions_role_links` (
  `id` int(10) UNSIGNED NOT NULL,
  `permission_id` int(10) UNSIGNED DEFAULT NULL,
  `role_id` int(10) UNSIGNED DEFAULT NULL,
  `permission_order` int(10) UNSIGNED DEFAULT NULL
) ENGINE=InnoDB DEFAULT CHARSET=utf8mb4 COLLATE=utf8mb4_general_ci;

--
-- Dumping data for table `up_permissions_role_links`
--

INSERT INTO `up_permissions_role_links` (`id`, `permission_id`, `role_id`, `permission_order`) VALUES
(1, 1, 1, 1),
(2, 2, 1, 1),
(3, 3, 2, 1),
(4, 5, 2, 1),
(5, 4, 2, 1),
(6, 7, 2, 1),
(7, 6, 2, 1),
(8, 8, 2, 1),
(9, 9, 2, 1),
(10, 16, 3, 1),
(11, 14, 3, 1),
(12, 12, 3, 1),
(13, 18, 3, 1),
(14, 11, 3, 1),
(15, 15, 3, 1),
(16, 19, 3, 1),
(17, 17, 3, 1),
(18, 10, 3, 1),
(19, 13, 3, 1),
(20, 20, 3, 2),
(21, 21, 3, 2),
(22, 22, 3, 2),
(23, 23, 3, 2),
(24, 24, 3, 2),
(25, 25, 3, 2),
(26, 26, 3, 2),
(27, 27, 3, 2),
(28, 28, 3, 2),
(29, 29, 3, 2),
(30, 30, 3, 3),
(31, 31, 3, 3),
(32, 32, 3, 3),
(33, 33, 3, 3),
(34, 34, 3, 3),
(35, 35, 3, 3),
(36, 36, 3, 3),
(37, 37, 3, 3),
(38, 38, 3, 3),
(39, 39, 3, 3),
(40, 40, 3, 4),
(41, 41, 3, 4),
(42, 42, 3, 4);

-- --------------------------------------------------------

--
-- Table structure for table `up_roles`
--

CREATE TABLE `up_roles` (
  `id` int(10) UNSIGNED NOT NULL,
  `name` varchar(255) DEFAULT NULL,
  `description` varchar(255) DEFAULT NULL,
  `type` varchar(255) DEFAULT NULL,
  `created_at` datetime(6) DEFAULT NULL,
  `updated_at` datetime(6) DEFAULT NULL,
  `created_by_id` int(10) UNSIGNED DEFAULT NULL,
  `updated_by_id` int(10) UNSIGNED DEFAULT NULL
) ENGINE=InnoDB DEFAULT CHARSET=utf8mb4 COLLATE=utf8mb4_general_ci;

--
-- Dumping data for table `up_roles`
--

INSERT INTO `up_roles` (`id`, `name`, `description`, `type`, `created_at`, `updated_at`, `created_by_id`, `updated_by_id`) VALUES
(1, 'Authenticated', 'Default role given to authenticated user.', 'authenticated', '2023-01-21 11:13:36.778000', '2023-01-21 11:13:36.778000', NULL, NULL),
(2, 'Public', 'Default role given to unauthenticated user.', 'public', '2023-01-21 11:13:36.785000', '2023-01-21 11:13:36.785000', NULL, NULL),
(3, 'Customer', 'is used for customer prodile Creation', 'customer', '2023-01-22 13:00:46.687000', '2023-01-22 13:00:46.687000', NULL, NULL);

-- --------------------------------------------------------

--
-- Table structure for table `up_users`
--

CREATE TABLE `up_users` (
  `id` int(10) UNSIGNED NOT NULL,
  `username` varchar(255) DEFAULT NULL,
  `email` varchar(255) DEFAULT NULL,
  `provider` varchar(255) DEFAULT NULL,
  `password` varchar(255) DEFAULT NULL,
  `reset_password_token` varchar(255) DEFAULT NULL,
  `confirmation_token` varchar(255) DEFAULT NULL,
  `confirmed` tinyint(1) DEFAULT NULL,
  `blocked` tinyint(1) DEFAULT NULL,
  `created_at` datetime(6) DEFAULT NULL,
  `updated_at` datetime(6) DEFAULT NULL,
  `created_by_id` int(10) UNSIGNED DEFAULT NULL,
  `updated_by_id` int(10) UNSIGNED DEFAULT NULL
) ENGINE=InnoDB DEFAULT CHARSET=utf8mb4 COLLATE=utf8mb4_general_ci;

--
-- Dumping data for table `up_users`
--

INSERT INTO `up_users` (`id`, `username`, `email`, `provider`, `password`, `reset_password_token`, `confirmation_token`, `confirmed`, `blocked`, `created_at`, `updated_at`, `created_by_id`, `updated_by_id`) VALUES
(1, 'test', 'kishor81160@gmail.com', 'local', '$2a$10$hJfX45.YF58HFbcHENygluOGiLhEq5HI22PLG.sn1PpA2wr5RuSTm', NULL, NULL, 1, 0, '2023-01-22 12:44:41.660000', '2023-01-22 12:45:12.434000', 1, 1),
(2, 'user1', 'test1@gmail.com', 'local', '$2a$10$yxPKsafrfZZEQjcGxqQaWu5qX8reW/xYSGKd4gmLU0QDBVDFOKT2C', NULL, NULL, 0, 0, '2023-01-22 12:51:13.422000', '2023-01-22 12:51:13.422000', 1, 1),
(3, 'asdasd', 'sdsf@gmail.com', 'local', '$2a$10$t6HjXWBwOJhgGJE2UwczAeVHJuGpETxDQzHbFOSV953fmWUYFrz8y', NULL, NULL, 0, 0, '2023-01-22 13:02:24.307000', '2023-01-22 13:02:24.307000', 1, 1);

-- --------------------------------------------------------

--
-- Table structure for table `up_users_role_links`
--

CREATE TABLE `up_users_role_links` (
  `id` int(10) UNSIGNED NOT NULL,
  `user_id` int(10) UNSIGNED DEFAULT NULL,
  `role_id` int(10) UNSIGNED DEFAULT NULL,
  `user_order` int(10) UNSIGNED DEFAULT NULL
) ENGINE=InnoDB DEFAULT CHARSET=utf8mb4 COLLATE=utf8mb4_general_ci;

--
-- Dumping data for table `up_users_role_links`
--

INSERT INTO `up_users_role_links` (`id`, `user_id`, `role_id`, `user_order`) VALUES
(1, 1, 1, 1),
(2, 2, 1, 2),
(3, 3, 3, 1);

-- --------------------------------------------------------

--
-- Table structure for table `wishlists`
--

CREATE TABLE `wishlists` (
  `id` int(10) UNSIGNED NOT NULL,
  `user` varchar(255) DEFAULT NULL,
  `wishlist_data` longtext CHARACTER SET utf8mb4 COLLATE utf8mb4_bin DEFAULT NULL CHECK (json_valid(`wishlist_data`)),
  `created_at` datetime(6) DEFAULT NULL,
  `updated_at` datetime(6) DEFAULT NULL,
  `published_at` datetime(6) DEFAULT NULL,
  `created_by_id` int(10) UNSIGNED DEFAULT NULL,
  `updated_by_id` int(10) UNSIGNED DEFAULT NULL
) ENGINE=InnoDB DEFAULT CHARSET=utf8mb4 COLLATE=utf8mb4_general_ci;

--
-- Dumping data for table `wishlists`
--

INSERT INTO `wishlists` (`id`, `user`, `wishlist_data`, `created_at`, `updated_at`, `published_at`, `created_by_id`, `updated_by_id`) VALUES
(1, 'kishor.sarkar', '[{\"id\":2,\"color\":\"yellow\",\"title\":\"baby Firl Playing in Mattress Having Cool\",\"desc\":\"Lorem Ipsum is simply dummy text of the printing and typesetting industry. Lorem Ipsum has been the industry\'s standard dummy text ever since the 1500s, when an unknown printer took a galley of type and scrambled it to make a type specimen book. It has survived not only five centuries, but also the leap into electronic typesetting, remaining essentially unchanged. It was popularised in the 1960s with the release of Letraset sheets containing Lorem Ipsum passages, and more recently with desktop publishing software like Aldus PageMaker including versions of Lorem Ipsum.\",\"image\":\"/uploads/premium_photo_1663956102270_060b19a7daef_5d4d255648.jpeg\",\"price\":999.99,\"quantity\":2},{\"id\":11,\"color\":\"yellow\",\"title\":\"Yellow hoody Sweater TShirt\",\"desc\":\"Donec sollicitudin molestie malesuada. Vivamus suscipit.\",\"image\":\"/uploads/christian_bolt_Whnb_NX_5ye_Jo_unsplash_1c0914fd5f.jpeg\",\"price\":124.99,\"quantity\":4}]', '2023-01-23 10:16:54.023000', '2023-01-23 10:16:55.024000', '2023-01-23 10:16:55.018000', 1, 1);

--
-- Indexes for dumped tables
--

--
-- Indexes for table `admin_permissions`
--
ALTER TABLE `admin_permissions`
  ADD PRIMARY KEY (`id`),
  ADD KEY `admin_permissions_created_by_id_fk` (`created_by_id`),
  ADD KEY `admin_permissions_updated_by_id_fk` (`updated_by_id`);

--
-- Indexes for table `admin_permissions_role_links`
--
ALTER TABLE `admin_permissions_role_links`
  ADD PRIMARY KEY (`id`),
  ADD UNIQUE KEY `admin_permissions_role_links_unique` (`permission_id`,`role_id`),
  ADD KEY `admin_permissions_role_links_fk` (`permission_id`),
  ADD KEY `admin_permissions_role_links_inv_fk` (`role_id`),
  ADD KEY `admin_permissions_role_links_order_inv_fk` (`permission_order`);

--
-- Indexes for table `admin_roles`
--
ALTER TABLE `admin_roles`
  ADD PRIMARY KEY (`id`),
  ADD KEY `admin_roles_created_by_id_fk` (`created_by_id`),
  ADD KEY `admin_roles_updated_by_id_fk` (`updated_by_id`);

--
-- Indexes for table `admin_users`
--
ALTER TABLE `admin_users`
  ADD PRIMARY KEY (`id`),
  ADD KEY `admin_users_created_by_id_fk` (`created_by_id`),
  ADD KEY `admin_users_updated_by_id_fk` (`updated_by_id`);

--
-- Indexes for table `admin_users_roles_links`
--
ALTER TABLE `admin_users_roles_links`
  ADD PRIMARY KEY (`id`),
  ADD UNIQUE KEY `admin_users_roles_links_unique` (`user_id`,`role_id`),
  ADD KEY `admin_users_roles_links_fk` (`user_id`),
  ADD KEY `admin_users_roles_links_inv_fk` (`role_id`),
  ADD KEY `admin_users_roles_links_order_fk` (`role_order`),
  ADD KEY `admin_users_roles_links_order_inv_fk` (`user_order`);

--
-- Indexes for table `carts`
--
ALTER TABLE `carts`
  ADD PRIMARY KEY (`id`),
  ADD KEY `carts_created_by_id_fk` (`created_by_id`),
  ADD KEY `carts_updated_by_id_fk` (`updated_by_id`);

--
-- Indexes for table `categories`
--
ALTER TABLE `categories`
  ADD PRIMARY KEY (`id`),
  ADD UNIQUE KEY `categories_cate_id_unique` (`cate_id`),
  ADD KEY `categories_created_by_id_fk` (`created_by_id`),
  ADD KEY `categories_updated_by_id_fk` (`updated_by_id`);

--
-- Indexes for table `files`
--
ALTER TABLE `files`
  ADD PRIMARY KEY (`id`),
  ADD KEY `upload_files_folder_path_index` (`folder_path`),
  ADD KEY `upload_files_created_at_index` (`created_at`),
  ADD KEY `upload_files_updated_at_index` (`updated_at`),
  ADD KEY `upload_files_name_index` (`name`),
  ADD KEY `upload_files_size_index` (`size`),
  ADD KEY `upload_files_ext_index` (`ext`),
  ADD KEY `files_created_by_id_fk` (`created_by_id`),
  ADD KEY `files_updated_by_id_fk` (`updated_by_id`);

--
-- Indexes for table `files_folder_links`
--
ALTER TABLE `files_folder_links`
  ADD PRIMARY KEY (`id`),
  ADD UNIQUE KEY `files_folder_links_unique` (`file_id`,`folder_id`),
  ADD KEY `files_folder_links_fk` (`file_id`),
  ADD KEY `files_folder_links_inv_fk` (`folder_id`),
  ADD KEY `files_folder_links_order_inv_fk` (`file_order`);

--
-- Indexes for table `files_related_morphs`
--
ALTER TABLE `files_related_morphs`
  ADD PRIMARY KEY (`id`),
  ADD KEY `files_related_morphs_fk` (`file_id`);

--
-- Indexes for table `i18n_locale`
--
ALTER TABLE `i18n_locale`
  ADD PRIMARY KEY (`id`),
  ADD KEY `i18n_locale_created_by_id_fk` (`created_by_id`),
  ADD KEY `i18n_locale_updated_by_id_fk` (`updated_by_id`);

--
-- Indexes for table `orders`
--
ALTER TABLE `orders`
  ADD PRIMARY KEY (`id`),
  ADD UNIQUE KEY `orders_order_id_unique` (`order_id`),
  ADD KEY `orders_created_by_id_fk` (`created_by_id`),
  ADD KEY `orders_updated_by_id_fk` (`updated_by_id`);

--
-- Indexes for table `products`
--
ALTER TABLE `products`
  ADD PRIMARY KEY (`id`),
  ADD UNIQUE KEY `products_uid_unique` (`uid`),
  ADD KEY `products_created_by_id_fk` (`created_by_id`),
  ADD KEY `products_updated_by_id_fk` (`updated_by_id`);

--
-- Indexes for table `products_categories_links`
--
ALTER TABLE `products_categories_links`
  ADD PRIMARY KEY (`id`),
  ADD UNIQUE KEY `products_categories_links_unique` (`product_id`,`category_id`),
  ADD KEY `products_categories_links_fk` (`product_id`),
  ADD KEY `products_categories_links_inv_fk` (`category_id`),
  ADD KEY `products_categories_links_order_fk` (`category_order`),
  ADD KEY `products_categories_links_order_inv_fk` (`product_order`);

--
-- Indexes for table `strapi_api_tokens`
--
ALTER TABLE `strapi_api_tokens`
  ADD PRIMARY KEY (`id`),
  ADD KEY `strapi_api_tokens_created_by_id_fk` (`created_by_id`),
  ADD KEY `strapi_api_tokens_updated_by_id_fk` (`updated_by_id`);

--
-- Indexes for table `strapi_api_token_permissions`
--
ALTER TABLE `strapi_api_token_permissions`
  ADD PRIMARY KEY (`id`),
  ADD KEY `strapi_api_token_permissions_created_by_id_fk` (`created_by_id`),
  ADD KEY `strapi_api_token_permissions_updated_by_id_fk` (`updated_by_id`);

--
-- Indexes for table `strapi_api_token_permissions_token_links`
--
ALTER TABLE `strapi_api_token_permissions_token_links`
  ADD PRIMARY KEY (`id`),
  ADD UNIQUE KEY `strapi_api_token_permissions_token_links_unique` (`api_token_permission_id`,`api_token_id`),
  ADD KEY `strapi_api_token_permissions_token_links_fk` (`api_token_permission_id`),
  ADD KEY `strapi_api_token_permissions_token_links_inv_fk` (`api_token_id`),
  ADD KEY `strapi_api_token_permissions_token_links_order_inv_fk` (`api_token_permission_order`);

--
-- Indexes for table `strapi_core_store_settings`
--
ALTER TABLE `strapi_core_store_settings`
  ADD PRIMARY KEY (`id`);

--
-- Indexes for table `strapi_database_schema`
--
ALTER TABLE `strapi_database_schema`
  ADD PRIMARY KEY (`id`);

--
-- Indexes for table `strapi_migrations`
--
ALTER TABLE `strapi_migrations`
  ADD PRIMARY KEY (`id`);

--
-- Indexes for table `strapi_webhooks`
--
ALTER TABLE `strapi_webhooks`
  ADD PRIMARY KEY (`id`);

--
-- Indexes for table `upload_folders`
--
ALTER TABLE `upload_folders`
  ADD PRIMARY KEY (`id`),
  ADD UNIQUE KEY `upload_folders_path_id_index` (`path_id`),
  ADD UNIQUE KEY `upload_folders_path_index` (`path`),
  ADD KEY `upload_folders_created_by_id_fk` (`created_by_id`),
  ADD KEY `upload_folders_updated_by_id_fk` (`updated_by_id`);

--
-- Indexes for table `upload_folders_parent_links`
--
ALTER TABLE `upload_folders_parent_links`
  ADD PRIMARY KEY (`id`),
  ADD UNIQUE KEY `upload_folders_parent_links_unique` (`folder_id`,`inv_folder_id`),
  ADD KEY `upload_folders_parent_links_fk` (`folder_id`),
  ADD KEY `upload_folders_parent_links_inv_fk` (`inv_folder_id`),
  ADD KEY `upload_folders_parent_links_order_inv_fk` (`folder_order`);

--
-- Indexes for table `up_permissions`
--
ALTER TABLE `up_permissions`
  ADD PRIMARY KEY (`id`),
  ADD KEY `up_permissions_created_by_id_fk` (`created_by_id`),
  ADD KEY `up_permissions_updated_by_id_fk` (`updated_by_id`);

--
-- Indexes for table `up_permissions_role_links`
--
ALTER TABLE `up_permissions_role_links`
  ADD PRIMARY KEY (`id`),
  ADD UNIQUE KEY `up_permissions_role_links_unique` (`permission_id`,`role_id`),
  ADD KEY `up_permissions_role_links_fk` (`permission_id`),
  ADD KEY `up_permissions_role_links_inv_fk` (`role_id`),
  ADD KEY `up_permissions_role_links_order_inv_fk` (`permission_order`);

--
-- Indexes for table `up_roles`
--
ALTER TABLE `up_roles`
  ADD PRIMARY KEY (`id`),
  ADD KEY `up_roles_created_by_id_fk` (`created_by_id`),
  ADD KEY `up_roles_updated_by_id_fk` (`updated_by_id`);

--
-- Indexes for table `up_users`
--
ALTER TABLE `up_users`
  ADD PRIMARY KEY (`id`),
  ADD KEY `up_users_created_by_id_fk` (`created_by_id`),
  ADD KEY `up_users_updated_by_id_fk` (`updated_by_id`);

--
-- Indexes for table `up_users_role_links`
--
ALTER TABLE `up_users_role_links`
  ADD PRIMARY KEY (`id`),
  ADD UNIQUE KEY `up_users_role_links_unique` (`user_id`,`role_id`),
  ADD KEY `up_users_role_links_fk` (`user_id`),
  ADD KEY `up_users_role_links_inv_fk` (`role_id`),
  ADD KEY `up_users_role_links_order_inv_fk` (`user_order`);

--
-- Indexes for table `wishlists`
--
ALTER TABLE `wishlists`
  ADD PRIMARY KEY (`id`),
  ADD KEY `wishlists_created_by_id_fk` (`created_by_id`),
  ADD KEY `wishlists_updated_by_id_fk` (`updated_by_id`);

--
-- AUTO_INCREMENT for dumped tables
--

--
-- AUTO_INCREMENT for table `admin_permissions`
--
ALTER TABLE `admin_permissions`
  MODIFY `id` int(10) UNSIGNED NOT NULL AUTO_INCREMENT, AUTO_INCREMENT=127;

--
-- AUTO_INCREMENT for table `admin_permissions_role_links`
--
ALTER TABLE `admin_permissions_role_links`
  MODIFY `id` int(10) UNSIGNED NOT NULL AUTO_INCREMENT, AUTO_INCREMENT=127;

--
-- AUTO_INCREMENT for table `admin_roles`
--
ALTER TABLE `admin_roles`
  MODIFY `id` int(10) UNSIGNED NOT NULL AUTO_INCREMENT, AUTO_INCREMENT=4;

--
-- AUTO_INCREMENT for table `admin_users`
--
ALTER TABLE `admin_users`
  MODIFY `id` int(10) UNSIGNED NOT NULL AUTO_INCREMENT, AUTO_INCREMENT=2;

--
-- AUTO_INCREMENT for table `admin_users_roles_links`
--
ALTER TABLE `admin_users_roles_links`
  MODIFY `id` int(10) UNSIGNED NOT NULL AUTO_INCREMENT, AUTO_INCREMENT=2;

--
-- AUTO_INCREMENT for table `carts`
--
ALTER TABLE `carts`
  MODIFY `id` int(10) UNSIGNED NOT NULL AUTO_INCREMENT, AUTO_INCREMENT=2;

--
-- AUTO_INCREMENT for table `categories`
--
ALTER TABLE `categories`
  MODIFY `id` int(10) UNSIGNED NOT NULL AUTO_INCREMENT, AUTO_INCREMENT=6;

--
-- AUTO_INCREMENT for table `files`
--
ALTER TABLE `files`
  MODIFY `id` int(10) UNSIGNED NOT NULL AUTO_INCREMENT, AUTO_INCREMENT=208;

--
-- AUTO_INCREMENT for table `files_folder_links`
--
ALTER TABLE `files_folder_links`
  MODIFY `id` int(10) UNSIGNED NOT NULL AUTO_INCREMENT;

--
-- AUTO_INCREMENT for table `files_related_morphs`
--
ALTER TABLE `files_related_morphs`
  MODIFY `id` int(10) UNSIGNED NOT NULL AUTO_INCREMENT, AUTO_INCREMENT=126;

--
-- AUTO_INCREMENT for table `i18n_locale`
--
ALTER TABLE `i18n_locale`
  MODIFY `id` int(10) UNSIGNED NOT NULL AUTO_INCREMENT, AUTO_INCREMENT=2;

--
-- AUTO_INCREMENT for table `orders`
--
ALTER TABLE `orders`
  MODIFY `id` int(10) UNSIGNED NOT NULL AUTO_INCREMENT;

--
-- AUTO_INCREMENT for table `products`
--
ALTER TABLE `products`
  MODIFY `id` int(10) UNSIGNED NOT NULL AUTO_INCREMENT, AUTO_INCREMENT=14;

--
-- AUTO_INCREMENT for table `products_categories_links`
--
ALTER TABLE `products_categories_links`
  MODIFY `id` int(10) UNSIGNED NOT NULL AUTO_INCREMENT, AUTO_INCREMENT=15;

--
-- AUTO_INCREMENT for table `strapi_api_tokens`
--
ALTER TABLE `strapi_api_tokens`
  MODIFY `id` int(10) UNSIGNED NOT NULL AUTO_INCREMENT, AUTO_INCREMENT=2;

--
-- AUTO_INCREMENT for table `strapi_api_token_permissions`
--
ALTER TABLE `strapi_api_token_permissions`
  MODIFY `id` int(10) UNSIGNED NOT NULL AUTO_INCREMENT, AUTO_INCREMENT=54;

--
-- AUTO_INCREMENT for table `strapi_api_token_permissions_token_links`
--
ALTER TABLE `strapi_api_token_permissions_token_links`
  MODIFY `id` int(10) UNSIGNED NOT NULL AUTO_INCREMENT, AUTO_INCREMENT=54;

--
-- AUTO_INCREMENT for table `strapi_core_store_settings`
--
ALTER TABLE `strapi_core_store_settings`
  MODIFY `id` int(10) UNSIGNED NOT NULL AUTO_INCREMENT, AUTO_INCREMENT=26;

--
-- AUTO_INCREMENT for table `strapi_database_schema`
--
ALTER TABLE `strapi_database_schema`
  MODIFY `id` int(10) UNSIGNED NOT NULL AUTO_INCREMENT, AUTO_INCREMENT=14;

--
-- AUTO_INCREMENT for table `strapi_migrations`
--
ALTER TABLE `strapi_migrations`
  MODIFY `id` int(10) UNSIGNED NOT NULL AUTO_INCREMENT;

--
-- AUTO_INCREMENT for table `strapi_webhooks`
--
ALTER TABLE `strapi_webhooks`
  MODIFY `id` int(10) UNSIGNED NOT NULL AUTO_INCREMENT;

--
-- AUTO_INCREMENT for table `upload_folders`
--
ALTER TABLE `upload_folders`
  MODIFY `id` int(10) UNSIGNED NOT NULL AUTO_INCREMENT;

--
-- AUTO_INCREMENT for table `upload_folders_parent_links`
--
ALTER TABLE `upload_folders_parent_links`
  MODIFY `id` int(10) UNSIGNED NOT NULL AUTO_INCREMENT;

--
-- AUTO_INCREMENT for table `up_permissions`
--
ALTER TABLE `up_permissions`
  MODIFY `id` int(10) UNSIGNED NOT NULL AUTO_INCREMENT, AUTO_INCREMENT=43;

--
-- AUTO_INCREMENT for table `up_permissions_role_links`
--
ALTER TABLE `up_permissions_role_links`
  MODIFY `id` int(10) UNSIGNED NOT NULL AUTO_INCREMENT, AUTO_INCREMENT=43;

--
-- AUTO_INCREMENT for table `up_roles`
--
ALTER TABLE `up_roles`
  MODIFY `id` int(10) UNSIGNED NOT NULL AUTO_INCREMENT, AUTO_INCREMENT=4;

--
-- AUTO_INCREMENT for table `up_users`
--
ALTER TABLE `up_users`
  MODIFY `id` int(10) UNSIGNED NOT NULL AUTO_INCREMENT, AUTO_INCREMENT=4;

--
-- AUTO_INCREMENT for table `up_users_role_links`
--
ALTER TABLE `up_users_role_links`
  MODIFY `id` int(10) UNSIGNED NOT NULL AUTO_INCREMENT, AUTO_INCREMENT=4;

--
-- AUTO_INCREMENT for table `wishlists`
--
ALTER TABLE `wishlists`
  MODIFY `id` int(10) UNSIGNED NOT NULL AUTO_INCREMENT, AUTO_INCREMENT=2;

--
-- Constraints for dumped tables
--

--
-- Constraints for table `admin_permissions`
--
ALTER TABLE `admin_permissions`
  ADD CONSTRAINT `admin_permissions_created_by_id_fk` FOREIGN KEY (`created_by_id`) REFERENCES `admin_users` (`id`) ON DELETE SET NULL,
  ADD CONSTRAINT `admin_permissions_updated_by_id_fk` FOREIGN KEY (`updated_by_id`) REFERENCES `admin_users` (`id`) ON DELETE SET NULL;

--
-- Constraints for table `admin_permissions_role_links`
--
ALTER TABLE `admin_permissions_role_links`
  ADD CONSTRAINT `admin_permissions_role_links_fk` FOREIGN KEY (`permission_id`) REFERENCES `admin_permissions` (`id`) ON DELETE CASCADE,
  ADD CONSTRAINT `admin_permissions_role_links_inv_fk` FOREIGN KEY (`role_id`) REFERENCES `admin_roles` (`id`) ON DELETE CASCADE;

--
-- Constraints for table `admin_roles`
--
ALTER TABLE `admin_roles`
  ADD CONSTRAINT `admin_roles_created_by_id_fk` FOREIGN KEY (`created_by_id`) REFERENCES `admin_users` (`id`) ON DELETE SET NULL,
  ADD CONSTRAINT `admin_roles_updated_by_id_fk` FOREIGN KEY (`updated_by_id`) REFERENCES `admin_users` (`id`) ON DELETE SET NULL;

--
-- Constraints for table `admin_users`
--
ALTER TABLE `admin_users`
  ADD CONSTRAINT `admin_users_created_by_id_fk` FOREIGN KEY (`created_by_id`) REFERENCES `admin_users` (`id`) ON DELETE SET NULL,
  ADD CONSTRAINT `admin_users_updated_by_id_fk` FOREIGN KEY (`updated_by_id`) REFERENCES `admin_users` (`id`) ON DELETE SET NULL;

--
-- Constraints for table `admin_users_roles_links`
--
ALTER TABLE `admin_users_roles_links`
  ADD CONSTRAINT `admin_users_roles_links_fk` FOREIGN KEY (`user_id`) REFERENCES `admin_users` (`id`) ON DELETE CASCADE,
  ADD CONSTRAINT `admin_users_roles_links_inv_fk` FOREIGN KEY (`role_id`) REFERENCES `admin_roles` (`id`) ON DELETE CASCADE;

--
-- Constraints for table `carts`
--
ALTER TABLE `carts`
  ADD CONSTRAINT `carts_created_by_id_fk` FOREIGN KEY (`created_by_id`) REFERENCES `admin_users` (`id`) ON DELETE SET NULL,
  ADD CONSTRAINT `carts_updated_by_id_fk` FOREIGN KEY (`updated_by_id`) REFERENCES `admin_users` (`id`) ON DELETE SET NULL;

--
-- Constraints for table `categories`
--
ALTER TABLE `categories`
  ADD CONSTRAINT `categories_created_by_id_fk` FOREIGN KEY (`created_by_id`) REFERENCES `admin_users` (`id`) ON DELETE SET NULL,
  ADD CONSTRAINT `categories_updated_by_id_fk` FOREIGN KEY (`updated_by_id`) REFERENCES `admin_users` (`id`) ON DELETE SET NULL;

--
-- Constraints for table `files`
--
ALTER TABLE `files`
  ADD CONSTRAINT `files_created_by_id_fk` FOREIGN KEY (`created_by_id`) REFERENCES `admin_users` (`id`) ON DELETE SET NULL,
  ADD CONSTRAINT `files_updated_by_id_fk` FOREIGN KEY (`updated_by_id`) REFERENCES `admin_users` (`id`) ON DELETE SET NULL;

--
-- Constraints for table `files_folder_links`
--
ALTER TABLE `files_folder_links`
  ADD CONSTRAINT `files_folder_links_fk` FOREIGN KEY (`file_id`) REFERENCES `files` (`id`) ON DELETE CASCADE,
  ADD CONSTRAINT `files_folder_links_inv_fk` FOREIGN KEY (`folder_id`) REFERENCES `upload_folders` (`id`) ON DELETE CASCADE;

--
-- Constraints for table `files_related_morphs`
--
ALTER TABLE `files_related_morphs`
  ADD CONSTRAINT `files_related_morphs_fk` FOREIGN KEY (`file_id`) REFERENCES `files` (`id`) ON DELETE CASCADE;

--
-- Constraints for table `i18n_locale`
--
ALTER TABLE `i18n_locale`
  ADD CONSTRAINT `i18n_locale_created_by_id_fk` FOREIGN KEY (`created_by_id`) REFERENCES `admin_users` (`id`) ON DELETE SET NULL,
  ADD CONSTRAINT `i18n_locale_updated_by_id_fk` FOREIGN KEY (`updated_by_id`) REFERENCES `admin_users` (`id`) ON DELETE SET NULL;

--
-- Constraints for table `orders`
--
ALTER TABLE `orders`
  ADD CONSTRAINT `orders_created_by_id_fk` FOREIGN KEY (`created_by_id`) REFERENCES `admin_users` (`id`) ON DELETE SET NULL,
  ADD CONSTRAINT `orders_updated_by_id_fk` FOREIGN KEY (`updated_by_id`) REFERENCES `admin_users` (`id`) ON DELETE SET NULL;

--
-- Constraints for table `products`
--
ALTER TABLE `products`
  ADD CONSTRAINT `products_created_by_id_fk` FOREIGN KEY (`created_by_id`) REFERENCES `admin_users` (`id`) ON DELETE SET NULL,
  ADD CONSTRAINT `products_updated_by_id_fk` FOREIGN KEY (`updated_by_id`) REFERENCES `admin_users` (`id`) ON DELETE SET NULL;

--
-- Constraints for table `products_categories_links`
--
ALTER TABLE `products_categories_links`
  ADD CONSTRAINT `products_categories_links_fk` FOREIGN KEY (`product_id`) REFERENCES `products` (`id`) ON DELETE CASCADE,
  ADD CONSTRAINT `products_categories_links_inv_fk` FOREIGN KEY (`category_id`) REFERENCES `categories` (`id`) ON DELETE CASCADE;

--
-- Constraints for table `strapi_api_tokens`
--
ALTER TABLE `strapi_api_tokens`
  ADD CONSTRAINT `strapi_api_tokens_created_by_id_fk` FOREIGN KEY (`created_by_id`) REFERENCES `admin_users` (`id`) ON DELETE SET NULL,
  ADD CONSTRAINT `strapi_api_tokens_updated_by_id_fk` FOREIGN KEY (`updated_by_id`) REFERENCES `admin_users` (`id`) ON DELETE SET NULL;

--
-- Constraints for table `strapi_api_token_permissions`
--
ALTER TABLE `strapi_api_token_permissions`
  ADD CONSTRAINT `strapi_api_token_permissions_created_by_id_fk` FOREIGN KEY (`created_by_id`) REFERENCES `admin_users` (`id`) ON DELETE SET NULL,
  ADD CONSTRAINT `strapi_api_token_permissions_updated_by_id_fk` FOREIGN KEY (`updated_by_id`) REFERENCES `admin_users` (`id`) ON DELETE SET NULL;

--
-- Constraints for table `strapi_api_token_permissions_token_links`
--
ALTER TABLE `strapi_api_token_permissions_token_links`
  ADD CONSTRAINT `strapi_api_token_permissions_token_links_fk` FOREIGN KEY (`api_token_permission_id`) REFERENCES `strapi_api_token_permissions` (`id`) ON DELETE CASCADE,
  ADD CONSTRAINT `strapi_api_token_permissions_token_links_inv_fk` FOREIGN KEY (`api_token_id`) REFERENCES `strapi_api_tokens` (`id`) ON DELETE CASCADE;

--
-- Constraints for table `upload_folders`
--
ALTER TABLE `upload_folders`
  ADD CONSTRAINT `upload_folders_created_by_id_fk` FOREIGN KEY (`created_by_id`) REFERENCES `admin_users` (`id`) ON DELETE SET NULL,
  ADD CONSTRAINT `upload_folders_updated_by_id_fk` FOREIGN KEY (`updated_by_id`) REFERENCES `admin_users` (`id`) ON DELETE SET NULL;

--
-- Constraints for table `upload_folders_parent_links`
--
ALTER TABLE `upload_folders_parent_links`
  ADD CONSTRAINT `upload_folders_parent_links_fk` FOREIGN KEY (`folder_id`) REFERENCES `upload_folders` (`id`) ON DELETE CASCADE,
  ADD CONSTRAINT `upload_folders_parent_links_inv_fk` FOREIGN KEY (`inv_folder_id`) REFERENCES `upload_folders` (`id`) ON DELETE CASCADE;

--
-- Constraints for table `up_permissions`
--
ALTER TABLE `up_permissions`
  ADD CONSTRAINT `up_permissions_created_by_id_fk` FOREIGN KEY (`created_by_id`) REFERENCES `admin_users` (`id`) ON DELETE SET NULL,
  ADD CONSTRAINT `up_permissions_updated_by_id_fk` FOREIGN KEY (`updated_by_id`) REFERENCES `admin_users` (`id`) ON DELETE SET NULL;

--
-- Constraints for table `up_permissions_role_links`
--
ALTER TABLE `up_permissions_role_links`
  ADD CONSTRAINT `up_permissions_role_links_fk` FOREIGN KEY (`permission_id`) REFERENCES `up_permissions` (`id`) ON DELETE CASCADE,
  ADD CONSTRAINT `up_permissions_role_links_inv_fk` FOREIGN KEY (`role_id`) REFERENCES `up_roles` (`id`) ON DELETE CASCADE;

--
-- Constraints for table `up_roles`
--
ALTER TABLE `up_roles`
  ADD CONSTRAINT `up_roles_created_by_id_fk` FOREIGN KEY (`created_by_id`) REFERENCES `admin_users` (`id`) ON DELETE SET NULL,
  ADD CONSTRAINT `up_roles_updated_by_id_fk` FOREIGN KEY (`updated_by_id`) REFERENCES `admin_users` (`id`) ON DELETE SET NULL;

--
-- Constraints for table `up_users`
--
ALTER TABLE `up_users`
  ADD CONSTRAINT `up_users_created_by_id_fk` FOREIGN KEY (`created_by_id`) REFERENCES `admin_users` (`id`) ON DELETE SET NULL,
  ADD CONSTRAINT `up_users_updated_by_id_fk` FOREIGN KEY (`updated_by_id`) REFERENCES `admin_users` (`id`) ON DELETE SET NULL;

--
-- Constraints for table `up_users_role_links`
--
ALTER TABLE `up_users_role_links`
  ADD CONSTRAINT `up_users_role_links_fk` FOREIGN KEY (`user_id`) REFERENCES `up_users` (`id`) ON DELETE CASCADE,
  ADD CONSTRAINT `up_users_role_links_inv_fk` FOREIGN KEY (`role_id`) REFERENCES `up_roles` (`id`) ON DELETE CASCADE;

--
-- Constraints for table `wishlists`
--
ALTER TABLE `wishlists`
  ADD CONSTRAINT `wishlists_created_by_id_fk` FOREIGN KEY (`created_by_id`) REFERENCES `admin_users` (`id`) ON DELETE SET NULL,
  ADD CONSTRAINT `wishlists_updated_by_id_fk` FOREIGN KEY (`updated_by_id`) REFERENCES `admin_users` (`id`) ON DELETE SET NULL;
COMMIT;

/*!40101 SET CHARACTER_SET_CLIENT=@OLD_CHARACTER_SET_CLIENT */;
/*!40101 SET CHARACTER_SET_RESULTS=@OLD_CHARACTER_SET_RESULTS */;
/*!40101 SET COLLATION_CONNECTION=@OLD_COLLATION_CONNECTION */;
